CREATE DATABASE  IF NOT EXISTS `sozin$lists` /*!40100 DEFAULT CHARACTER SET utf8 */;
USE `sozin$lists`;
-- MySQL dump 10.13  Distrib 5.6.13, for osx10.6 (i386)
--
-- Host: 127.0.0.1    Database: sozin$lists
-- ------------------------------------------------------
-- Server version	5.6.16

/*!40101 SET @OLD_CHARACTER_SET_CLIENT=@@CHARACTER_SET_CLIENT */;
/*!40101 SET @OLD_CHARACTER_SET_RESULTS=@@CHARACTER_SET_RESULTS */;
/*!40101 SET @OLD_COLLATION_CONNECTION=@@COLLATION_CONNECTION */;
/*!40101 SET NAMES utf8 */;
/*!40103 SET @OLD_TIME_ZONE=@@TIME_ZONE */;
/*!40103 SET TIME_ZONE='+00:00' */;
/*!40014 SET @OLD_UNIQUE_CHECKS=@@UNIQUE_CHECKS, UNIQUE_CHECKS=0 */;
/*!40014 SET @OLD_FOREIGN_KEY_CHECKS=@@FOREIGN_KEY_CHECKS, FOREIGN_KEY_CHECKS=0 */;
/*!40101 SET @OLD_SQL_MODE=@@SQL_MODE, SQL_MODE='NO_AUTO_VALUE_ON_ZERO' */;
/*!40111 SET @OLD_SQL_NOTES=@@SQL_NOTES, SQL_NOTES=0 */;

--
-- Table structure for table `list`
--

DROP TABLE IF EXISTS `list`;
/*!40101 SET @saved_cs_client     = @@character_set_client */;
/*!40101 SET character_set_client = utf8 */;
CREATE TABLE `list` (
  `id` int(11) NOT NULL AUTO_INCREMENT,
  `name` varchar(128) DEFAULT NULL,
  `faction` enum('Rebel','Imperial') DEFAULT NULL,
  `points` int(11) DEFAULT NULL,
  PRIMARY KEY (`id`)
) ENGINE=InnoDB AUTO_INCREMENT=325 DEFAULT CHARSET=utf8;
/*!40101 SET character_set_client = @saved_cs_client */;

--
-- Dumping data for table `list`
--

LOCK TABLES `list` WRITE;
/*!40000 ALTER TABLE `list` DISABLE KEYS */;
INSERT INTO `list` VALUES (1,NULL,'Imperial',99),(2,NULL,'Rebel',100),(3,NULL,'Rebel',100),(4,NULL,'Rebel',99),(5,NULL,'Imperial',98),(7,NULL,'Imperial',99),(9,NULL,'Rebel',98),(10,NULL,'Rebel',100),(11,NULL,'Rebel',100),(12,NULL,'Rebel',100),(13,NULL,'Rebel',100),(16,NULL,'Imperial',98),(18,NULL,'Rebel',100),(19,NULL,'Rebel',99),(20,NULL,'Imperial',99),(21,NULL,'Imperial',99),(22,NULL,'Imperial',99),(23,NULL,'Imperial',100),(25,NULL,'Imperial',100),(27,NULL,'Rebel',100),(28,NULL,'Imperial',100),(29,NULL,'Rebel',100),(30,NULL,'Rebel',100),(31,NULL,'Imperial',100),(32,NULL,'Rebel',99),(33,NULL,'Rebel',100),(34,NULL,'Imperial',99),(35,NULL,'Imperial',99),(36,NULL,'Rebel',99),(37,NULL,'Rebel',100),(38,NULL,'Imperial',100),(39,NULL,'Imperial',100),(41,NULL,'Rebel',99),(42,NULL,'Imperial',100),(43,NULL,'Rebel',100),(44,NULL,'Imperial',99),(45,NULL,'Rebel',98),(46,NULL,'Imperial',99),(47,NULL,'Imperial',99),(48,NULL,'Imperial',100),(49,NULL,'Rebel',99),(50,NULL,'Rebel',100),(51,NULL,'Rebel',98),(52,NULL,'Imperial',100),(53,NULL,'Rebel',100),(54,NULL,'Imperial',99),(55,NULL,'Imperial',100),(56,NULL,'Imperial',100),(57,NULL,'Imperial',100),(59,NULL,'Rebel',100),(60,NULL,'Imperial',97),(61,NULL,'Rebel',100),(64,NULL,'Imperial',100),(65,NULL,'Imperial',100),(66,NULL,'Rebel',99),(67,NULL,'Imperial',100),(68,NULL,'Rebel',100),(69,NULL,'Imperial',100),(70,NULL,'Rebel',99),(71,NULL,'Imperial',100),(72,NULL,'Imperial',100),(73,NULL,'Imperial',99),(74,NULL,'Imperial',98),(75,NULL,'Rebel',100),(76,NULL,'Rebel',100),(78,NULL,'Rebel',100),(79,NULL,'Imperial',98),(80,NULL,'Imperial',100),(81,NULL,'Imperial',100),(83,NULL,'Rebel',100),(84,NULL,'Rebel',100),(85,NULL,'Imperial',100),(86,NULL,'Rebel',100),(87,NULL,'Rebel',99),(88,NULL,'Imperial',100),(89,NULL,'Imperial',99),(90,NULL,'Imperial',100),(91,NULL,'Imperial',97),(92,NULL,'Rebel',100),(93,NULL,'Rebel',99),(94,NULL,'Imperial',100),(95,NULL,'Rebel',100),(96,NULL,'Rebel',100),(97,NULL,'Rebel',100),(98,NULL,'Rebel',99),(99,NULL,'Rebel',100),(100,NULL,'Imperial',100),(101,NULL,'Rebel',96),(102,NULL,'Imperial',98),(103,NULL,'Rebel',100),(104,NULL,'Imperial',98),(105,NULL,'Rebel',100),(106,NULL,'Rebel',100),(107,NULL,'Imperial',83),(108,NULL,'Rebel',100),(109,NULL,'Rebel',99),(110,NULL,'Rebel',100),(111,NULL,'Imperial',100),(112,NULL,'Rebel',100),(113,NULL,'Rebel',100),(114,NULL,'Rebel',100),(115,NULL,'Imperial',100),(116,NULL,'Imperial',100),(117,NULL,'Rebel',100),(118,NULL,'Imperial',100),(119,NULL,'Imperial',98),(120,NULL,'Rebel',100),(121,NULL,'Rebel',100),(122,NULL,'Imperial',99),(123,NULL,'Rebel',100),(124,NULL,'Rebel',100),(125,NULL,'Rebel',99),(126,NULL,'Rebel',99),(127,NULL,'Rebel',99),(128,NULL,'Rebel',100),(129,NULL,'Imperial',100),(130,NULL,'Rebel',100),(131,NULL,'Rebel',100),(132,NULL,'Rebel',99),(133,NULL,'Rebel',99),(134,NULL,'Rebel',100),(135,NULL,'Rebel',99),(136,NULL,'Rebel',100),(137,NULL,'Rebel',100),(138,NULL,'Imperial',100),(139,NULL,'Rebel',99),(140,NULL,'Rebel',100),(141,NULL,'Rebel',99),(142,NULL,'Rebel',99),(143,NULL,'Rebel',100),(144,NULL,'Rebel',100),(145,NULL,'Rebel',100),(146,NULL,'Imperial',100),(147,NULL,'Imperial',98),(148,NULL,'Rebel',99),(150,NULL,'Rebel',100),(151,NULL,'Rebel',100),(152,NULL,'Imperial',98),(153,NULL,'Imperial',98),(155,NULL,'Rebel',100),(156,NULL,'Rebel',100),(157,NULL,'Rebel',100),(158,NULL,'Rebel',100),(159,NULL,'Rebel',100),(160,NULL,'Rebel',97),(161,NULL,'Rebel',100),(162,NULL,'Imperial',100),(163,NULL,'Rebel',100),(164,NULL,'Imperial',100),(165,NULL,'Imperial',100),(166,NULL,'Imperial',100),(167,NULL,'Imperial',100),(168,NULL,'Rebel',100),(169,NULL,'Imperial',99),(170,NULL,'Imperial',100),(171,NULL,'Rebel',100),(172,NULL,'Rebel',100),(173,NULL,'Imperial',100),(174,NULL,'Imperial',100),(175,NULL,'Rebel',99),(176,NULL,'Rebel',99),(177,NULL,'Imperial',100),(178,NULL,'Rebel',100),(179,NULL,'Imperial',98),(180,NULL,'Imperial',100),(181,NULL,'Imperial',99),(182,NULL,'Rebel',100),(183,NULL,'Rebel',100),(184,NULL,'Imperial',100),(185,NULL,'Imperial',100),(187,NULL,'Rebel',99),(188,NULL,'Rebel',100),(189,NULL,'Imperial',98),(190,NULL,'Rebel',100),(191,NULL,'Rebel',96),(192,NULL,'Imperial',100),(193,NULL,'Imperial',100),(194,NULL,'Rebel',99),(195,NULL,'Rebel',100),(196,NULL,'Rebel',99),(197,NULL,'Imperial',99),(198,NULL,'Rebel',100),(199,NULL,'Rebel',100),(200,NULL,'Rebel',100),(202,NULL,'Rebel',100),(203,NULL,'Imperial',99),(205,NULL,'Rebel',100),(206,NULL,'Rebel',100),(207,NULL,'Rebel',100),(208,NULL,'Rebel',99),(209,NULL,'Rebel',99),(210,NULL,'Rebel',99),(211,NULL,'Rebel',100),(212,NULL,'Imperial',100),(213,NULL,'Rebel',100),(215,NULL,'Rebel',100),(216,NULL,'Rebel',100),(217,NULL,'Imperial',98),(218,NULL,'Imperial',99),(219,NULL,'Imperial',100),(220,NULL,'Imperial',100),(221,NULL,'Imperial',99),(223,NULL,'Rebel',98),(224,NULL,'Imperial',99),(225,NULL,'Rebel',99),(226,NULL,'Imperial',100),(227,NULL,'Rebel',100),(228,NULL,'Imperial',98),(229,NULL,'Rebel',99),(230,NULL,'Rebel',100),(231,NULL,'Imperial',100),(232,NULL,'Rebel',100),(233,NULL,'Imperial',100),(234,NULL,'Imperial',100),(235,NULL,'Rebel',100),(236,NULL,'Imperial',100),(237,NULL,'Rebel',100),(239,NULL,'Rebel',100),(240,NULL,'Rebel',100),(241,NULL,'Rebel',99),(242,NULL,'Rebel',100),(243,NULL,'Rebel',98),(244,NULL,'Imperial',100),(245,NULL,'Imperial',99),(246,NULL,'Rebel',99),(247,NULL,'Imperial',95),(248,NULL,'Imperial',100),(249,NULL,'Imperial',100),(250,NULL,'Rebel',100),(251,NULL,'Rebel',99),(252,NULL,'Imperial',98),(254,NULL,'Rebel',100),(255,NULL,'Rebel',100),(256,NULL,'Rebel',100),(257,NULL,'Imperial',100),(258,NULL,'Rebel',100),(259,NULL,'Imperial',95),(260,NULL,'Rebel',100),(261,NULL,'Rebel',99),(262,NULL,'Rebel',100),(263,NULL,'Rebel',100),(264,NULL,'Rebel',99),(265,NULL,'Imperial',100),(266,NULL,'Rebel',100),(267,NULL,'Rebel',100),(268,NULL,'Rebel',100),(269,NULL,'Rebel',100),(271,NULL,'Rebel',100),(273,NULL,'Rebel',100),(274,NULL,'Rebel',100),(275,NULL,'Rebel',100),(276,NULL,'Imperial',98),(277,NULL,'Imperial',100),(279,NULL,'Rebel',100),(280,NULL,'Rebel',100),(281,NULL,'Rebel',100),(282,NULL,'Rebel',100),(283,NULL,'Imperial',98),(284,NULL,'Rebel',100),(285,NULL,'Rebel',100),(286,NULL,'Rebel',100),(287,NULL,'Rebel',100),(288,NULL,'Rebel',100),(289,NULL,'Rebel',99),(290,NULL,'Rebel',100),(291,NULL,'Rebel',100),(292,NULL,'Imperial',98),(293,NULL,'Rebel',100),(294,NULL,'Imperial',88),(296,NULL,'Rebel',100),(297,NULL,'Imperial',100),(298,NULL,'Imperial',99),(299,NULL,'Imperial',100),(300,NULL,'Imperial',99),(302,NULL,'Imperial',99),(303,NULL,'Imperial',99),(304,NULL,'Imperial',100),(305,NULL,'Imperial',100),(306,NULL,'Imperial',100),(307,NULL,'Imperial',88),(308,NULL,'Imperial',100),(309,NULL,'Imperial',100),(310,NULL,'Rebel',99),(311,NULL,'Imperial',100),(312,NULL,'Imperial',100),(313,NULL,'Imperial',100),(315,NULL,'Rebel',100),(316,NULL,'Imperial',100),(317,NULL,'Imperial',98),(318,NULL,'Imperial',98),(320,NULL,'Rebel',96),(323,NULL,'Imperial',100),(324,NULL,'Rebel',100);
/*!40000 ALTER TABLE `list` ENABLE KEYS */;
UNLOCK TABLES;

--
-- Table structure for table `pilot`
--

DROP TABLE IF EXISTS `pilot`;
/*!40101 SET @saved_cs_client     = @@character_set_client */;
/*!40101 SET character_set_client = utf8 */;
CREATE TABLE `pilot` (
  `id` int(11) NOT NULL AUTO_INCREMENT,
  `name` varchar(128) DEFAULT NULL,
  `cost` int(11) DEFAULT NULL,
  PRIMARY KEY (`id`),
  UNIQUE KEY `name` (`name`)
) ENGINE=InnoDB AUTO_INCREMENT=95 DEFAULT CHARSET=utf8;
/*!40101 SET character_set_client = @saved_cs_client */;

--
-- Dumping data for table `pilot`
--

LOCK TABLES `pilot` WRITE;
/*!40000 ALTER TABLE `pilot` DISABLE KEYS */;
INSERT INTO `pilot` VALUES (1,'Carnor Jax',26),(2,'Green Sq. Pilot',19),(3,'Jan Ors',25),(4,'Lando Calrissian',44),(5,'Academy Pilot',12),(6,'Red Squadron Pilot',23),(7,'Obsidian Squadron Pilot',13),(8,'Gray Squadron Pilot',20),(9,'Saber Squadron Pilot',21),(10,'Ibtisam',28),(11,'Royal Guard Pilot',22),(12,'Kyle Katarn',21),(13,'Roark Garnet',19),(14,'Major Rhymer',26),(15,'Keyan Farlander',29),(16,'Captain Yorr',24),(17,'Krassis Trelix',36),(18,'Echo',30),(19,'Night Beast',15),(20,'Etahn A\'Baht',32),(21,'Han Solo',46),(22,'Airen Cracken',19),(23,'Lt. Blount',17),(24,'Boba Fett',39),(25,'Kath Scarlet',38),(26,'Mauler Mithel',17),(27,'Fel\'s Wrath',23),(28,'Dagger Sq. Pilot',24),(29,'Biggs Darklighter',25),(30,'Col. Vessery',35),(31,'Patrol Leader',40),(32,'Bounty Hunter',33),(33,'Eaden Vrill',32),(34,'Chewbacca',42),(35,'Gold Squadron Pilot',18),(36,'Delta Squadron Pilot',30),(37,'Black Squadron Pilot',14),(38,'Backstabber',16),(39,'Colonel Jendon',26),(40,'Rear Admiral Chiraneau',46),(41,'Corran Horn',35),(42,'Maarek Steel',27),(43,'Hobbie\" Klivian',25),(44,'Tetran Cowall',24),(45,'Bandit Squadron Pilot',12),(46,'Garven Dreis',26),(47,'Sigma Squadron Pilot',25),(48,'Rexler Brath',37),(49,'Horton Salm',25),(50,'Blue Sq. Pilot',22),(51,'Storm Squadron Pilot',23),(52,'Shadow Squadron Pilot',27),(53,'Alpha Squadron Pilot',18),(54,'Captain Oicunn',42),(55,'Jek Porkins',26),(56,'Omicron Group Pilot',21),(57,'Lt. Lorrir',23),(58,'Blackmoon Squadron Pilot',29),(59,'Gemmer Sojan',22),(60,'Gamma Squadron. Pilot',18),(61,'Prototype Pilot',17),(62,'Leebo',34),(63,'Tycho Celchu',26),(64,'Darth Vader',29),(65,'Howlrunner',18),(66,'Captain Kagi',27),(67,'Whisper',32),(68,'Commander Kenkirk',44),(69,'Wild Space Fringer',30),(70,'Dark Curse',16),(71,'Outer Rim Smuggler',27),(72,'Ten Numb',31),(73,'Soontir Fel',27),(74,'Arvel Crynyd',23),(75,'Onyx Squadron Pilot',32),(76,'Avenger Squadron Pilot',20),(77,'Rookie Pilot',21),(78,'Winged Gundark',15),(79,'Wes Janson',29),(80,'Luke Skywalker',28),(81,'Captain Jonus',22),(82,'Tarn Mison',23),(83,'Tala Squadron Pilot',13),(84,'Nera Dantels',26),(85,'Rebel Operative',16),(86,'Jake Farrell',24),(87,'Kir Kanos',24),(88,'Dash Rendar',36),(89,'Wedge Antilles',29),(90,'Knave Squadron Pilot',27),(91,'Scimitar Squadron Pilot',16),(92,'Dutch Vander',23),(93,'Turr Phennir',25),(94,'Tempest Squadron Pilot',21);
/*!40000 ALTER TABLE `pilot` ENABLE KEYS */;
UNLOCK TABLES;

--
-- Table structure for table `ship`
--

DROP TABLE IF EXISTS `ship`;
/*!40101 SET @saved_cs_client     = @@character_set_client */;
/*!40101 SET character_set_client = utf8 */;
CREATE TABLE `ship` (
  `id` int(11) NOT NULL AUTO_INCREMENT,
  `ship_pilot_id` int(11) DEFAULT NULL,
  `list_id` int(11) DEFAULT NULL,
  PRIMARY KEY (`id`),
  KEY `ship_pilot_id` (`ship_pilot_id`),
  KEY `list_id` (`list_id`),
  CONSTRAINT `ship_ibfk_1` FOREIGN KEY (`ship_pilot_id`) REFERENCES `ship_pilot` (`id`),
  CONSTRAINT `ship_ibfk_2` FOREIGN KEY (`list_id`) REFERENCES `list` (`id`)
) ENGINE=InnoDB AUTO_INCREMENT=1317 DEFAULT CHARSET=utf8;
/*!40101 SET character_set_client = @saved_cs_client */;

--
-- Dumping data for table `ship`
--

LOCK TABLES `ship` WRITE;
/*!40000 ALTER TABLE `ship` DISABLE KEYS */;
INSERT INTO `ship` VALUES (1,94,1),(2,44,1),(3,44,1),(4,84,2),(5,36,2),(6,36,2),(7,36,2),(8,36,2),(9,32,3),(10,16,3),(11,10,3),(12,29,4),(13,81,4),(14,36,4),(15,36,4),(16,23,5),(17,64,5),(18,64,5),(22,79,7),(23,79,7),(24,79,7),(25,79,7),(26,79,7),(27,79,7),(28,72,7),(32,2,9),(33,10,9),(34,9,9),(35,54,10),(36,55,10),(37,84,11),(38,84,11),(39,84,11),(40,53,11),(41,52,12),(42,36,12),(43,36,12),(44,84,12),(45,15,12),(46,52,13),(47,84,13),(48,36,13),(49,36,13),(50,15,13),(57,23,16),(58,64,16),(59,64,16),(61,52,18),(62,52,18),(63,36,18),(64,36,18),(65,84,19),(66,84,19),(67,36,19),(68,36,19),(69,36,19),(70,45,20),(71,40,20),(72,44,20),(73,40,21),(74,44,21),(75,45,21),(76,79,22),(77,79,22),(78,79,22),(79,79,22),(80,79,22),(81,75,22),(82,72,22),(83,80,23),(84,80,23),(85,80,23),(86,80,23),(87,78,23),(88,78,23),(89,72,23),(90,40,25),(91,44,25),(92,46,25),(97,84,27),(98,15,27),(99,15,27),(100,15,27),(101,16,27),(102,92,28),(103,45,28),(104,75,28),(105,84,29),(106,84,29),(107,32,29),(108,1,29),(109,88,30),(110,88,30),(111,88,30),(112,88,30),(113,88,30),(114,85,30),(115,46,31),(116,44,31),(117,40,31),(118,1,32),(119,54,32),(120,84,33),(121,13,33),(122,13,33),(123,32,33),(124,40,34),(125,92,34),(126,57,34),(127,40,35),(128,92,35),(129,57,35),(130,84,36),(131,84,36),(132,84,36),(133,10,36),(134,9,36),(135,53,37),(136,83,37),(137,83,37),(138,83,37),(139,40,38),(140,42,38),(141,46,38),(142,79,39),(143,79,39),(144,79,39),(145,80,39),(146,91,39),(148,1,41),(149,54,41),(150,75,42),(151,40,42),(152,48,42),(153,57,42),(154,54,43),(155,83,43),(156,83,43),(157,83,43),(158,80,44),(159,80,44),(160,44,44),(161,45,44),(162,2,45),(163,10,45),(164,9,45),(165,40,46),(166,92,46),(167,45,46),(168,44,47),(169,44,47),(170,38,47),(171,94,48),(172,94,48),(173,69,48),(174,83,49),(175,83,49),(176,83,49),(177,53,49),(178,84,50),(179,16,50),(180,10,50),(181,9,50),(182,84,51),(183,84,51),(184,84,51),(185,53,51),(186,79,52),(187,79,52),(188,79,52),(189,79,52),(190,78,52),(191,77,52),(192,72,52),(193,2,53),(194,9,53),(195,10,53),(196,79,54),(197,79,54),(198,80,54),(199,80,54),(200,78,54),(201,74,54),(202,72,54),(203,74,55),(204,45,55),(205,92,55),(206,78,56),(207,78,56),(208,78,56),(209,78,56),(210,78,56),(211,78,56),(212,80,57),(213,80,57),(214,80,57),(215,72,57),(216,43,57),(222,54,59),(223,16,59),(224,18,59),(225,45,60),(226,72,60),(227,80,60),(228,80,60),(229,80,60),(230,84,61),(231,88,61),(232,88,61),(233,53,61),(236,40,64),(237,71,64),(238,71,64),(239,71,64),(240,71,64),(241,40,65),(242,43,65),(243,57,65),(244,84,66),(245,84,66),(246,35,66),(247,35,66),(248,35,66),(249,79,67),(250,79,67),(251,79,67),(252,79,67),(253,57,67),(254,72,67),(255,27,68),(256,54,68),(257,91,69),(258,94,69),(259,94,69),(260,84,70),(261,84,70),(262,36,70),(263,36,70),(264,36,70),(265,40,71),(266,40,72),(267,80,71),(268,80,71),(269,80,71),(270,80,72),(271,80,72),(272,80,71),(273,80,72),(274,80,71),(275,80,72),(276,80,72),(277,80,73),(278,80,73),(279,79,73),(280,79,73),(281,79,73),(282,72,73),(283,75,73),(284,45,74),(285,57,74),(286,58,74),(287,88,75),(288,29,75),(289,81,75),(290,34,75),(291,54,76),(292,84,76),(293,84,76),(294,84,76),(295,84,76),(301,15,78),(302,16,78),(303,9,78),(304,81,78),(305,45,79),(306,57,79),(307,58,79),(308,40,80),(309,57,80),(310,23,80),(311,70,81),(312,78,81),(313,73,81),(314,92,81),(322,18,83),(323,88,83),(324,29,83),(325,32,83),(326,35,84),(327,35,84),(328,15,84),(329,16,84),(330,79,85),(331,79,85),(332,79,85),(333,79,85),(334,79,85),(335,78,85),(336,72,85),(337,84,86),(338,83,86),(339,83,86),(340,53,86),(341,86,87),(342,86,87),(343,86,87),(344,1,87),(345,80,88),(346,79,88),(347,79,88),(348,79,88),(349,78,88),(350,75,88),(351,72,88),(352,40,89),(353,44,89),(354,45,89),(355,80,90),(356,78,90),(357,73,90),(358,72,90),(359,58,90),(360,41,91),(361,45,91),(362,80,91),(363,27,92),(364,54,92),(365,16,93),(366,54,93),(367,9,93),(368,80,94),(369,78,94),(370,73,94),(371,72,94),(372,58,94),(373,83,95),(374,83,95),(375,83,95),(376,2,95),(377,18,95),(378,52,96),(379,36,96),(380,36,96),(381,36,96),(382,83,97),(383,83,97),(384,83,97),(385,54,97),(386,84,98),(387,84,98),(388,36,98),(389,36,98),(390,52,98),(391,27,99),(392,53,99),(393,59,100),(394,57,100),(395,45,100),(396,84,101),(397,84,101),(398,84,101),(399,84,101),(400,84,101),(401,84,101),(402,84,101),(403,84,101),(404,41,102),(405,45,102),(406,80,102),(407,84,103),(408,36,103),(409,36,103),(410,36,103),(411,36,103),(412,80,104),(413,40,104),(414,40,104),(415,45,104),(416,54,105),(417,53,105),(418,13,106),(419,14,106),(420,51,106),(421,82,106),(422,75,107),(423,45,107),(424,23,107),(425,84,108),(426,84,108),(427,84,108),(428,36,108),(429,54,108),(430,1,109),(431,53,109),(432,29,110),(433,30,110),(434,54,110),(435,40,111),(436,40,111),(437,40,111),(438,57,111),(439,54,112),(440,83,112),(441,83,112),(442,84,112),(443,32,113),(444,16,113),(445,10,113),(446,88,114),(447,16,114),(448,53,114),(449,80,115),(450,79,115),(451,79,115),(452,79,115),(453,78,115),(454,75,115),(455,72,115),(456,80,116),(457,79,116),(458,79,116),(459,79,116),(460,78,116),(461,75,116),(462,72,116),(463,84,117),(464,84,117),(465,86,117),(466,1,117),(467,37,118),(468,92,118),(469,58,118),(470,40,119),(471,45,119),(472,57,119),(473,84,120),(474,84,120),(475,84,120),(476,53,120),(477,84,121),(478,84,121),(479,84,121),(480,53,121),(481,44,122),(482,44,122),(483,23,122),(484,83,123),(485,35,123),(486,53,123),(487,84,124),(488,16,124),(489,9,124),(490,11,124),(491,36,125),(492,36,125),(493,36,125),(494,84,125),(495,83,126),(496,83,126),(497,83,126),(498,53,126),(499,15,127),(500,36,127),(501,51,127),(502,90,127),(503,84,128),(504,83,128),(505,83,128),(506,53,128),(507,94,129),(508,94,129),(509,91,129),(510,83,130),(511,83,130),(512,83,130),(513,83,130),(514,83,130),(515,10,130),(516,84,131),(517,83,131),(518,83,131),(519,53,131),(520,84,132),(521,84,132),(522,36,132),(523,36,132),(524,36,132),(525,84,133),(526,84,133),(527,36,133),(528,36,133),(529,36,133),(530,84,134),(531,84,134),(532,84,134),(533,53,134),(534,30,135),(535,52,135),(536,53,135),(537,84,136),(538,15,136),(539,32,136),(540,90,136),(541,88,137),(542,56,137),(543,84,137),(544,84,137),(545,27,137),(546,72,138),(547,75,138),(548,79,138),(549,79,138),(550,79,138),(551,80,138),(552,80,138),(553,84,139),(554,84,139),(555,36,139),(556,36,139),(557,36,139),(558,32,140),(559,53,140),(560,32,141),(561,53,141),(562,84,142),(563,84,142),(564,84,142),(565,84,142),(566,53,142),(567,36,143),(568,36,143),(569,35,143),(570,35,143),(571,83,144),(572,54,144),(573,83,144),(574,84,144),(575,88,145),(576,88,145),(577,83,145),(578,83,145),(579,1,145),(580,80,146),(581,80,146),(582,75,146),(583,72,146),(584,91,146),(585,80,147),(586,80,147),(587,80,147),(588,72,147),(589,45,147),(590,36,148),(591,36,148),(592,84,148),(593,84,148),(594,81,148),(599,54,150),(600,53,150),(601,15,151),(602,52,151),(603,29,151),(604,34,151),(605,80,152),(606,80,152),(607,80,152),(608,80,152),(609,41,152),(610,41,153),(611,43,153),(616,1,155),(617,53,155),(618,36,156),(619,36,156),(620,53,156),(621,83,157),(622,83,157),(623,84,157),(624,53,157),(625,90,158),(626,35,158),(627,35,158),(628,35,158),(629,88,159),(630,88,159),(631,88,159),(632,88,159),(633,49,159),(634,84,160),(635,84,160),(636,84,160),(637,53,160),(638,2,161),(639,10,161),(640,9,161),(641,80,162),(642,80,162),(643,80,162),(644,40,162),(645,45,162),(646,53,163),(647,27,163),(648,40,164),(649,80,164),(650,80,164),(651,80,164),(652,80,164),(653,80,164),(654,72,164),(655,40,165),(656,80,165),(657,80,165),(658,80,165),(659,80,165),(660,80,165),(661,72,165),(662,72,166),(663,45,166),(664,42,166),(665,80,167),(666,80,167),(667,80,167),(668,80,167),(669,78,167),(670,78,167),(671,72,167),(672,84,168),(673,83,168),(674,83,168),(675,53,168),(676,40,169),(677,46,169),(678,45,169),(679,79,170),(680,79,170),(681,79,170),(682,79,170),(683,42,170),(684,16,171),(685,9,171),(686,53,171),(687,36,172),(688,36,172),(689,36,172),(690,36,172),(691,69,173),(692,93,173),(693,93,173),(694,74,174),(695,69,174),(696,42,174),(697,84,175),(698,84,175),(699,36,175),(700,36,175),(701,36,175),(702,83,176),(703,83,176),(704,83,176),(705,53,176),(706,58,177),(707,59,177),(708,38,177),(709,55,178),(710,54,178),(711,80,179),(712,80,179),(713,80,179),(714,72,179),(715,45,179),(716,40,180),(717,40,180),(718,40,180),(719,57,180),(720,45,181),(721,57,181),(722,80,181),(723,80,181),(724,55,182),(725,54,182),(726,36,183),(727,86,183),(728,32,183),(729,18,183),(730,40,184),(731,64,184),(732,64,184),(733,64,184),(734,80,185),(735,80,185),(736,80,185),(737,80,185),(738,79,185),(739,79,185),(740,79,185),(741,79,185),(743,83,187),(744,83,187),(745,83,187),(746,53,187),(747,84,188),(748,13,188),(749,13,188),(750,32,188),(751,45,189),(752,58,189),(753,57,189),(754,54,190),(755,53,190),(756,84,191),(757,84,191),(758,84,191),(759,84,191),(760,84,191),(761,84,191),(762,84,191),(763,84,191),(764,57,192),(765,91,192),(766,40,192),(767,57,193),(768,91,193),(769,40,193),(770,36,194),(771,36,194),(772,36,194),(773,36,194),(774,83,195),(775,83,195),(776,1,195),(777,90,195),(778,32,196),(779,36,196),(780,90,196),(781,44,197),(782,44,197),(783,44,197),(784,84,198),(785,52,198),(786,15,198),(787,36,198),(788,36,198),(789,83,199),(790,35,199),(791,53,199),(792,52,200),(793,36,200),(794,36,200),(795,36,200),(799,83,202),(800,16,202),(801,53,202),(802,80,203),(803,80,203),(804,79,203),(805,79,203),(806,78,203),(807,74,203),(808,72,203),(812,84,205),(813,86,205),(814,86,205),(815,1,205),(816,83,206),(817,16,206),(818,53,206),(819,52,207),(820,52,207),(821,49,207),(822,83,209),(823,83,209),(824,83,209),(825,83,208),(826,53,209),(827,83,208),(828,83,208),(829,53,208),(830,84,210),(831,84,210),(832,36,210),(833,36,210),(834,36,210),(835,84,211),(836,84,211),(837,84,211),(838,36,211),(839,10,211),(840,46,212),(841,45,212),(842,75,212),(843,84,213),(844,84,213),(845,84,213),(846,36,213),(847,10,213),(853,90,215),(854,85,215),(855,53,215),(856,90,216),(857,36,216),(858,32,216),(859,45,217),(860,57,217),(861,58,217),(862,79,218),(863,79,218),(864,79,218),(865,72,218),(866,45,218),(867,80,219),(868,78,219),(869,73,219),(870,72,219),(871,58,219),(872,78,220),(873,78,220),(874,78,220),(875,78,220),(876,57,220),(877,78,221),(878,78,221),(879,78,221),(880,73,221),(881,57,221),(883,54,223),(884,53,223),(885,78,224),(886,78,224),(887,78,224),(888,73,224),(889,57,224),(890,83,225),(891,83,225),(892,17,225),(893,1,225),(894,74,226),(895,78,226),(896,78,226),(897,78,226),(898,23,226),(899,83,227),(900,83,227),(901,84,227),(902,53,227),(903,40,228),(904,45,228),(905,57,228),(906,36,229),(907,36,229),(908,36,229),(909,84,229),(910,84,229),(911,84,230),(912,83,230),(913,83,230),(914,53,230),(915,40,231),(916,71,231),(917,71,231),(918,71,231),(919,71,231),(920,84,232),(921,83,232),(922,83,232),(923,53,232),(924,58,233),(925,92,233),(926,40,233),(927,46,234),(928,48,234),(929,48,234),(930,32,235),(931,10,235),(932,90,235),(933,48,236),(934,48,236),(935,46,236),(936,28,237),(937,54,237),(939,83,239),(940,10,239),(941,9,239),(942,11,239),(943,28,240),(944,54,240),(945,84,241),(946,84,241),(947,36,241),(948,36,241),(949,36,241),(950,84,242),(951,84,242),(952,84,242),(953,2,242),(954,11,242),(955,16,243),(956,36,243),(957,36,243),(958,79,244),(959,79,244),(960,74,244),(961,45,244),(962,75,244),(963,80,245),(964,74,245),(965,75,245),(966,72,245),(967,23,245),(968,83,246),(969,83,246),(970,83,246),(971,53,246),(972,40,247),(973,92,247),(974,45,247),(975,79,248),(976,79,248),(977,67,248),(978,67,248),(979,91,248),(980,58,249),(981,64,249),(982,37,249),(983,40,249),(984,36,250),(985,84,250),(986,84,250),(987,84,250),(988,10,250),(989,83,251),(990,83,251),(991,83,251),(992,53,251),(993,74,252),(994,46,252),(995,45,252),(1003,32,254),(1004,10,254),(1005,90,254),(1006,55,255),(1007,54,255),(1008,84,256),(1009,84,256),(1010,16,256),(1011,1,256),(1012,40,257),(1013,44,257),(1014,46,257),(1015,9,258),(1016,53,258),(1017,40,259),(1018,92,259),(1019,45,259),(1020,84,260),(1021,84,260),(1022,15,260),(1023,36,260),(1024,90,260),(1025,83,261),(1026,83,261),(1027,83,261),(1028,53,261),(1029,88,262),(1030,88,262),(1031,88,262),(1032,53,262),(1033,55,263),(1034,54,263),(1035,83,264),(1036,83,264),(1037,83,264),(1038,53,264),(1039,80,265),(1040,80,265),(1041,80,265),(1042,80,265),(1043,79,265),(1044,79,265),(1045,79,265),(1046,79,265),(1047,29,266),(1048,34,266),(1049,16,266),(1050,83,266),(1051,54,267),(1052,55,267),(1053,1,268),(1054,53,268),(1055,18,269),(1056,16,269),(1057,54,269),(1063,53,271),(1064,49,271),(1066,84,273),(1067,36,273),(1068,36,273),(1069,36,273),(1070,36,273),(1071,84,274),(1072,83,274),(1073,29,274),(1074,54,274),(1075,1,275),(1076,53,275),(1077,80,276),(1078,92,276),(1079,45,276),(1080,40,277),(1081,40,277),(1082,40,277),(1088,84,279),(1089,84,279),(1090,90,279),(1091,54,279),(1092,36,280),(1093,88,280),(1094,81,280),(1095,16,280),(1096,36,281),(1097,88,281),(1098,16,281),(1099,81,281),(1100,83,282),(1101,84,282),(1102,29,282),(1103,54,282),(1104,72,283),(1105,73,283),(1106,74,283),(1107,80,283),(1108,77,283),(1109,75,283),(1110,83,284),(1111,29,284),(1112,34,284),(1113,16,284),(1114,84,285),(1115,32,285),(1116,55,285),(1117,83,286),(1118,29,286),(1119,34,286),(1120,16,286),(1121,36,287),(1122,36,287),(1123,52,287),(1124,51,287),(1125,52,288),(1126,51,288),(1127,36,288),(1128,36,288),(1129,16,289),(1130,27,289),(1131,9,289),(1132,52,290),(1133,36,290),(1134,36,290),(1135,36,290),(1136,36,291),(1137,36,291),(1138,36,291),(1139,52,291),(1140,72,292),(1141,73,292),(1142,74,292),(1143,75,292),(1144,77,292),(1145,80,292),(1146,36,293),(1147,36,293),(1148,36,293),(1149,52,293),(1150,80,294),(1151,80,294),(1152,80,294),(1153,46,294),(1154,72,294),(1161,52,296),(1162,36,296),(1163,36,296),(1164,36,296),(1165,80,297),(1166,80,297),(1167,80,297),(1168,80,297),(1169,72,297),(1170,46,297),(1171,79,298),(1172,79,298),(1173,80,298),(1174,80,298),(1175,80,298),(1176,75,298),(1177,72,298),(1178,80,299),(1179,80,299),(1180,80,299),(1181,80,299),(1182,46,299),(1183,72,299),(1184,80,300),(1185,80,300),(1186,80,300),(1187,79,300),(1188,79,300),(1189,75,300),(1190,72,300),(1196,80,302),(1197,80,302),(1198,80,302),(1199,79,302),(1200,79,302),(1201,75,302),(1202,72,302),(1203,80,303),(1204,80,303),(1205,80,303),(1206,79,303),(1207,79,303),(1208,75,303),(1209,72,303),(1210,80,304),(1211,80,304),(1212,80,304),(1213,80,304),(1214,46,304),(1215,72,304),(1216,80,305),(1217,80,305),(1218,80,305),(1219,80,305),(1220,46,305),(1221,72,305),(1222,80,306),(1223,80,306),(1224,80,306),(1225,80,306),(1226,46,306),(1227,72,306),(1228,46,307),(1229,80,307),(1230,80,307),(1231,80,307),(1232,72,307),(1233,46,308),(1234,80,308),(1235,80,308),(1236,80,308),(1237,80,308),(1238,72,308),(1239,80,309),(1240,80,309),(1241,80,309),(1242,80,309),(1243,46,309),(1244,72,309),(1245,83,310),(1246,83,310),(1247,83,310),(1248,53,310),(1249,46,311),(1250,80,311),(1251,80,311),(1252,80,311),(1253,80,311),(1254,72,311),(1255,46,312),(1256,80,312),(1257,80,312),(1258,80,312),(1259,80,312),(1260,72,312),(1261,46,313),(1262,80,313),(1263,80,313),(1264,80,313),(1265,80,313),(1266,72,313),(1268,84,315),(1269,36,315),(1270,36,315),(1271,36,315),(1272,36,315),(1273,72,316),(1274,42,316),(1275,45,316),(1276,57,317),(1277,80,317),(1278,80,317),(1279,45,317),(1280,80,318),(1281,80,318),(1282,57,318),(1283,45,318),(1288,17,320),(1289,14,320),(1290,81,320),(1291,29,320),(1306,80,323),(1307,79,323),(1308,79,323),(1309,79,323),(1310,78,323),(1311,75,323),(1312,72,323),(1313,84,324),(1314,83,324),(1315,83,324),(1316,53,324);
/*!40000 ALTER TABLE `ship` ENABLE KEYS */;
UNLOCK TABLES;

--
-- Table structure for table `ship2`
--

DROP TABLE IF EXISTS `ship2`;
/*!40101 SET @saved_cs_client     = @@character_set_client */;
/*!40101 SET character_set_client = utf8 */;
CREATE TABLE `ship2` (
  `id` int(11) NOT NULL AUTO_INCREMENT,
  `ship_pilot_id` int(11) DEFAULT NULL,
  `tlist_id` int(11) DEFAULT NULL,
  PRIMARY KEY (`id`),
  KEY `ship_pilot_id` (`ship_pilot_id`),
  KEY `tlist_id` (`tlist_id`),
  CONSTRAINT `ship2_ibfk_1` FOREIGN KEY (`ship_pilot_id`) REFERENCES `ship_pilot` (`id`),
  CONSTRAINT `ship2_ibfk_2` FOREIGN KEY (`tlist_id`) REFERENCES `tlist` (`id`)
) ENGINE=InnoDB AUTO_INCREMENT=973 DEFAULT CHARSET=utf8;
/*!40101 SET character_set_client = @saved_cs_client */;

--
-- Dumping data for table `ship2`
--

LOCK TABLES `ship2` WRITE;
/*!40000 ALTER TABLE `ship2` DISABLE KEYS */;
INSERT INTO `ship2` VALUES (1,84,1),(2,83,1),(3,83,1),(4,53,1),(5,80,2),(6,80,2),(7,80,2),(8,72,2),(9,45,2),(10,83,3),(11,83,3),(12,83,3),(13,53,3),(14,15,4),(15,16,4),(16,9,4),(17,81,4),(18,48,5),(19,48,5),(20,46,5),(21,80,6),(22,79,6),(23,79,6),(24,79,6),(25,78,6),(26,75,6),(27,72,6),(28,84,7),(29,84,7),(30,84,7),(31,53,7),(32,52,8),(33,36,8),(34,36,8),(35,36,8),(36,45,9),(37,72,9),(38,80,9),(39,80,9),(40,80,9),(41,36,10),(42,36,10),(43,36,10),(44,84,10),(45,84,10),(46,40,11),(47,45,11),(48,57,11),(49,52,12),(50,36,12),(51,36,12),(52,36,12),(53,27,13),(54,53,13),(55,79,14),(56,79,14),(57,79,14),(58,79,14),(59,79,14),(60,75,14),(61,72,14),(62,16,15),(63,54,15),(64,9,15),(65,40,16),(66,80,16),(67,80,16),(68,80,16),(69,80,16),(70,80,16),(71,72,16),(72,80,17),(73,80,17),(74,79,17),(75,79,17),(76,78,17),(77,74,17),(78,72,17),(79,83,18),(80,84,18),(81,29,18),(82,54,18),(83,83,19),(84,35,19),(85,53,19),(86,84,20),(87,84,20),(88,36,20),(89,36,20),(90,36,20),(91,45,21),(92,40,21),(93,44,21),(94,74,22),(95,46,22),(96,45,22),(97,54,23),(98,83,23),(99,83,23),(100,83,23),(101,40,24),(102,57,24),(103,23,24),(104,84,25),(105,84,25),(106,84,25),(107,84,25),(108,84,25),(109,84,25),(110,84,25),(111,84,25),(112,54,26),(113,83,26),(114,83,26),(115,84,26),(116,32,27),(117,16,27),(118,10,27),(119,83,28),(120,83,28),(121,17,28),(122,1,28),(123,80,29),(124,80,29),(125,80,29),(126,80,29),(127,79,29),(128,79,29),(129,79,29),(130,79,29),(131,84,30),(132,52,30),(133,15,30),(134,36,30),(135,36,30),(136,83,31),(137,83,31),(138,83,31),(139,53,31),(140,80,32),(141,80,32),(142,80,32),(143,80,32),(144,78,32),(145,78,32),(146,72,32),(147,54,33),(148,55,33),(149,40,34),(150,92,34),(151,57,34),(152,40,35),(153,71,35),(154,71,35),(155,71,35),(156,71,35),(157,84,36),(158,84,36),(159,36,36),(160,36,36),(161,36,36),(162,46,37),(163,80,37),(164,80,37),(165,80,37),(166,80,37),(167,72,37),(168,40,38),(169,44,38),(170,46,38),(171,83,39),(172,83,39),(173,83,39),(174,53,39),(175,84,40),(176,13,40),(177,13,40),(178,32,40),(179,84,41),(180,83,41),(181,83,41),(182,53,41),(183,36,42),(184,36,42),(185,36,42),(186,36,42),(187,45,43),(188,58,43),(189,57,43),(190,84,44),(191,84,44),(192,36,44),(193,36,44),(194,36,44),(195,45,45),(196,57,45),(197,58,45),(198,27,46),(199,54,46),(200,52,47),(201,51,47),(202,36,47),(203,36,47),(204,32,48),(205,53,48),(206,40,49),(207,44,49),(208,46,49),(209,80,50),(210,40,50),(211,40,50),(212,45,50),(213,88,51),(214,88,51),(215,83,51),(216,83,51),(217,1,51),(218,2,52),(219,10,52),(220,9,52),(221,80,53),(222,78,53),(223,73,53),(224,72,53),(225,58,53),(226,84,54),(227,32,54),(228,55,54),(229,36,55),(230,86,55),(231,32,55),(232,18,55),(233,58,56),(234,92,56),(235,40,56),(236,54,57),(237,16,57),(238,18,57),(239,84,58),(240,84,58),(241,90,58),(242,54,58),(243,32,59),(244,10,59),(245,90,59),(246,80,60),(247,80,60),(248,75,60),(249,72,60),(250,91,60),(251,16,61),(252,27,61),(253,9,61),(254,84,62),(255,84,62),(256,15,62),(257,36,62),(258,90,62),(259,83,63),(260,83,63),(261,83,63),(262,83,63),(263,83,63),(264,10,63),(265,18,64),(266,88,64),(267,29,64),(268,32,64),(269,35,65),(270,35,65),(271,15,65),(272,16,65),(273,84,66),(274,36,66),(275,36,66),(276,36,66),(277,36,66),(278,94,67),(279,44,67),(280,44,67),(281,54,68),(282,53,68),(283,15,69),(284,36,69),(285,51,69),(286,90,69),(287,44,70),(288,44,70),(289,44,70),(290,84,71),(291,84,71),(292,36,71),(293,36,71),(294,36,71),(295,2,72),(296,10,72),(297,9,72),(298,36,73),(299,36,73),(300,36,73),(301,84,73),(302,83,74),(303,83,74),(304,83,74),(305,2,74),(306,18,74),(307,84,75),(308,16,75),(309,9,75),(310,11,75),(311,78,76),(312,78,76),(313,78,76),(314,73,76),(315,57,76),(316,84,77),(317,36,77),(318,36,77),(319,36,77),(320,36,77),(321,40,78),(322,92,78),(323,45,78),(324,30,79),(325,52,79),(326,53,79),(327,74,80),(328,78,80),(329,78,80),(330,78,80),(331,23,80),(332,32,81),(333,36,81),(334,90,81),(335,55,82),(336,54,82),(337,74,83),(338,45,83),(339,92,83),(340,37,84),(341,92,84),(342,58,84),(343,80,85),(344,80,85),(345,80,85),(346,80,85),(347,41,85),(348,88,86),(349,29,86),(350,81,86),(351,34,86),(352,84,87),(353,84,87),(354,84,87),(355,53,87),(356,94,88),(357,94,88),(358,69,88),(359,44,89),(360,44,89),(361,23,89),(362,78,90),(363,78,90),(364,78,90),(365,78,90),(366,57,90),(367,84,91),(368,84,91),(369,32,91),(370,1,91),(371,1,92),(372,54,92),(373,84,93),(374,84,93),(375,36,93),(376,36,93),(377,36,93),(378,79,94),(379,79,94),(380,79,94),(381,79,94),(382,57,94),(383,72,94),(384,90,95),(385,36,95),(386,32,95),(387,40,96),(388,40,96),(389,40,96),(390,57,96),(391,92,97),(392,45,97),(393,75,97),(394,90,98),(395,35,98),(396,35,98),(397,35,98),(398,36,99),(399,36,99),(400,53,99),(401,94,100),(402,94,100),(403,91,100),(404,41,101),(405,45,101),(406,80,101),(407,36,102),(408,84,102),(409,84,102),(410,84,102),(411,10,102),(412,36,103),(413,88,103),(414,16,103),(415,81,103),(416,88,104),(417,88,104),(418,88,104),(419,88,104),(420,49,104),(421,40,105),(422,42,105),(423,46,105),(424,88,106),(425,16,106),(426,53,106),(427,84,107),(428,86,107),(429,86,107),(430,1,107),(431,40,108),(432,40,108),(433,40,108),(434,41,109),(435,43,109),(436,16,110),(437,9,110),(438,53,110),(439,58,111),(440,59,111),(441,38,111),(442,1,112),(443,53,112),(444,79,113),(445,79,113),(446,80,113),(447,80,113),(448,78,113),(449,74,113),(450,72,113),(451,53,114),(452,83,114),(453,83,114),(454,83,114),(455,54,115),(456,53,115),(457,84,116),(458,36,116),(459,36,116),(460,36,116),(461,36,116),(462,29,117),(463,81,117),(464,36,117),(465,36,117),(466,79,118),(467,79,118),(468,79,118),(469,79,118),(470,79,118),(471,79,118),(472,72,118),(473,80,119),(474,80,119),(475,80,119),(476,79,119),(477,79,119),(478,75,119),(479,72,119),(480,84,120),(481,84,120),(482,16,120),(483,1,120),(484,84,121),(485,84,121),(486,84,121),(487,53,121),(488,83,122),(489,54,122),(490,83,122),(491,84,122),(492,80,123),(493,80,123),(494,80,123),(495,80,123),(496,78,123),(497,78,123),(498,72,123),(499,53,124),(500,27,124),(501,83,125),(502,83,125),(503,84,125),(504,53,125),(505,1,126),(506,53,126),(507,54,127),(508,84,127),(509,84,127),(510,84,127),(511,84,127),(512,75,128),(513,40,128),(514,48,128),(515,57,128),(516,40,129),(517,44,129),(518,45,129),(519,83,130),(520,83,130),(521,83,130),(522,53,130),(523,83,131),(524,83,131),(525,83,131),(526,53,131),(527,80,132),(528,80,132),(529,80,132),(530,80,132),(531,79,132),(532,79,132),(533,79,132),(534,79,132),(535,40,133),(536,46,133),(537,45,133),(538,15,134),(539,52,134),(540,29,134),(541,34,134),(542,84,135),(543,16,135),(544,10,135),(545,9,135),(546,80,136),(547,80,136),(548,80,136),(549,72,136),(550,45,136),(551,83,137),(552,83,137),(553,83,137),(554,53,137),(555,79,138),(556,79,138),(557,74,138),(558,45,138),(559,75,138),(560,36,139),(561,36,139),(562,84,139),(563,84,139),(564,81,139),(565,52,140),(566,84,140),(567,36,140),(568,36,140),(569,15,140),(570,84,141),(571,84,141),(572,84,141),(573,53,141),(574,83,142),(575,83,142),(576,83,142),(577,54,142),(578,29,143),(579,34,143),(580,16,143),(581,83,143),(582,84,144),(583,84,144),(584,84,144),(585,84,144),(586,84,144),(587,84,144),(588,84,144),(589,84,144),(590,40,145),(591,71,145),(592,71,145),(593,71,145),(594,71,145),(595,84,146),(596,88,146),(597,88,146),(598,53,146),(599,54,147),(600,53,147),(601,84,148),(602,83,148),(603,83,148),(604,53,148),(605,40,149),(606,40,149),(607,40,149),(608,57,149),(609,36,150),(610,36,150),(611,36,150),(612,36,150),(613,45,151),(614,57,151),(615,58,151),(616,90,152),(617,85,152),(618,53,152),(619,88,153),(620,88,153),(621,88,153),(622,53,153),(623,1,154),(624,53,154),(625,84,155),(626,84,155),(627,84,155),(628,53,155),(629,83,156),(630,35,156),(631,53,156),(632,27,157),(633,54,157),(634,79,158),(635,79,158),(636,79,158),(637,72,158),(638,45,158),(639,54,159),(640,53,159),(641,84,160),(642,84,160),(643,35,160),(644,35,160),(645,35,160),(646,84,161),(647,84,161),(648,86,161),(649,1,161),(650,79,162),(651,79,162),(652,79,162),(653,79,162),(654,78,162),(655,77,162),(656,72,162),(657,88,163),(658,88,163),(659,88,163),(660,88,163),(661,88,163),(662,85,163),(663,91,164),(664,94,164),(665,94,164),(666,80,165),(667,92,165),(668,45,165),(669,53,166),(670,49,166),(671,40,167),(672,92,167),(673,45,167),(674,40,168),(675,44,168),(676,45,168),(677,55,169),(678,54,169),(679,84,170),(680,84,170),(681,84,170),(682,2,170),(683,11,170),(684,69,171),(685,93,171),(686,93,171),(687,36,172),(688,36,172),(689,35,172),(690,35,172),(691,78,173),(692,78,173),(693,78,173),(694,78,173),(695,78,173),(696,78,173),(697,84,174),(698,84,174),(699,36,174),(700,36,174),(701,36,174),(702,84,175),(703,83,175),(704,83,175),(705,53,175),(706,52,176),(707,36,176),(708,36,176),(709,36,176),(710,79,177),(711,79,177),(712,79,177),(713,80,177),(714,91,177),(715,17,178),(716,14,178),(717,81,178),(718,29,178),(719,18,179),(720,16,179),(721,54,179),(722,40,180),(723,45,180),(724,57,180),(725,70,181),(726,78,181),(727,73,181),(728,92,181),(729,84,182),(730,84,182),(731,36,182),(732,36,182),(733,36,182),(734,84,183),(735,36,183),(736,36,183),(737,36,183),(738,36,183),(739,46,184),(740,45,184),(741,75,184),(742,40,185),(743,80,185),(744,80,185),(745,80,185),(746,80,185),(747,80,185),(748,84,186),(749,84,186),(750,84,186),(751,10,186),(752,9,186),(753,59,187),(754,57,187),(755,45,187),(756,83,188),(757,83,188),(758,84,188),(759,53,188),(760,54,189),(761,55,189),(762,80,190),(763,80,190),(764,79,190),(765,79,190),(766,79,190),(767,72,190),(768,75,190),(769,79,191),(770,79,191),(771,67,191),(772,67,191),(773,91,191),(774,40,192),(775,92,192),(776,57,192),(777,84,193),(778,13,193),(779,13,193),(780,32,193),(781,84,194),(782,84,194),(783,36,194),(784,36,194),(785,52,194),(786,84,195),(787,84,195),(788,84,195),(789,36,195),(790,10,195),(791,29,196),(792,30,196),(793,54,196),(794,58,197),(795,64,197),(796,37,197),(797,40,197),(798,16,198),(799,36,198),(800,36,198),(801,45,199),(802,57,199),(803,80,199),(804,80,199),(805,80,200),(806,80,200),(807,44,200),(808,45,200),(809,52,201),(810,52,201),(811,49,201),(812,46,202),(813,44,202),(814,40,202),(815,80,203),(816,80,203),(817,80,203),(818,72,203),(819,43,203),(820,2,204),(821,9,204),(822,10,204),(823,84,205),(824,15,205),(825,15,205),(826,15,205),(827,16,205),(828,32,206),(829,16,206),(830,10,206),(831,86,207),(832,86,207),(833,86,207),(834,1,207),(835,80,208),(836,79,208),(837,79,208),(838,79,208),(839,78,208),(840,75,208),(841,72,208),(842,41,209),(843,45,209),(844,80,209),(845,80,210),(846,80,210),(847,57,210),(848,45,210),(849,88,211),(850,56,211),(851,84,211),(852,84,211),(853,27,211),(854,1,212),(855,54,212),(856,79,213),(857,79,213),(858,79,213),(859,79,213),(860,42,213),(861,84,214),(862,15,214),(863,32,214),(864,90,214),(865,28,215),(866,54,215),(867,13,216),(868,14,216),(869,51,216),(870,82,216),(871,72,217),(872,73,217),(873,74,217),(874,75,217),(875,77,217),(876,80,217),(877,83,218),(878,83,218),(879,1,218),(880,90,218),(881,72,219),(882,42,219),(883,45,219),(884,80,220),(885,79,220),(886,79,220),(887,79,220),(888,78,220),(889,75,220),(890,72,220),(891,44,221),(892,44,221),(893,38,221),(894,9,222),(895,53,222),(896,40,223),(897,64,223),(898,64,223),(899,64,223),(900,52,224),(901,52,224),(902,36,224),(903,36,224),(904,83,225),(905,29,225),(906,34,225),(907,16,225),(908,32,226),(909,53,226),(910,74,227),(911,69,227),(912,42,227),(913,2,228),(914,10,228),(915,9,228),(916,80,229),(917,74,229),(918,75,229),(919,72,229),(920,23,229),(921,84,230),(922,84,230),(923,84,230),(924,84,230),(925,53,230),(926,40,231),(927,43,231),(928,57,231),(929,83,232),(930,83,232),(931,83,232),(932,53,232),(933,72,233),(934,75,233),(935,79,233),(936,79,233),(937,79,233),(938,80,233),(939,80,233),(940,75,234),(941,45,234),(942,23,234),(943,83,235),(944,10,235),(945,9,235),(946,11,235),(947,80,236),(948,80,236),(949,80,236),(950,40,236),(951,45,236),(952,57,237),(953,91,237),(954,40,237),(955,83,238),(956,16,238),(957,53,238),(958,84,239),(959,84,239),(960,84,239),(961,36,239),(962,54,239),(963,79,240),(964,79,240),(965,79,240),(966,79,240),(967,79,240),(968,78,240),(969,72,240),(970,23,241),(971,64,241),(972,64,241);
/*!40000 ALTER TABLE `ship2` ENABLE KEYS */;
UNLOCK TABLES;

--
-- Table structure for table `ship_pilot`
--

DROP TABLE IF EXISTS `ship_pilot`;
/*!40101 SET @saved_cs_client     = @@character_set_client */;
/*!40101 SET character_set_client = utf8 */;
CREATE TABLE `ship_pilot` (
  `id` int(11) NOT NULL AUTO_INCREMENT,
  `ship_type` enum('E-Wing','HWK-290','YT-2400','X-Wing','TIE Advanced','YT-1300','B-Wing','TIE Interceptor','Lambda Shuttle','TIE Phantom','Y-Wing','VT-49 Decimator','Firespray-31','TIE Bomber','TIE Fighter','Z-95 Headhunter','A-Wing','TIE Defender') DEFAULT NULL,
  `pilot_id` int(11) DEFAULT NULL,
  PRIMARY KEY (`id`),
  KEY `pilot_id` (`pilot_id`),
  CONSTRAINT `ship_pilot_ibfk_1` FOREIGN KEY (`pilot_id`) REFERENCES `pilot` (`id`)
) ENGINE=InnoDB AUTO_INCREMENT=95 DEFAULT CHARSET=utf8;
/*!40101 SET character_set_client = @saved_cs_client */;

--
-- Dumping data for table `ship_pilot`
--

LOCK TABLES `ship_pilot` WRITE;
/*!40000 ALTER TABLE `ship_pilot` DISABLE KEYS */;
INSERT INTO `ship_pilot` VALUES (1,'E-Wing',41),(2,'E-Wing',20),(3,'E-Wing',58),(4,'E-Wing',90),(5,'YT-2400',88),(6,'YT-2400',62),(7,'YT-2400',33),(8,'YT-2400',69),(9,'X-Wing',89),(10,'X-Wing',80),(11,'X-Wing',79),(12,'X-Wing',55),(13,'X-Wing',6),(14,'X-Wing',46),(15,'X-Wing',77),(16,'X-Wing',29),(17,'X-Wing',43),(18,'X-Wing',82),(19,'VT-49 Decimator',40),(20,'VT-49 Decimator',68),(21,'VT-49 Decimator',54),(22,'VT-49 Decimator',31),(23,'TIE Advanced',64),(24,'TIE Advanced',42),(25,'TIE Advanced',51),(26,'TIE Advanced',94),(27,'HWK-290',3),(28,'HWK-290',12),(29,'HWK-290',13),(30,'HWK-290',85),(31,'B-Wing',72),(32,'B-Wing',15),(33,'B-Wing',10),(34,'B-Wing',84),(35,'B-Wing',28),(36,'B-Wing',50),(37,'Lambda Shuttle',66),(38,'Lambda Shuttle',39),(39,'Lambda Shuttle',16),(40,'Lambda Shuttle',56),(41,'Firespray-31',24),(42,'Firespray-31',25),(43,'Firespray-31',17),(44,'Firespray-31',32),(45,'TIE Phantom',67),(46,'TIE Phantom',18),(47,'TIE Phantom',52),(48,'TIE Phantom',47),(49,'Y-Wing',49),(50,'Y-Wing',8),(51,'Y-Wing',92),(52,'Y-Wing',35),(53,'YT-1300',21),(54,'YT-1300',34),(55,'YT-1300',4),(56,'YT-1300',71),(57,'TIE Interceptor',73),(58,'TIE Interceptor',1),(59,'TIE Interceptor',93),(60,'TIE Interceptor',44),(61,'TIE Interceptor',87),(62,'TIE Interceptor',57),(63,'TIE Interceptor',27),(64,'TIE Interceptor',11),(65,'TIE Interceptor',9),(66,'TIE Interceptor',76),(67,'TIE Interceptor',53),(68,'TIE Bomber',14),(69,'TIE Bomber',81),(70,'TIE Bomber',60),(71,'TIE Bomber',91),(72,'TIE Fighter',65),(73,'TIE Fighter',26),(74,'TIE Fighter',70),(75,'TIE Fighter',38),(76,'TIE Fighter',78),(77,'TIE Fighter',19),(78,'TIE Fighter',37),(79,'TIE Fighter',7),(80,'TIE Fighter',5),(81,'Z-95 Headhunter',22),(82,'Z-95 Headhunter',23),(83,'Z-95 Headhunter',83),(84,'Z-95 Headhunter',45),(85,'A-Wing',63),(86,'A-Wing',2),(87,'A-Wing',74),(88,'A-Wing',61),(89,'A-Wing',59),(90,'A-Wing',86),(91,'TIE Defender',48),(92,'TIE Defender',30),(93,'TIE Defender',75),(94,'TIE Defender',36);
/*!40000 ALTER TABLE `ship_pilot` ENABLE KEYS */;
UNLOCK TABLES;

--
-- Table structure for table `ship_upgrade`
--

DROP TABLE IF EXISTS `ship_upgrade`;
/*!40101 SET @saved_cs_client     = @@character_set_client */;
/*!40101 SET character_set_client = utf8 */;
CREATE TABLE `ship_upgrade` (
  `id` int(11) NOT NULL AUTO_INCREMENT,
  `ship_id` int(11) DEFAULT NULL,
  `upgrade_id` int(11) DEFAULT NULL,
  PRIMARY KEY (`id`),
  KEY `ship_id` (`ship_id`),
  KEY `upgrade_ibfk_2_idx` (`upgrade_id`),
  CONSTRAINT `ship_upgrade_ibfk_1` FOREIGN KEY (`ship_id`) REFERENCES `ship` (`id`),
  CONSTRAINT `upgrade_ibfk_2` FOREIGN KEY (`upgrade_id`) REFERENCES `upgrade` (`id`)
) ENGINE=InnoDB AUTO_INCREMENT=1483 DEFAULT CHARSET=utf8;
/*!40101 SET character_set_client = @saved_cs_client */;

--
-- Dumping data for table `ship_upgrade`
--

LOCK TABLES `ship_upgrade` WRITE;
/*!40000 ALTER TABLE `ship_upgrade` DISABLE KEYS */;
INSERT INTO `ship_upgrade` VALUES (1,1,88),(2,9,90),(3,9,73),(4,10,3),(5,11,5),(6,11,58),(7,11,63),(8,12,13),(9,12,36),(10,12,96),(11,13,64),(12,14,16),(13,15,16),(14,16,102),(15,16,64),(16,16,46),(17,17,92),(18,17,77),(19,17,55),(20,17,56),(21,18,92),(22,18,59),(23,18,56),(24,18,55),(25,NULL,102),(26,NULL,64),(27,NULL,46),(28,NULL,92),(29,NULL,77),(30,NULL,55),(31,NULL,56),(32,NULL,92),(33,NULL,59),(34,NULL,56),(35,NULL,55),(36,28,73),(37,NULL,102),(38,NULL,64),(39,NULL,46),(40,NULL,92),(41,NULL,77),(42,NULL,56),(43,NULL,55),(44,NULL,92),(45,NULL,59),(46,NULL,56),(47,NULL,55),(48,32,77),(49,33,77),(50,34,77),(51,35,94),(52,35,27),(53,36,33),(54,36,27),(55,40,77),(56,40,94),(57,40,58),(58,40,33),(59,40,39),(60,41,14),(61,46,14),(62,NULL,73),(63,NULL,48),(64,NULL,25),(65,NULL,16),(66,NULL,51),(67,NULL,63),(68,NULL,7),(69,NULL,14),(70,NULL,88),(71,NULL,16),(72,NULL,53),(73,NULL,30),(74,57,102),(75,57,64),(76,57,46),(77,58,92),(78,58,77),(79,58,55),(80,58,56),(81,59,92),(82,59,59),(83,59,56),(84,59,55),(85,61,7),(86,61,14),(87,62,13),(88,63,88),(89,64,16),(90,64,53),(91,64,30),(92,67,17),(93,68,17),(94,69,17),(95,70,42),(96,70,16),(97,70,51),(98,70,63),(99,71,41),(100,73,41),(101,75,42),(102,75,16),(103,75,51),(104,75,63),(105,87,62),(106,88,62),(107,89,63),(108,89,55),(109,90,15),(110,90,41),(111,90,19),(112,91,19),(113,92,42),(114,92,16),(115,92,51),(116,92,63),(117,NULL,16),(118,NULL,16),(119,NULL,50),(120,NULL,73),(121,NULL,48),(122,102,88),(123,102,63),(124,103,23),(125,103,16),(126,103,51),(127,103,63),(128,104,54),(129,107,73),(130,107,58),(131,108,16),(132,108,74),(133,109,99),(134,110,99),(135,111,99),(136,112,99),(137,113,99),(138,114,99),(139,114,63),(140,115,42),(141,115,16),(142,115,51),(143,115,63),(144,116,19),(145,117,15),(146,117,19),(147,117,41),(148,118,6),(149,118,16),(150,118,63),(151,119,73),(152,119,94),(153,119,58),(154,119,39),(155,119,30),(156,120,104),(157,123,17),(158,123,63),(159,123,58),(160,124,41),(161,125,90),(162,125,63),(163,126,73),(164,126,48),(165,127,41),(166,128,90),(167,128,63),(168,129,73),(169,129,48),(170,133,77),(171,134,77),(172,135,77),(173,135,94),(174,135,58),(175,135,38),(176,135,33),(177,139,41),(178,141,42),(179,141,51),(180,141,63),(181,146,90),(182,146,58),(183,146,63),(184,NULL,51),(185,NULL,63),(186,148,12),(187,148,16),(188,148,73),(189,149,77),(190,149,33),(191,149,39),(192,151,16),(193,152,16),(194,152,50),(195,153,73),(196,153,48),(197,154,77),(198,154,94),(199,154,33),(200,154,39),(201,155,104),(202,160,27),(203,161,51),(204,161,63),(205,162,77),(206,163,77),(207,164,77),(208,166,76),(209,167,19),(210,167,16),(211,167,51),(212,167,63),(213,168,22),(214,169,22),(215,170,97),(216,171,90),(217,172,90),(218,173,55),(219,173,62),(220,177,63),(221,177,94),(222,177,58),(223,177,27),(224,177,33),(225,180,77),(226,181,77),(227,185,77),(228,185,94),(229,185,58),(230,185,33),(231,185,27),(232,190,62),(233,193,77),(234,194,1),(235,194,77),(236,195,1),(237,195,77),(238,200,62),(239,203,54),(240,204,23),(241,204,16),(242,204,51),(243,204,63),(244,205,88),(245,205,63),(246,206,77),(247,207,77),(248,208,77),(249,209,77),(250,210,77),(251,211,62),(252,216,90),(253,216,24),(254,NULL,24),(255,NULL,17),(256,NULL,51),(257,NULL,63),(258,222,73),(259,222,94),(260,222,33),(261,222,28),(262,224,6),(263,225,24),(264,225,17),(265,225,51),(266,225,63),(267,231,99),(268,232,99),(269,233,73),(270,233,94),(271,233,33),(272,233,27),(273,236,41),(274,237,86),(275,238,86),(276,239,86),(277,240,86),(278,241,41),(279,242,90),(280,242,24),(281,243,73),(282,246,15),(283,247,15),(284,248,15),(285,253,73),(286,255,65),(287,255,13),(288,255,24),(289,255,96),(290,255,54),(291,256,77),(292,256,102),(293,256,94),(294,256,55),(295,256,38),(296,256,33),(297,257,77),(298,262,17),(299,263,17),(300,264,17),(301,265,17),(302,265,90),(303,265,42),(304,265,22),(305,265,58),(306,266,17),(307,266,90),(308,266,42),(309,266,22),(310,266,58),(311,282,64),(312,284,18),(313,284,51),(314,284,63),(315,285,73),(316,286,63),(317,287,101),(318,288,14),(319,289,64),(320,290,84),(321,290,81),(322,290,60),(323,291,77),(324,291,94),(325,291,55),(326,291,33),(327,NULL,6),(328,303,12),(329,303,62),(330,304,63),(331,305,18),(332,305,51),(333,305,63),(334,306,73),(335,307,63),(336,308,16),(337,308,19),(338,309,92),(339,309,73),(340,309,55),(341,309,56),(342,310,101),(343,310,76),(344,310,58),(345,311,103),(346,311,100),(347,312,62),(348,312,48),(349,313,65),(350,314,103),(351,NULL,62),(352,322,6),(353,323,99),(354,324,14),(355,325,73),(356,325,58),(357,326,17),(358,327,17),(359,335,62),(360,336,64),(361,340,77),(362,340,94),(363,340,58),(364,340,33),(365,340,27),(366,341,99),(367,342,99),(368,343,99),(369,344,12),(370,344,81),(371,344,16),(372,344,63),(373,344,58),(374,349,62),(375,352,41),(376,354,42),(377,354,16),(378,354,51),(379,354,63),(380,356,62),(381,357,63),(382,358,64),(383,359,92),(384,359,73),(385,359,54),(386,359,55),(387,360,63),(388,360,25),(389,361,25),(390,361,16),(391,361,51),(392,361,63),(393,363,65),(394,363,13),(395,363,24),(396,363,96),(397,363,54),(398,364,77),(399,364,102),(400,364,94),(401,364,55),(402,364,33),(403,364,38),(404,366,62),(405,367,64),(406,369,62),(407,370,63),(408,371,64),(409,372,92),(410,372,73),(411,372,54),(412,372,55),(413,376,1),(414,376,73),(415,377,6),(416,378,5),(417,378,14),(418,379,53),(419,379,22),(420,380,53),(421,380,22),(422,381,53),(423,381,22),(424,384,104),(425,385,77),(426,385,94),(427,385,33),(428,385,39),(429,388,17),(430,389,17),(431,390,5),(432,390,14),(433,391,63),(434,391,13),(435,391,24),(436,391,96),(437,391,58),(438,392,73),(439,392,94),(440,392,58),(441,392,34),(442,392,33),(443,393,63),(444,393,48),(445,394,73),(446,394,55),(447,395,16),(448,395,51),(449,395,63),(450,404,63),(451,404,58),(452,404,42),(453,405,16),(454,405,51),(455,405,63),(456,415,42),(457,415,18),(458,415,51),(459,415,63),(460,416,33),(461,416,27),(462,417,64),(463,417,30),(464,420,14),(465,421,104),(466,421,63),(467,423,27),(468,423,16),(469,423,51),(470,423,63),(471,424,101),(472,424,76),(473,424,58),(474,430,12),(475,430,77),(476,430,58),(477,431,73),(478,431,94),(479,431,33),(480,432,13),(481,432,24),(482,433,13),(483,433,24),(484,434,73),(485,434,94),(486,434,34),(487,434,30),(488,436,16),(489,437,16),(490,438,92),(491,438,73),(492,438,54),(493,439,77),(494,439,94),(495,439,39),(496,439,33),(497,440,104),(498,440,46),(499,443,90),(500,443,73),(501,444,3),(502,445,5),(503,445,58),(504,445,63),(505,446,99),(506,448,63),(507,448,94),(508,448,58),(509,448,33),(510,448,27),(511,453,62),(512,460,62),(513,463,104),(514,463,46),(515,464,100),(516,464,46),(517,465,99),(518,465,76),(519,466,12),(520,466,16),(521,466,63),(522,466,58),(523,467,16),(524,468,63),(525,469,92),(526,469,73),(527,469,54),(528,469,55),(529,470,41),(530,471,24),(531,471,16),(532,471,51),(533,471,63),(534,472,73),(535,472,48),(536,476,77),(537,476,94),(538,476,58),(539,476,39),(540,476,33),(541,480,77),(542,480,94),(543,480,58),(544,480,39),(545,480,33),(546,483,101),(547,483,63),(548,485,17),(549,486,73),(550,486,94),(551,486,58),(552,486,33),(553,486,34),(554,488,3),(555,489,77),(556,490,63),(557,491,16),(558,491,53),(559,491,27),(560,492,16),(561,492,53),(562,492,27),(563,493,16),(564,493,88),(565,498,63),(566,498,94),(567,498,58),(568,498,33),(569,498,27),(570,501,14),(571,502,93),(572,502,99),(573,502,73),(574,502,76),(575,506,77),(576,506,94),(577,506,58),(578,506,33),(579,506,27),(580,509,77),(581,515,5),(582,515,58),(583,515,63),(584,519,77),(585,519,94),(586,519,58),(587,519,33),(588,519,27),(589,522,17),(590,523,17),(591,524,17),(592,527,17),(593,528,17),(594,529,17),(595,533,77),(596,533,94),(597,533,58),(598,533,39),(599,533,33),(600,534,14),(601,534,30),(602,535,14),(603,536,61),(604,536,33),(605,536,24),(606,539,73),(607,539,58),(608,540,93),(609,540,99),(610,540,76),(611,540,54),(612,540,77),(613,541,99),(614,542,94),(615,542,49),(616,545,14),(617,545,28),(618,546,54),(619,555,17),(620,556,17),(621,557,17),(622,558,17),(623,558,73),(624,558,53),(625,558,30),(626,559,63),(627,559,94),(628,559,58),(629,559,39),(630,559,33),(631,560,17),(632,560,90),(633,560,77),(634,561,73),(635,561,94),(636,561,58),(637,561,30),(638,561,28),(639,566,63),(640,566,94),(641,566,33),(642,567,16),(643,568,16),(644,569,16),(645,570,16),(646,572,77),(647,572,94),(648,572,33),(649,572,39),(650,573,104),(651,573,46),(652,575,99),(653,576,99),(654,579,12),(655,579,16),(656,579,73),(657,583,64),(658,584,77),(659,588,64),(660,588,55),(661,589,16),(662,589,51),(663,589,63),(664,590,16),(665,591,16),(666,592,101),(667,593,101),(668,594,64),(669,NULL,77),(670,NULL,94),(671,NULL,58),(672,NULL,33),(673,NULL,27),(674,599,77),(675,599,30),(676,599,24),(677,600,63),(678,600,24),(679,601,5),(680,602,14),(681,603,14),(682,604,81),(683,604,60),(684,604,46),(685,609,86),(686,609,63),(687,609,58),(688,609,25),(689,610,90),(690,610,63),(691,610,25),(692,611,90),(693,611,27),(694,NULL,14),(695,NULL,64),(696,616,12),(697,616,16),(698,616,73),(699,617,63),(700,617,94),(701,617,27),(702,617,33),(703,618,17),(704,619,17),(705,620,38),(706,624,77),(707,624,94),(708,624,58),(709,624,27),(710,624,33),(711,625,93),(712,625,99),(713,625,73),(714,625,77),(715,629,99),(716,630,99),(717,631,99),(718,632,99),(719,633,11),(720,633,82),(721,633,14),(722,633,58),(723,633,63),(724,637,77),(725,637,94),(726,637,58),(727,637,33),(728,637,38),(729,638,77),(730,639,1),(731,639,77),(732,640,1),(733,640,77),(734,644,41),(735,645,42),(736,645,51),(737,645,63),(738,646,73),(739,646,94),(740,646,58),(741,646,33),(742,646,34),(743,647,63),(744,647,13),(745,647,24),(746,647,96),(747,647,58),(748,648,15),(749,655,15),(750,663,51),(751,663,63),(752,664,103),(753,664,42),(754,669,62),(755,670,62),(756,671,63),(757,671,55),(758,675,63),(759,675,94),(760,675,58),(761,675,33),(762,675,39),(763,676,41),(764,677,24),(765,677,51),(766,677,63),(767,678,51),(768,678,63),(769,683,77),(770,683,58),(771,683,42),(772,687,17),(773,688,17),(774,689,17),(775,690,17),(776,692,90),(777,693,90),(778,694,54),(779,695,104),(780,695,46),(781,696,90),(782,696,54),(783,696,27),(784,699,17),(785,700,17),(786,701,17),(787,705,77),(788,705,94),(789,705,33),(790,705,39),(791,706,73),(792,706,48),(793,707,74),(794,707,48),(795,708,16),(796,708,88),(797,708,23),(798,708,42),(799,708,49),(800,709,63),(801,709,30),(802,709,24),(803,710,73),(804,710,94),(805,710,33),(806,710,28),(807,714,64),(808,715,42),(809,715,16),(810,715,51),(811,715,63),(812,716,16),(813,717,16),(814,719,92),(815,719,73),(816,719,54),(817,720,19),(818,720,16),(819,720,51),(820,720,63),(821,721,92),(822,721,73),(823,721,54),(824,721,48),(825,724,63),(826,724,30),(827,724,24),(828,725,73),(829,725,94),(830,725,28),(831,725,33),(832,727,99),(833,727,73),(834,728,17),(835,728,63),(836,729,6),(837,730,41),(838,730,19),(839,731,73),(840,732,73),(841,733,73),(842,NULL,93),(843,NULL,101),(844,NULL,63),(845,NULL,46),(846,NULL,76),(847,746,77),(848,746,94),(849,746,39),(850,746,33),(851,747,104),(852,750,17),(853,750,63),(854,750,58),(855,751,16),(856,751,51),(857,751,63),(858,752,73),(859,753,73),(860,754,77),(861,755,63),(862,755,94),(863,755,39),(864,764,73),(865,764,48),(866,765,77),(867,766,16),(868,766,27),(869,767,73),(870,767,48),(871,768,77),(872,769,16),(873,769,27),(874,770,16),(875,770,53),(876,770,30),(877,771,16),(878,772,16),(879,773,16),(880,776,12),(881,776,16),(882,776,73),(883,776,58),(884,777,93),(885,777,99),(886,777,73),(887,777,63),(888,778,73),(889,778,53),(890,778,30),(891,779,16),(892,779,53),(893,779,39),(894,780,93),(895,780,101),(896,780,63),(897,780,46),(898,780,76),(899,785,14),(900,790,17),(901,791,73),(902,791,94),(903,791,58),(904,791,33),(905,791,34),(906,792,5),(907,792,14),(908,793,53),(909,793,22),(910,794,53),(911,794,22),(912,795,53),(913,795,22),(914,NULL,24),(915,NULL,16),(916,NULL,51),(917,NULL,63),(918,NULL,27),(919,NULL,16),(920,NULL,51),(921,NULL,63),(922,801,63),(923,801,94),(924,801,58),(925,801,39),(926,801,33),(927,806,62),(928,NULL,24),(929,NULL,16),(930,NULL,51),(931,NULL,63),(932,NULL,27),(933,NULL,16),(934,NULL,51),(935,NULL,63),(936,813,99),(937,813,73),(938,814,99),(939,814,73),(940,815,12),(941,815,81),(942,815,16),(943,815,63),(944,815,58),(945,818,63),(946,818,94),(947,818,58),(948,818,33),(949,818,39),(950,819,2),(951,819,14),(952,819,58),(953,820,2),(954,820,14),(955,820,58),(956,821,11),(957,821,82),(958,821,82),(959,821,14),(960,821,58),(961,821,63),(962,826,63),(963,826,94),(964,826,58),(965,826,27),(966,826,33),(967,829,63),(968,829,94),(969,829,58),(970,829,33),(971,829,27),(972,832,17),(973,833,17),(974,834,17),(975,838,90),(976,839,5),(977,839,58),(978,839,63),(979,840,24),(980,840,16),(981,840,51),(982,840,63),(983,841,27),(984,841,16),(985,841,51),(986,841,63),(987,846,90),(988,847,5),(989,847,58),(990,847,63),(991,NULL,77),(992,NULL,77),(993,NULL,77),(994,NULL,101),(995,NULL,63),(996,853,99),(997,853,73),(998,854,93),(999,854,99),(1000,854,63),(1001,854,73),(1002,855,63),(1003,856,93),(1004,856,101),(1005,856,63),(1006,856,73),(1007,857,90),(1008,858,17),(1009,858,90),(1010,858,63),(1011,859,18),(1012,859,51),(1013,859,63),(1014,860,73),(1015,861,63),(1016,866,42),(1017,866,16),(1018,866,51),(1019,866,63),(1020,868,62),(1021,869,63),(1022,870,64),(1023,871,92),(1024,871,73),(1025,871,54),(1026,871,55),(1027,872,77),(1028,873,77),(1029,874,77),(1030,875,77),(1031,876,73),(1032,876,48),(1033,877,77),(1034,878,77),(1035,879,77),(1036,880,63),(1037,881,73),(1038,883,77),(1039,883,30),(1040,883,24),(1041,884,64),(1042,885,77),(1043,886,77),(1044,887,77),(1045,888,63),(1046,889,73),(1047,892,5),(1048,893,12),(1049,893,16),(1050,893,63),(1051,893,58),(1052,895,77),(1053,896,77),(1054,897,77),(1055,898,101),(1056,898,63),(1057,902,63),(1058,902,94),(1059,902,58),(1060,902,39),(1061,902,33),(1062,903,41),(1063,904,27),(1064,904,16),(1065,904,51),(1066,904,63),(1067,905,73),(1068,906,17),(1069,907,17),(1070,908,17),(1071,914,63),(1072,914,94),(1073,914,58),(1074,914,33),(1075,914,39),(1076,915,41),(1077,916,86),(1078,917,86),(1079,918,86),(1080,919,86),(1081,923,63),(1082,923,94),(1083,923,58),(1084,923,39),(1085,923,33),(1086,924,92),(1087,924,73),(1088,924,55),(1089,924,54),(1090,925,90),(1091,925,68),(1092,927,42),(1093,927,18),(1094,927,51),(1095,927,63),(1096,928,19),(1097,928,15),(1098,928,50),(1099,929,19),(1100,929,15),(1101,929,50),(1102,930,17),(1103,930,73),(1104,931,12),(1105,931,58),(1106,931,77),(1107,932,93),(1108,932,99),(1109,932,63),(1110,932,76),(1111,933,19),(1112,933,15),(1113,933,50),(1114,934,19),(1115,934,15),(1116,934,50),(1117,935,42),(1118,935,18),(1119,935,51),(1120,935,63),(1121,936,65),(1122,936,13),(1123,936,30),(1124,936,96),(1125,936,56),(1126,937,77),(1127,937,103),(1128,937,94),(1129,937,56),(1130,937,24),(1131,937,39),(1132,NULL,63),(1133,NULL,94),(1134,NULL,58),(1135,NULL,33),(1136,NULL,27),(1137,942,63),(1138,943,65),(1139,943,13),(1140,943,30),(1141,943,96),(1142,943,56),(1143,944,77),(1144,944,103),(1145,944,94),(1146,944,56),(1147,944,39),(1148,944,24),(1149,947,17),(1150,948,17),(1151,949,17),(1152,954,5),(1153,954,63),(1154,955,12),(1155,955,56),(1156,956,16),(1157,956,90),(1158,957,16),(1159,957,90),(1160,957,53),(1161,957,30),(1162,961,42),(1163,961,16),(1164,961,51),(1165,961,63),(1166,966,64),(1167,967,103),(1168,967,65),(1169,971,63),(1170,971,94),(1171,971,58),(1172,971,33),(1173,971,27),(1174,974,16),(1175,974,51),(1176,974,63),(1177,979,63),(1178,980,63),(1179,981,73),(1180,984,90),(1181,988,5),(1182,988,58),(1183,988,63),(1184,992,77),(1185,992,94),(1186,992,39),(1187,992,33),(1188,993,54),(1189,994,24),(1190,994,16),(1191,994,51),(1192,994,63),(1193,995,16),(1194,995,51),(1195,995,63),(1196,NULL,62),(1197,1003,17),(1198,1003,73),(1199,1004,12),(1200,1004,58),(1201,1004,77),(1202,1005,93),(1203,1005,99),(1204,1005,63),(1205,1005,76),(1206,1006,73),(1207,1006,94),(1208,1006,28),(1209,1006,33),(1210,1007,63),(1211,1007,30),(1212,1007,24),(1213,1010,55),(1214,1011,12),(1215,1011,16),(1216,1011,73),(1217,1011,56),(1218,1012,19),(1219,1013,90),(1220,1013,19),(1221,1014,16),(1222,1014,51),(1223,1014,63),(1224,1015,5),(1225,1015,58),(1226,1015,63),(1227,1016,77),(1228,1016,94),(1229,1016,58),(1230,1016,33),(1231,1016,39),(1232,1019,16),(1233,1019,51),(1234,1019,63),(1235,1022,5),(1236,1023,16),(1237,1024,93),(1238,1024,99),(1239,1024,63),(1240,1024,55),(1241,1024,73),(1242,1028,63),(1243,1028,94),(1244,1028,58),(1245,1028,27),(1246,1028,33),(1247,1029,99),(1248,1030,99),(1249,1031,99),(1250,1032,63),(1251,1032,33),(1252,1032,27),(1253,1033,73),(1254,1033,94),(1255,1033,28),(1256,1033,33),(1257,1034,63),(1258,1034,30),(1259,1034,24),(1260,1038,63),(1261,1038,94),(1262,1038,58),(1263,1038,33),(1264,1038,27),(1265,1047,13),(1266,1047,36),(1267,1047,96),(1268,1048,81),(1269,1048,81),(1270,1048,60),(1271,1048,46),(1272,1051,62),(1273,1051,24),(1274,1051,33),(1275,1052,73),(1276,1052,94),(1277,1052,30),(1278,1052,28),(1279,1053,12),(1280,1053,17),(1281,1053,73),(1282,1053,58),(1283,1054,63),(1284,1054,94),(1285,1054,33),(1286,1055,6),(1287,1057,94),(1288,1057,38),(1289,1057,33),(1290,1063,61),(1291,1063,94),(1292,1063,58),(1293,1063,33),(1294,1063,27),(1295,1064,11),(1296,1064,82),(1297,1064,14),(1298,1064,58),(1299,1064,63),(1300,NULL,77),(1301,NULL,94),(1302,NULL,27),(1303,1073,14),(1304,1073,28),(1305,1074,77),(1306,1074,24),(1307,1074,30),(1308,1075,12),(1309,1075,17),(1310,1075,73),(1311,1075,58),(1312,1076,63),(1313,1076,94),(1314,1076,33),(1315,1077,48),(1316,1078,90),(1317,1078,76),(1318,1079,16),(1319,1079,51),(1320,1079,63),(1321,1080,16),(1322,1080,27),(1323,1080,58),(1324,1081,16),(1325,1081,27),(1326,1081,22),(1327,1081,58),(1328,1082,16),(1329,1082,27),(1330,1082,22),(1331,1082,58),(1332,NULL,51),(1333,1090,99),(1334,1090,76),(1335,1091,77),(1336,1091,94),(1337,1091,27),(1338,1092,15),(1339,1092,53),(1340,1092,33),(1341,1093,101),(1342,1094,101),(1343,1094,61),(1344,1094,46),(1345,1095,12),(1346,1096,15),(1347,1096,53),(1348,1096,33),(1349,1097,101),(1350,1098,12),(1351,1099,101),(1352,1099,61),(1353,1099,46),(1354,1102,14),(1355,1102,28),(1356,1103,77),(1357,1103,30),(1358,1103,24),(1359,1104,64),(1360,1105,64),(1361,1110,102),(1362,1111,14),(1363,1112,16),(1364,1112,81),(1365,1112,81),(1366,1112,60),(1367,1112,46),(1368,1115,17),(1369,1115,73),(1370,1116,73),(1371,1116,94),(1372,1116,24),(1373,1116,30),(1374,1117,102),(1375,1118,14),(1376,1119,16),(1377,1119,81),(1378,1119,81),(1379,1119,60),(1380,1119,46),(1381,1122,16),(1382,1123,2),(1383,1123,14),(1384,1124,6),(1385,1124,14),(1386,1125,2),(1387,1125,14),(1388,1126,6),(1389,1126,14),(1390,1127,16),(1391,1129,12),(1392,1129,56),(1393,1130,63),(1394,1130,14),(1395,1130,34),(1396,1131,4),(1397,1131,63),(1398,1132,5),(1399,1132,14),(1400,1133,53),(1401,1133,22),(1402,1134,53),(1403,1134,22),(1404,1135,53),(1405,1135,22),(1406,1136,53),(1407,1136,22),(1408,1137,53),(1409,1137,22),(1410,1138,53),(1411,1138,22),(1412,1139,5),(1413,1139,14),(1414,1140,64),(1415,1141,64),(1416,1146,53),(1417,1146,22),(1418,1147,53),(1419,1147,22),(1420,1148,53),(1421,1148,22),(1422,1149,5),(1423,1149,14),(1424,1153,51),(1425,NULL,51),(1426,1161,5),(1427,1161,14),(1428,1162,53),(1429,1162,22),(1430,1163,53),(1431,1163,22),(1432,1164,53),(1433,1164,22),(1434,1170,51),(1435,1177,77),(1436,1182,51),(1437,1190,77),(1438,NULL,51),(1439,1202,77),(1440,1209,77),(1441,1214,51),(1442,1220,51),(1443,1226,51),(1444,1228,51),(1445,1233,51),(1446,1243,51),(1447,1248,63),(1448,1248,94),(1449,1248,58),(1450,1248,27),(1451,1248,33),(1452,1249,51),(1453,1255,51),(1454,1261,51),(1455,1274,103),(1456,1274,42),(1457,1275,51),(1458,1275,63),(1459,1276,73),(1460,1276,48),(1461,1279,25),(1462,1279,16),(1463,1279,51),(1464,1279,63),(1465,1282,73),(1466,1282,48),(1467,1283,25),(1468,1283,16),(1469,1283,51),(1470,1283,63),(1471,NULL,14),(1472,NULL,64),(1473,1290,64),(1474,1291,14),(1475,NULL,62),(1476,NULL,63),(1477,1310,62),(1478,1316,106),(1479,1316,107),(1480,1316,108),(1481,1316,109),(1482,1316,110);
/*!40000 ALTER TABLE `ship_upgrade` ENABLE KEYS */;
UNLOCK TABLES;

--
-- Table structure for table `ship_upgrade2`
--

DROP TABLE IF EXISTS `ship_upgrade2`;
/*!40101 SET @saved_cs_client     = @@character_set_client */;
/*!40101 SET character_set_client = utf8 */;
CREATE TABLE `ship_upgrade2` (
  `id` int(11) NOT NULL AUTO_INCREMENT,
  `ship2_id` int(11) DEFAULT NULL,
  `upgrade_id` int(11) DEFAULT NULL,
  PRIMARY KEY (`id`),
  KEY `ship2_id` (`ship2_id`),
  KEY `upgrade_id` (`upgrade_id`),
  CONSTRAINT `ship_upgrade2_ibfk_1` FOREIGN KEY (`ship2_id`) REFERENCES `ship2` (`id`),
  CONSTRAINT `ship_upgrade2_ibfk_2` FOREIGN KEY (`upgrade_id`) REFERENCES `upgrade` (`id`)
) ENGINE=InnoDB AUTO_INCREMENT=1159 DEFAULT CHARSET=utf8;
/*!40101 SET character_set_client = @saved_cs_client */;

--
-- Dumping data for table `ship_upgrade2`
--

LOCK TABLES `ship_upgrade2` WRITE;
/*!40000 ALTER TABLE `ship_upgrade2` DISABLE KEYS */;
INSERT INTO `ship_upgrade2` VALUES (1,4,106),(2,4,107),(3,4,108),(4,4,109),(5,4,110),(6,8,64),(7,9,42),(8,9,16),(9,9,51),(10,9,63),(11,13,63),(12,13,94),(13,13,58),(14,13,27),(15,13,33),(16,16,12),(17,16,62),(18,17,63),(19,18,19),(20,18,15),(21,18,50),(22,19,19),(23,19,15),(24,19,50),(25,20,42),(26,20,18),(27,20,51),(28,20,63),(29,25,62),(30,31,77),(31,31,94),(32,31,58),(33,31,39),(34,31,33),(35,32,5),(36,32,14),(37,33,53),(38,33,22),(39,34,53),(40,34,22),(41,35,53),(42,35,22),(43,36,24),(44,36,17),(45,36,51),(46,36,63),(47,41,17),(48,42,17),(49,43,17),(50,46,41),(51,47,27),(52,47,16),(53,47,51),(54,47,63),(55,48,73),(56,49,5),(57,49,14),(58,50,53),(59,50,22),(60,51,53),(61,51,22),(62,52,53),(63,52,22),(64,53,63),(65,53,13),(66,53,24),(67,53,96),(68,53,58),(69,54,73),(70,54,94),(71,54,58),(72,54,34),(73,54,33),(74,63,62),(75,64,64),(76,65,15),(77,76,62),(78,81,14),(79,81,28),(80,82,77),(81,82,30),(82,82,24),(83,84,17),(84,85,73),(85,85,94),(86,85,58),(87,85,33),(88,85,34),(89,88,17),(90,89,17),(91,90,17),(92,91,42),(93,91,16),(94,91,51),(95,91,63),(96,92,41),(97,94,54),(98,95,24),(99,95,16),(100,95,51),(101,95,63),(102,96,16),(103,96,51),(104,96,63),(105,97,77),(106,97,94),(107,97,33),(108,97,39),(109,98,104),(110,101,16),(111,101,19),(112,102,92),(113,102,73),(114,102,55),(115,102,56),(116,103,101),(117,103,76),(118,103,58),(119,112,77),(120,112,94),(121,112,39),(122,112,33),(123,113,104),(124,113,46),(125,116,90),(126,116,73),(127,117,3),(128,118,5),(129,118,58),(130,118,63),(131,121,5),(132,122,12),(133,122,16),(134,122,63),(135,122,58),(136,132,14),(137,139,77),(138,139,94),(139,139,39),(140,139,33),(141,144,62),(142,145,62),(143,146,63),(144,146,55),(145,147,62),(146,147,24),(147,147,33),(148,148,73),(149,148,94),(150,148,30),(151,148,28),(152,149,41),(153,150,90),(154,150,63),(155,151,73),(156,151,48),(157,152,41),(158,153,86),(159,154,86),(160,155,86),(161,156,86),(162,159,17),(163,160,17),(164,161,17),(165,162,51),(166,168,19),(167,169,90),(168,169,19),(169,170,16),(170,170,51),(171,170,63),(172,174,63),(173,174,94),(174,174,58),(175,174,33),(176,174,27),(177,175,104),(178,178,17),(179,178,63),(180,178,58),(181,182,63),(182,182,94),(183,182,58),(184,182,33),(185,182,39),(186,183,17),(187,184,17),(188,185,17),(189,186,17),(190,187,16),(191,187,51),(192,187,63),(193,188,73),(194,189,73),(195,192,17),(196,193,17),(197,194,17),(198,195,18),(199,195,51),(200,195,63),(201,196,73),(202,197,63),(203,198,65),(204,198,13),(205,198,24),(206,198,96),(207,198,54),(208,199,77),(209,199,102),(210,199,94),(211,199,55),(212,199,33),(213,199,38),(214,200,2),(215,200,14),(216,201,6),(217,201,14),(218,202,16),(219,204,17),(220,204,73),(221,204,53),(222,204,30),(223,205,63),(224,205,94),(225,205,58),(226,205,39),(227,205,33),(228,206,15),(229,206,41),(230,206,19),(231,207,19),(232,208,42),(233,208,16),(234,208,51),(235,208,63),(236,212,42),(237,212,18),(238,212,51),(239,212,63),(240,213,99),(241,214,99),(242,217,12),(243,217,16),(244,217,73),(245,218,77),(246,219,1),(247,219,77),(248,220,1),(249,220,77),(250,222,62),(251,223,63),(252,224,64),(253,225,92),(254,225,73),(255,225,54),(256,225,55),(257,227,17),(258,227,73),(259,228,73),(260,228,94),(261,228,24),(262,228,30),(263,230,99),(264,230,73),(265,231,17),(266,231,63),(267,232,6),(268,233,92),(269,233,73),(270,233,55),(271,233,54),(272,234,90),(273,234,68),(274,236,73),(275,236,94),(276,236,33),(277,236,28),(278,238,6),(279,241,99),(280,241,76),(281,242,77),(282,242,94),(283,242,27),(284,243,17),(285,243,73),(286,244,12),(287,244,58),(288,244,77),(289,245,93),(290,245,99),(291,245,63),(292,245,76),(293,249,64),(294,250,77),(295,251,12),(296,251,56),(297,252,63),(298,252,14),(299,252,34),(300,253,4),(301,253,63),(302,256,5),(303,257,16),(304,258,93),(305,258,99),(306,258,63),(307,258,55),(308,258,73),(309,264,5),(310,264,58),(311,264,63),(312,265,6),(313,266,99),(314,267,14),(315,268,73),(316,268,58),(317,269,17),(318,270,17),(319,278,88),(320,281,77),(321,282,63),(322,282,94),(323,282,39),(324,285,14),(325,286,93),(326,286,99),(327,286,73),(328,286,76),(329,292,17),(330,293,17),(331,294,17),(332,295,77),(333,296,77),(334,297,77),(335,298,16),(336,298,53),(337,298,27),(338,299,16),(339,299,53),(340,299,27),(341,300,16),(342,300,88),(343,305,1),(344,305,73),(345,306,6),(346,308,3),(347,309,77),(348,310,63),(349,311,77),(350,312,77),(351,313,77),(352,314,63),(353,315,73),(354,322,76),(355,323,19),(356,323,16),(357,323,51),(358,323,63),(359,324,14),(360,324,30),(361,325,14),(362,326,61),(363,326,33),(364,326,24),(365,328,77),(366,329,77),(367,330,77),(368,331,101),(369,331,63),(370,332,73),(371,332,53),(372,332,30),(373,333,16),(374,333,53),(375,333,39),(376,334,93),(377,334,101),(378,334,63),(379,334,46),(380,334,76),(381,335,73),(382,335,94),(383,335,28),(384,335,33),(385,336,63),(386,336,30),(387,336,24),(388,337,54),(389,338,23),(390,338,16),(391,338,51),(392,338,63),(393,339,88),(394,339,63),(395,340,16),(396,341,63),(397,342,92),(398,342,73),(399,342,54),(400,342,55),(401,347,86),(402,347,63),(403,347,58),(404,347,25),(405,348,101),(406,349,14),(407,350,64),(408,351,84),(409,351,81),(410,351,60),(411,355,77),(412,355,94),(413,355,58),(414,355,33),(415,355,38),(416,356,90),(417,357,90),(418,358,55),(419,358,62),(420,361,101),(421,361,63),(422,362,77),(423,363,77),(424,364,77),(425,365,77),(426,366,73),(427,366,48),(428,369,73),(429,369,58),(430,370,16),(431,370,74),(432,371,12),(433,371,16),(434,371,73),(435,372,77),(436,372,33),(437,372,39),(438,375,17),(439,376,17),(440,377,17),(441,382,73),(442,384,93),(443,384,101),(444,384,63),(445,384,73),(446,385,90),(447,386,17),(448,386,90),(449,386,63),(450,388,16),(451,389,16),(452,390,92),(453,390,73),(454,390,54),(455,391,88),(456,391,63),(457,392,23),(458,392,16),(459,392,51),(460,392,63),(461,393,54),(462,394,93),(463,394,99),(464,394,73),(465,394,77),(466,398,17),(467,399,17),(468,400,38),(469,403,77),(470,404,63),(471,404,25),(472,405,25),(473,405,16),(474,405,51),(475,405,63),(476,407,90),(477,411,5),(478,411,58),(479,411,63),(480,412,15),(481,412,53),(482,412,33),(483,413,101),(484,414,12),(485,415,101),(486,415,61),(487,415,46),(488,416,99),(489,417,99),(490,418,99),(491,419,99),(492,420,11),(493,420,82),(494,420,14),(495,420,58),(496,420,63),(497,421,41),(498,423,42),(499,423,51),(500,423,63),(501,424,99),(502,426,63),(503,426,94),(504,426,58),(505,426,33),(506,426,27),(507,428,99),(508,428,73),(509,429,99),(510,429,73),(511,430,12),(512,430,81),(513,430,16),(514,430,63),(515,430,58),(516,431,16),(517,431,27),(518,431,58),(519,432,16),(520,432,27),(521,432,22),(522,432,58),(523,433,16),(524,433,27),(525,433,22),(526,433,58),(527,434,90),(528,434,63),(529,434,25),(530,435,90),(531,435,27),(532,439,73),(533,439,48),(534,440,74),(535,440,48),(536,441,16),(537,441,88),(538,441,23),(539,441,42),(540,441,49),(541,442,12),(542,442,77),(543,442,58),(544,443,73),(545,443,94),(546,443,33),(547,448,62),(548,451,77),(549,451,94),(550,451,58),(551,451,38),(552,451,33),(553,455,77),(554,455,30),(555,455,24),(556,456,63),(557,456,24),(558,462,13),(559,462,36),(560,462,96),(561,463,64),(562,464,16),(563,465,16),(564,472,73),(565,479,77),(566,482,55),(567,483,12),(568,483,16),(569,483,73),(570,483,56),(571,487,77),(572,487,94),(573,487,58),(574,487,33),(575,487,27),(576,489,77),(577,489,94),(578,489,33),(579,489,39),(580,490,104),(581,490,46),(582,496,62),(583,497,62),(584,498,63),(585,498,55),(586,499,73),(587,499,94),(588,499,58),(589,499,33),(590,499,34),(591,500,63),(592,500,13),(593,500,24),(594,500,96),(595,500,58),(596,504,63),(597,504,94),(598,504,58),(599,504,39),(600,504,33),(601,505,12),(602,505,16),(603,505,73),(604,506,63),(605,506,94),(606,506,27),(607,506,33),(608,507,77),(609,507,94),(610,507,55),(611,507,33),(612,513,16),(613,514,16),(614,514,50),(615,515,73),(616,515,48),(617,516,41),(618,518,42),(619,518,16),(620,518,51),(621,518,63),(622,522,77),(623,522,94),(624,522,39),(625,522,33),(626,526,63),(627,526,94),(628,526,58),(629,526,33),(630,526,27),(631,535,41),(632,536,24),(633,536,51),(634,536,63),(635,537,51),(636,537,63),(637,538,5),(638,539,14),(639,540,14),(640,541,81),(641,541,60),(642,541,46),(643,544,77),(644,545,77),(645,549,64),(646,549,55),(647,550,16),(648,550,51),(649,550,63),(650,554,63),(651,554,94),(652,554,58),(653,554,27),(654,554,33),(655,558,42),(656,558,16),(657,558,51),(658,558,63),(659,560,16),(660,561,16),(661,562,101),(662,563,101),(663,564,64),(664,565,14),(665,573,77),(666,573,94),(667,573,58),(668,573,39),(669,573,33),(670,576,104),(671,577,77),(672,577,94),(673,577,33),(674,577,39),(675,578,13),(676,578,36),(677,578,96),(678,579,81),(679,579,81),(680,579,60),(681,579,46),(682,590,41),(683,591,86),(684,592,86),(685,593,86),(686,594,86),(687,596,99),(688,597,99),(689,598,73),(690,598,94),(691,598,33),(692,598,27),(693,599,33),(694,599,27),(695,600,64),(696,600,30),(697,604,63),(698,604,94),(699,604,58),(700,604,39),(701,604,33),(702,605,16),(703,606,16),(704,608,92),(705,608,73),(706,608,54),(707,609,16),(708,609,53),(709,609,30),(710,610,16),(711,611,16),(712,612,16),(713,613,18),(714,613,51),(715,613,63),(716,614,73),(717,615,63),(718,616,99),(719,616,73),(720,617,93),(721,617,99),(722,617,63),(723,617,73),(724,618,63),(725,619,99),(726,620,99),(727,621,99),(728,622,63),(729,622,33),(730,622,27),(731,623,12),(732,623,17),(733,623,73),(734,623,58),(735,624,63),(736,624,94),(737,624,33),(738,628,77),(739,628,94),(740,628,58),(741,628,33),(742,628,39),(743,630,17),(744,631,73),(745,631,94),(746,631,58),(747,631,33),(748,631,34),(749,632,65),(750,632,13),(751,632,24),(752,632,96),(753,632,54),(754,633,77),(755,633,102),(756,633,94),(757,633,55),(758,633,38),(759,633,33),(760,638,42),(761,638,16),(762,638,51),(763,638,63),(764,639,77),(765,639,30),(766,639,24),(767,640,64),(768,643,15),(769,644,15),(770,645,15),(771,646,104),(772,646,46),(773,647,100),(774,647,46),(775,648,99),(776,648,76),(777,649,12),(778,649,16),(779,649,63),(780,649,58),(781,654,62),(782,657,99),(783,658,99),(784,659,99),(785,660,99),(786,661,99),(787,662,99),(788,662,63),(789,663,77),(790,666,48),(791,667,90),(792,667,76),(793,668,16),(794,668,51),(795,668,63),(796,669,61),(797,669,94),(798,669,58),(799,669,33),(800,669,27),(801,670,11),(802,670,82),(803,670,14),(804,670,58),(805,670,63),(806,673,16),(807,673,51),(808,673,63),(809,674,41),(810,676,42),(811,676,16),(812,676,51),(813,676,63),(814,677,63),(815,677,30),(816,677,24),(817,678,73),(818,678,94),(819,678,28),(820,678,33),(821,683,5),(822,683,63),(823,685,90),(824,686,90),(825,687,16),(826,688,16),(827,689,16),(828,690,16),(829,691,77),(830,692,77),(831,693,77),(832,694,77),(833,695,77),(834,696,62),(835,699,17),(836,700,17),(837,701,17),(838,705,77),(839,705,94),(840,705,58),(841,705,33),(842,705,27),(843,706,5),(844,706,14),(845,707,53),(846,707,22),(847,708,53),(848,708,22),(849,709,53),(850,709,22),(851,714,90),(852,714,58),(853,714,63),(854,717,64),(855,718,14),(856,719,6),(857,721,94),(858,721,38),(859,721,33),(860,722,41),(861,723,24),(862,723,16),(863,723,51),(864,723,63),(865,724,73),(866,724,48),(867,725,103),(868,725,100),(869,726,62),(870,726,48),(871,727,65),(872,728,103),(873,731,17),(874,732,17),(875,733,17),(876,739,24),(877,739,16),(878,739,51),(879,739,63),(880,740,27),(881,740,16),(882,740,51),(883,740,63),(884,742,17),(885,742,90),(886,742,42),(887,742,22),(888,742,58),(889,751,77),(890,752,77),(891,753,63),(892,753,48),(893,754,73),(894,754,55),(895,755,16),(896,755,51),(897,755,63),(898,759,77),(899,759,94),(900,759,58),(901,759,27),(902,759,33),(903,760,94),(904,760,27),(905,761,33),(906,761,27),(907,767,64),(908,773,63),(909,774,41),(910,775,90),(911,775,63),(912,776,73),(913,776,48),(914,777,104),(915,780,17),(916,780,63),(917,780,58),(918,783,17),(919,784,17),(920,785,5),(921,785,14),(922,789,90),(923,790,5),(924,790,58),(925,790,63),(926,791,13),(927,791,24),(928,792,13),(929,792,24),(930,793,73),(931,793,94),(932,793,34),(933,793,30),(934,794,63),(935,795,73),(936,798,12),(937,798,56),(938,799,16),(939,799,90),(940,800,16),(941,800,90),(942,800,53),(943,800,30),(944,801,19),(945,801,16),(946,801,51),(947,801,63),(948,802,92),(949,802,73),(950,802,54),(951,802,48),(952,807,27),(953,808,51),(954,808,63),(955,809,2),(956,809,14),(957,809,58),(958,810,2),(959,810,14),(960,810,58),(961,811,11),(962,811,82),(963,811,82),(964,811,14),(965,811,58),(966,811,63),(967,812,42),(968,812,16),(969,812,51),(970,812,63),(971,813,19),(972,814,15),(973,814,19),(974,814,41),(975,819,90),(976,819,24),(977,820,77),(978,821,1),(979,821,77),(980,822,1),(981,822,77),(982,828,90),(983,828,73),(984,829,3),(985,830,5),(986,830,58),(987,830,63),(988,831,99),(989,832,99),(990,833,99),(991,834,12),(992,834,81),(993,834,16),(994,834,63),(995,834,58),(996,839,62),(997,842,63),(998,842,58),(999,842,42),(1000,843,16),(1001,843,51),(1002,843,63),(1003,847,73),(1004,847,48),(1005,848,25),(1006,848,16),(1007,848,51),(1008,848,63),(1009,849,99),(1010,850,94),(1011,850,49),(1012,853,14),(1013,853,28),(1014,854,6),(1015,854,16),(1016,854,63),(1017,855,73),(1018,855,94),(1019,855,58),(1020,855,39),(1021,855,30),(1022,860,77),(1023,860,58),(1024,860,42),(1025,863,73),(1026,863,58),(1027,864,93),(1028,864,99),(1029,864,76),(1030,864,54),(1031,864,77),(1032,865,65),(1033,865,13),(1034,865,30),(1035,865,96),(1036,865,56),(1037,866,77),(1038,866,103),(1039,866,94),(1040,866,56),(1041,866,39),(1042,866,24),(1043,869,14),(1044,870,104),(1045,870,63),(1046,871,64),(1047,872,64),(1048,879,12),(1049,879,16),(1050,879,73),(1051,879,58),(1052,880,93),(1053,880,99),(1054,880,73),(1055,880,63),(1056,882,103),(1057,882,42),(1058,883,51),(1059,883,63),(1060,888,62),(1061,891,22),(1062,892,22),(1063,893,97),(1064,894,5),(1065,894,58),(1066,894,63),(1067,895,77),(1068,895,94),(1069,895,58),(1070,895,33),(1071,895,39),(1072,896,41),(1073,896,19),(1074,897,73),(1075,898,73),(1076,899,73),(1077,900,7),(1078,900,14),(1079,901,13),(1080,902,88),(1081,903,16),(1082,903,53),(1083,903,30),(1084,904,102),(1085,905,14),(1086,906,16),(1087,906,81),(1088,906,81),(1089,906,60),(1090,906,46),(1091,908,17),(1092,908,90),(1093,908,77),(1094,909,73),(1095,909,94),(1096,909,58),(1097,909,30),(1098,909,28),(1099,910,54),(1100,911,104),(1101,911,46),(1102,912,90),(1103,912,54),(1104,912,27),(1105,913,77),(1106,914,77),(1107,915,77),(1108,919,64),(1109,920,103),(1110,920,65),(1111,925,63),(1112,925,94),(1113,925,33),(1114,926,41),(1115,927,90),(1116,927,24),(1117,928,73),(1118,932,63),(1119,932,94),(1120,932,58),(1121,932,27),(1122,932,33),(1123,933,54),(1124,941,27),(1125,941,16),(1126,941,51),(1127,941,63),(1128,942,101),(1129,942,76),(1130,942,58),(1131,946,63),(1132,950,41),(1133,951,42),(1134,951,51),(1135,951,63),(1136,952,73),(1137,952,48),(1138,953,77),(1139,954,16),(1140,954,27),(1141,957,63),(1142,957,94),(1143,957,58),(1144,957,33),(1145,957,39),(1146,968,62),(1147,969,64),(1148,970,102),(1149,970,64),(1150,970,46),(1151,971,92),(1152,971,77),(1153,971,55),(1154,971,56),(1155,972,92),(1156,972,59),(1157,972,56),(1158,972,55);
/*!40000 ALTER TABLE `ship_upgrade2` ENABLE KEYS */;
UNLOCK TABLES;

--
-- Table structure for table `tlist`
--

DROP TABLE IF EXISTS `tlist`;
/*!40101 SET @saved_cs_client     = @@character_set_client */;
/*!40101 SET character_set_client = utf8 */;
CREATE TABLE `tlist` (
  `id` int(11) NOT NULL AUTO_INCREMENT,
  `tourney_id` int(11) DEFAULT NULL,
  `player_name` varchar(128) DEFAULT NULL,
  `tourney_standing` int(11) DEFAULT NULL,
  `tourney_elim_standing` int(11) DEFAULT NULL,
  `image` varchar(128) DEFAULT NULL,
  `name` varchar(128) DEFAULT NULL,
  `faction` enum('Rebel','Imperial') DEFAULT NULL,
  `points` int(11) DEFAULT NULL,
  PRIMARY KEY (`id`),
  KEY `tourney_id` (`tourney_id`),
  CONSTRAINT `tlist_ibfk_1` FOREIGN KEY (`tourney_id`) REFERENCES `tourney2` (`id`)
) ENGINE=InnoDB AUTO_INCREMENT=242 DEFAULT CHARSET=utf8;
/*!40101 SET character_set_client = @saved_cs_client */;

--
-- Dumping data for table `tlist`
--

LOCK TABLES `tlist` WRITE;
/*!40000 ALTER TABLE `tlist` DISABLE KEYS */;
INSERT INTO `tlist` VALUES (1,1,'Ira Mayer',1,NULL,'static/tourneys/worlds/Flight1/Ira Mayer 1.jpeg',NULL,'Rebel',100),(2,1,'Morgan Reid',2,NULL,'static/tourneys/worlds/Flight1/Morgan Reid 2.jpeg',NULL,'Imperial',98),(3,1,'Joseph Kaufman',3,NULL,'static/tourneys/worlds/Flight1/Joseph Kaufman 3.jpeg',NULL,'Rebel',99),(4,1,'Richard Hsu',4,NULL,'static/tourneys/worlds/Flight1/Richard Hsu 4.jpeg',NULL,'Rebel',100),(5,1,'Aaron Bonar',5,NULL,'static/tourneys/worlds/Flight1/Aaron Bonar 5.jpeg',NULL,'Imperial',100),(6,1,'Doug Kinney',6,NULL,'static/tourneys/worlds/Flight1/Doug Kinney 6.jpeg',NULL,'Imperial',100),(7,1,'James Skeffington',7,NULL,'static/tourneys/worlds/Flight1/James Skeffington 7.jpeg',NULL,'Rebel',100),(8,1,'Scott Williams',8,NULL,'static/tourneys/worlds/Flight1/Scott Williams 8.jpeg',NULL,'Rebel',100),(9,1,'Ryan Weissinger',9,NULL,'static/tourneys/worlds/Flight1/Ryan Weissinger 9.jpeg',NULL,'Imperial',97),(10,1,'Patrick McDonald',10,NULL,'static/tourneys/worlds/Flight1/Patrick McDonald 10.jpeg',NULL,'Rebel',99),(11,1,'James McDonald',11,NULL,'static/tourneys/worlds/Flight1/James McDonald 11.jpeg',NULL,'Imperial',98),(12,1,'Jonathan Gomes',13,NULL,'static/tourneys/worlds/Flight1/Jonathan Gomes 13.jpg',NULL,'Rebel',100),(13,1,'Chris Jenkins',14,NULL,'static/tourneys/worlds/Flight1/Chris Jenkins 14.jpeg',NULL,'Rebel',100),(14,1,'Nick Jones',16,NULL,'static/tourneys/worlds/Flight1/Nick Jones 16.jpeg',NULL,'Imperial',99),(15,1,'Evan Claassen',17,NULL,'static/tourneys/worlds/Flight1/Evan Claassen 17.jpeg',NULL,'Rebel',99),(16,1,'Dustin Poskochil',18,NULL,'static/tourneys/worlds/Flight1/Dustin Poskochil 18.jpeg',NULL,'Imperial',100),(17,1,'Keith Wilson',19,NULL,'static/tourneys/worlds/Flight1/Keith Wilson 19.jpeg',NULL,'Imperial',99),(18,1,'Jason McMahon',20,NULL,'static/tourneys/worlds/Flight1/Jason McMahon 20.jpeg',NULL,'Rebel',100),(19,1,'Dustin Foran',21,NULL,'static/tourneys/worlds/Flight1/Dustin Foran 21.jpeg',NULL,'Rebel',100),(20,1,'Michael Russell',22,NULL,'static/tourneys/worlds/Flight1/Michael Russell 22.jpeg',NULL,'Rebel',99),(21,1,'Ron Brannon',23,NULL,'static/tourneys/worlds/Flight1/Ron Brannon 23.jpeg',NULL,'Imperial',99),(22,1,'Brian Charlier',24,NULL,'static/tourneys/worlds/Flight1/Brian Charlier 24.jpeg',NULL,'Imperial',98),(23,1,'James Hobbs',25,NULL,'static/tourneys/worlds/Flight1/James Hobbs 25.jpeg',NULL,'Rebel',100),(24,1,'Rick Sidebotham',26,NULL,'static/tourneys/worlds/Flight1/Rick Sidebotham 26.jpeg',NULL,'Imperial',100),(25,1,'Jonathan Reinig',27,NULL,'static/tourneys/worlds/Flight1/Jonathan Reinig 27.jpeg',NULL,'Rebel',96),(26,1,'Landon Otis',28,NULL,'static/tourneys/worlds/Flight1/Landon Otis 28.jpeg',NULL,'Rebel',100),(27,1,'Kevin Leintz',29,NULL,'static/tourneys/worlds/Flight1/Kevin Leintz 29.jpeg',NULL,'Rebel',100),(28,1,'Matt Baxter',30,NULL,'static/tourneys/worlds/Flight1/Matt Baxter 30.jpeg',NULL,'Rebel',99),(29,1,'Jean-Christophe Hu',31,NULL,'static/tourneys/worlds/Flight1/Jean-Christophe Hu 31.jpeg',NULL,'Imperial',100),(30,1,'Jim Blakley',32,NULL,'static/tourneys/worlds/Flight1/Jim Blakley 32.jpeg',NULL,'Rebel',100),(31,1,'Bjorn Kraft',33,NULL,'static/tourneys/worlds/Flight1/Bjorn Kraft 33.jpeg',NULL,'Rebel',99),(32,1,'Dallas Parker',34,NULL,'static/tourneys/worlds/Flight1/Dallas Parker 34.jpeg',NULL,'Imperial',100),(33,1,'James Proctor',35,NULL,'static/tourneys/worlds/Flight1/James Proctor 35.jpeg',NULL,'Rebel',100),(34,1,'Tyler Tippett',36,NULL,'static/tourneys/worlds/Flight1/Tyler Tippett 36.jpeg',NULL,'Imperial',99),(35,1,'Mark Fletcher',37,NULL,'static/tourneys/worlds/Flight1/Mark Fletcher 37.jpeg',NULL,'Imperial',100),(36,1,'Sean Esser',38,NULL,'static/tourneys/worlds/Flight1/Sean Esser 38.jpeg',NULL,'Rebel',99),(37,1,'Bronson Wongkew',39,NULL,'static/tourneys/worlds/Flight1/Bronson Wongkew 39.jpeg',NULL,'Imperial',100),(38,1,'Kyle Adams',40,NULL,'static/tourneys/worlds/Flight1/Kyle Adams 40.jpeg',NULL,'Imperial',100),(39,1,'Ian Schaffer',41,NULL,'static/tourneys/worlds/Flight1/Ian Schaffer 41.jpeg',NULL,'Rebel',99),(40,1,'Matthew Moutoux',42,NULL,'static/tourneys/worlds/Flight1/Matthew Moutoux 42.jpeg',NULL,'Rebel',100),(41,1,'Christopher Bates',43,NULL,'static/tourneys/worlds/Flight1/Christopher Bates 43.jpeg',NULL,'Rebel',100),(42,1,'Marv Cole',44,NULL,'static/tourneys/worlds/Flight1/Marv Cole 44.jpeg',NULL,'Rebel',100),(43,1,'Randy Barker',45,NULL,'static/tourneys/worlds/Flight1/Randy Barker 45.jpeg',NULL,'Imperial',98),(44,1,'Howard Thomas',46,NULL,'static/tourneys/worlds/Flight1/Howard Thomas 46.jpeg',NULL,'Rebel',99),(45,1,'Jason Markowitz',47,NULL,'static/tourneys/worlds/Flight1/Jason Markowitz 47.jpeg',NULL,'Imperial',98),(46,1,'Jeff Berling',48,NULL,'static/tourneys/worlds/Flight1/Jeff Berling 48.jpeg',NULL,'Rebel',100),(47,1,'Robert Thomas',49,NULL,'static/tourneys/worlds/Flight1/Robert Thomas 49.jpeg',NULL,'Rebel',100),(48,1,'Rene Modery',50,NULL,'static/tourneys/worlds/Flight1/Rene Modery 50.jpeg',NULL,'Rebel',100),(49,1,'Bernie Lin',51,NULL,'static/tourneys/worlds/Flight1/Bernie Lin 51.jpeg',NULL,'Imperial',100),(50,1,'Gavin Norman',52,NULL,'static/tourneys/worlds/Flight1/Gavin Norman 52.jpeg',NULL,'Imperial',98),(51,1,'James Elhardt',53,NULL,'static/tourneys/worlds/Flight1/James Elhardt 53.jpeg',NULL,'Rebel',100),(52,1,'Troy Perry',54,NULL,'static/tourneys/worlds/Flight1/Troy Perry 54.jpeg',NULL,'Rebel',100),(53,1,'Mike Little',55,NULL,'static/tourneys/worlds/Flight1/Mike Little 55.jpeg',NULL,'Imperial',100),(54,1,'Scott Syverson',56,NULL,'static/tourneys/worlds/Flight1/Scott Syverson 56.jpeg',NULL,'Rebel',100),(55,1,'Josh Ackerman',57,NULL,'static/tourneys/worlds/Flight1/Josh Ackerman 57.jpeg',NULL,'Rebel',100),(56,1,'Alex Wobberna',58,NULL,'static/tourneys/worlds/Flight1/Alex Wobberna 58.jpeg',NULL,'Imperial',100),(57,1,'Jason Becker',59,NULL,'static/tourneys/worlds/Flight1/Jason Becker 59.jpeg',NULL,'Rebel',100),(58,1,'Andrew Kluis',60,NULL,'static/tourneys/worlds/Flight1/Andrew Kluis 60.jpeg',NULL,'Rebel',100),(59,1,'Eero Bodien',61,NULL,'static/tourneys/worlds/Flight1/Eero Bodien 61.jpeg',NULL,'Rebel',100),(60,1,'Anthony Backhaus',62,NULL,'static/tourneys/worlds/Flight1/Anthony Backhaus 62.jpeg',NULL,'Imperial',100),(61,1,'James Tomasson',63,NULL,'static/tourneys/worlds/Flight1/James Tomasson 63.jpeg',NULL,'Rebel',99),(62,1,'Colin McMahon',64,NULL,'static/tourneys/worlds/Flight1/Colin McMahon 64.jpeg',NULL,'Rebel',100),(63,1,'Joseph Hensen',65,NULL,'static/tourneys/worlds/Flight1/Joseph Hensen 65.jpeg',NULL,'Rebel',100),(64,1,'Jim Lumpkin',66,NULL,'static/tourneys/worlds/Flight1/Jim Lumpkin 66.jpeg',NULL,'Rebel',100),(65,1,'Carl Peach',67,NULL,'static/tourneys/worlds/Flight1/Carl Peach 67.jpeg',NULL,'Rebel',100),(66,1,'Chris Miller',68,NULL,'static/tourneys/worlds/Flight1/Chris Miller 68.jpeg',NULL,'Rebel',100),(67,1,'Jenny Schafer',69,NULL,'static/tourneys/worlds/Flight1/Jenny Schafer 69.jpeg',NULL,'Imperial',99),(68,1,'Adam Schuh',70,NULL,'static/tourneys/worlds/Flight1/Adam Schuh 70.jpeg',NULL,'Rebel',100),(69,1,'Matt Brugge',71,NULL,'static/tourneys/worlds/Flight1/Matt Brugge 71.jpeg',NULL,'Rebel',99),(70,1,'Michael Evans',72,NULL,'static/tourneys/worlds/Flight1/Michael Evans 72.jpeg',NULL,'Imperial',99),(71,1,'Neil Gilsdorf',73,NULL,'static/tourneys/worlds/Flight1/Neil Gilsdorf 73.jpeg',NULL,'Rebel',99),(72,1,'Adam Uhler',74,NULL,'static/tourneys/worlds/Flight1/Adam Uhler 74.jpeg',NULL,'Rebel',98),(73,1,'Pasquale Mazzei',75,NULL,'static/tourneys/worlds/Flight1/Pasquale Mazzei 75.jpeg',NULL,'Rebel',99),(74,1,'Eric Meske',76,NULL,'static/tourneys/worlds/Flight1/Eric Meske 76.jpeg',NULL,'Rebel',100),(75,1,'Patrick Doyle',77,NULL,'static/tourneys/worlds/Flight1/Patrick Doyle 77.jpeg',NULL,'Rebel',100),(76,1,'Matt Holland',78,NULL,'static/tourneys/worlds/Flight1/Matt Holland 78.jpeg',NULL,'Imperial',99),(77,1,'Erik Gudmunson',79,NULL,'static/tourneys/worlds/Flight1/Erik Gudmunson 79.jpeg',NULL,'Rebel',100),(78,1,'Joe McGlinchey',80,NULL,'static/tourneys/worlds/Flight1/Joe McGlinchey 80.jpeg',NULL,'Imperial',99),(79,1,'Shayn Lavender',81,NULL,'static/tourneys/worlds/Flight1/Shayn Lavender 81.jpeg',NULL,'Rebel',99),(80,1,'Marshal Blackburn',82,NULL,'static/tourneys/worlds/Flight1/Marshal Blackburn 82.jpeg',NULL,'Imperial',100),(81,1,'Jim Spurrier',83,NULL,'static/tourneys/worlds/Flight1/Jim Spurrier 83.jpeg',NULL,'Rebel',99),(82,1,'Rebecca Zittel',84,NULL,'static/tourneys/worlds/Flight1/Rebecca Zittel 84.jpeg',NULL,'Rebel',100),(83,1,'Paul Dykstra',85,NULL,'static/tourneys/worlds/Flight1/Paul Dykstra 85.jpeg',NULL,'Imperial',100),(84,1,'Kent Kampos',86,NULL,'static/tourneys/worlds/Flight1/Kent Kampos 86.jpeg',NULL,'Imperial',100),(85,1,'Timothy Sturm',87,NULL,'static/tourneys/worlds/Flight1/Timothy Sturm 87.jpeg',NULL,'Imperial',98),(86,1,'Matt Froom',88,NULL,'static/tourneys/worlds/Flight1/Matt Froom 88.jpeg',NULL,'Rebel',100),(87,1,'Chien Lin',89,NULL,'static/tourneys/worlds/Flight1/Chien Lin 89.jpeg',NULL,'Rebel',97),(88,1,'Tony Staub',90,NULL,'static/tourneys/worlds/Flight1/Tony Staub 90.jpeg',NULL,'Imperial',100),(89,1,'David Cohn',91,NULL,'static/tourneys/worlds/Flight1/David Cohn 91.jpeg',NULL,'Imperial',99),(90,1,'Jason Reynolds',92,NULL,'static/tourneys/worlds/Flight1/Jason Reynolds 92.jpeg',NULL,'Imperial',100),(91,1,'Jason Matchett',93,NULL,'static/tourneys/worlds/Flight1/Jason Matchett 93.jpeg',NULL,'Rebel',100),(92,1,'Andre Benedict',94,NULL,'static/tourneys/worlds/Flight1/Andre Benedict 94.jpeg',NULL,'Rebel',99),(93,1,'Jason Neurath',95,NULL,'static/tourneys/worlds/Flight1/Jason Neurath 95.jpeg',NULL,'Rebel',99),(94,1,'Meshari Al-Faris',96,NULL,'static/tourneys/worlds/Flight1/Meshari Al-Faris 96.jpeg',NULL,'Imperial',100),(95,1,'Ben Franzen',97,NULL,'static/tourneys/worlds/Flight1/Ben Franzen 97.jpeg',NULL,'Rebel',100),(96,1,'Steve Dodd',98,NULL,'static/tourneys/worlds/Flight1/Steve Dodd 98.jpeg',NULL,'Imperial',100),(97,1,'Ethan Westgate',99,NULL,'static/tourneys/worlds/Flight1/Ethan Westgate 99.jpeg',NULL,'Imperial',100),(98,1,'Timothy Dugan',100,NULL,'static/tourneys/worlds/Flight1/Timothy Dugan 100.jpeg',NULL,'Rebel',100),(99,1,'Rachel Houk',101,NULL,'static/tourneys/worlds/Flight1/Rachel Houk 101.jpeg',NULL,'Rebel',100),(100,1,'Nickie Bonar',102,NULL,'static/tourneys/worlds/Flight1/Nickie Bonar 102.jpeg',NULL,'Imperial',100),(101,1,'Shawn Patterson',103,NULL,'static/tourneys/worlds/Flight1/Shawn Patterson 103.jpeg',NULL,'Imperial',97),(102,1,'Devon Hein',104,NULL,'static/tourneys/worlds/Flight1/Devon Hein 104.jpeg',NULL,'Rebel',100),(103,1,'John Leibel',105,NULL,'static/tourneys/worlds/Flight1/John Leibel 105.jpeg',NULL,'Rebel',100),(104,1,'Richard White',106,NULL,'static/tourneys/worlds/Flight1/Richard White 106.jpeg',NULL,'Rebel',100),(105,1,'Dien Tran',107,NULL,'static/tourneys/worlds/Flight1/Dien Tran 107.jpeg',NULL,'Imperial',100),(106,1,'Rich Meade',108,NULL,'static/tourneys/worlds/Flight1/Rich Meade 108.jpeg',NULL,'Rebel',100),(107,1,'Kyle O-Connell',109,NULL,'static/tourneys/worlds/Flight1/Kyle O-Connell 109.jpeg',NULL,'Rebel',100),(108,1,'Matthew Walker',110,NULL,'static/tourneys/worlds/Flight1/Matthew Walker 110.jpeg',NULL,'Imperial',100),(109,1,'Martin Hoffman',111,NULL,'static/tourneys/worlds/Flight1/Martin Hoffman 111.jpeg',NULL,'Imperial',98),(110,1,'Brian Brimmer',112,NULL,'static/tourneys/worlds/Flight1/Brian Brimmer 112.jpeg',NULL,'Rebel',100),(111,1,'Michael Jones',113,NULL,'static/tourneys/worlds/Flight1/Michael Jones 113.jpeg',NULL,'Imperial',100),(112,1,'Garrett Pruim',114,NULL,'static/tourneys/worlds/Flight1/Garrett Pruim 114.jpeg',NULL,'Rebel',99),(113,2,'Keith Wilson',1,NULL,'static/tourneys/worlds/Flight2/Keith Wilson 1.jpeg',NULL,'Imperial',99),(114,2,'Paul Heaver',2,NULL,'static/tourneys/worlds/Flight2/Paul Heaver 2.jpeg',NULL,'Rebel',100),(115,2,'Jim Judziewicz',3,NULL,'static/tourneys/worlds/Flight2/Jim Judziewicz 3.jpeg',NULL,'Rebel',100),(116,2,'William Wadden',4,NULL,'static/tourneys/worlds/Flight2/William Wadden 4.jpeg',NULL,'Rebel',100),(117,2,'Lyle Hayhurst',5,NULL,'static/tourneys/worlds/Flight2/Lyle Hayhurst 5.jpeg',NULL,'Rebel',99),(118,2,'Patrick Wilcox',6,NULL,'static/tourneys/worlds/Flight2/Patrick Wilcox 6.jpeg',NULL,'Imperial',99),(119,2,'Iain Hamp',7,NULL,'static/tourneys/worlds/Flight2/Iain Hamp 7.jpeg',NULL,'Imperial',99),(120,2,'Nathan Eide',8,NULL,'static/tourneys/worlds/Flight2/Nathan Eide 8.jpeg',NULL,'Rebel',100),(121,2,'Chien Lin',9,NULL,'static/tourneys/worlds/Flight2/Chien Lin 9.jpeg',NULL,'Rebel',98),(122,2,'Landon Otis',10,NULL,'static/tourneys/worlds/Flight2/Landon Otis 10.jpeg',NULL,'Rebel',100),(123,2,'Dallas Parker',11,NULL,'static/tourneys/worlds/Flight2/Dallas Parker 11.jpeg',NULL,'Imperial',100),(124,2,'Captain Typo',12,NULL,'static/tourneys/worlds/Flight2/Captain Typo 12.jpeg',NULL,'Rebel',100),(125,2,'Jeff Judziewicz',13,NULL,'static/tourneys/worlds/Flight2/Jeff Judziewicz 13.jpeg',NULL,'Rebel',100),(126,2,'Daniel Hars',14,NULL,'static/tourneys/worlds/Flight2/Daniel Hars 14.jpeg',NULL,'Rebel',100),(127,2,'Jason Christopherson',15,NULL,'static/tourneys/worlds/Flight2/Jason Christopherson 15.jpeg',NULL,'Rebel',100),(128,2,'Dom Cairo',16,NULL,'static/tourneys/worlds/Flight2/Dom Cairo 16.jpeg',NULL,'Imperial',100),(129,2,'Ben Keller',17,NULL,'static/tourneys/worlds/Flight2/Ben Keller 17.jpeg',NULL,'Imperial',99),(130,2,'Bjorn Frafft',18,NULL,'static/tourneys/worlds/Flight2/Bjorn Frafft 18.jpeg',NULL,'Rebel',99),(131,2,'Dion Erbes',19,NULL,'static/tourneys/worlds/Flight2/Dion Erbes 19.jpeg',NULL,'Rebel',99),(132,2,'Jean-Christophe Hu',20,NULL,'static/tourneys/worlds/Flight2/Jean-Christophe Hu 20.jpeg',NULL,'Imperial',100),(133,2,'Olaf Ohman',21,NULL,'static/tourneys/worlds/Flight2/Olaf Ohman 21.jpeg',NULL,'Imperial',99),(134,2,'Ryan Voigt',22,NULL,'static/tourneys/worlds/Flight2/Ryan Voigt 22.jpeg',NULL,'Rebel',100),(135,2,'Jorgen Tonne',23,NULL,'static/tourneys/worlds/Flight2/Jorgen Tonne 23.jpeg',NULL,'Rebel',100),(136,2,'Michael Evans',24,NULL,'static/tourneys/worlds/Flight2/Michael Evans 24.jpeg',NULL,'Imperial',98),(137,2,'Ian Schaffer',25,NULL,'static/tourneys/worlds/Flight2/Ian Schaffer 25.jpeg',NULL,'Rebel',99),(138,2,'Brett Ulrich',26,NULL,'static/tourneys/worlds/Flight2/Brett Ulrich 26.jpeg',NULL,'Imperial',100),(139,2,'John Wilson',27,NULL,'static/tourneys/worlds/Flight2/John Wilson 27.jpeg',NULL,'Rebel',99),(140,2,'Jim Blakley',28,NULL,'static/tourneys/worlds/Flight2/Jim Blakley 28.jpeg',NULL,'Rebel',100),(141,2,'Benjamin Chee',29,NULL,'static/tourneys/worlds/Flight2/Benjamin Chee 29.jpeg',NULL,'Rebel',100),(142,2,'James Hobbs',30,NULL,'static/tourneys/worlds/Flight2/James Hobbs 30.jpeg',NULL,'Rebel',100),(143,2,'Ryan Gericke',31,NULL,'static/tourneys/worlds/Flight2/Ryan Gericke 31.jpeg',NULL,'Rebel',100),(144,2,'Jonathan Reinig',32,NULL,'static/tourneys/worlds/Flight2/Jonathan Reinig 32.jpeg',NULL,'Rebel',96),(145,2,'Mark Fletcher',33,NULL,'static/tourneys/worlds/Flight2/Mark Fletcher 33.jpeg',NULL,'Imperial',100),(146,2,'Emilio Serrano',34,NULL,'static/tourneys/worlds/Flight2/Emilio Serrano 34.jpeg',NULL,'Rebel',100),(147,2,'Tim Fournier',35,NULL,'static/tourneys/worlds/Flight2/Tim Fournier 35.jpeg',NULL,'Rebel',100),(148,2,'Macieg Rzepinski',36,NULL,'static/tourneys/worlds/Flight2/Macieg Rzepinski 36.jpeg',NULL,'Rebel',100),(149,2,'Steve Dodd',38,NULL,'static/tourneys/worlds/Flight2/Steve Dodd 38.jpeg',NULL,'Imperial',100),(150,2,'Blake Boetler',39,NULL,'static/tourneys/worlds/Flight2/Blake Boetler 39.jpeg',NULL,'Rebel',99),(151,2,'Jason Markowitz',40,NULL,'static/tourneys/worlds/Flight2/Jason Markowitz 40.jpeg',NULL,'Imperial',98),(152,2,'Thomas Hoffman',41,NULL,'static/tourneys/worlds/Flight2/Thomas Hoffman 41.jpeg',NULL,'Rebel',100),(153,2,'Max Gingold',42,NULL,'static/tourneys/worlds/Flight2/Max Gingold 42.jpeg',NULL,'Rebel',100),(154,2,'Andres Matesanz',43,NULL,'static/tourneys/worlds/Flight2/Andres Matesanz 43.jpeg',NULL,'Rebel',100),(155,2,'Ben Franzen',44,NULL,'static/tourneys/worlds/Flight2/Ben Franzen 44.jpeg',NULL,'Rebel',100),(156,2,'Dustin Foran',45,NULL,'static/tourneys/worlds/Flight2/Dustin Foran 45.jpeg',NULL,'Rebel',100),(157,2,'Jeff Berling',46,NULL,'static/tourneys/worlds/Flight2/Jeff Berling 46.jpeg',NULL,'Rebel',100),(158,2,'Christopher Greff',47,NULL,'static/tourneys/worlds/Flight2/Christopher Greff 47.jpeg',NULL,'Imperial',99),(159,2,'Ryan Hatzenbeller',48,NULL,'static/tourneys/worlds/Flight2/Ryan Hatzenbeller 48.jpeg',NULL,'Rebel',98),(160,2,'Pasquale Mazzei',49,NULL,'static/tourneys/worlds/Flight2/Pasquale Mazzei 49.jpeg',NULL,'Rebel',99),(161,2,'Anthony Rossi',50,NULL,'static/tourneys/worlds/Flight2/Anthony Rossi 50.jpeg',NULL,'Rebel',100),(162,2,'Matt ray',51,NULL,'static/tourneys/worlds/Flight2/Matt ray 51.jpeg',NULL,'Imperial',100),(163,2,'Tom Mann',52,NULL,'static/tourneys/worlds/Flight2/Tom Mann 52.jpeg',NULL,'Rebel',100),(164,2,'Nickie Bonar',53,NULL,'static/tourneys/worlds/Flight2/Nickie Bonar 53.jpeg',NULL,'Imperial',100),(165,2,'Michael McFarlin',54,NULL,'static/tourneys/worlds/Flight2/Michael McFarlin 54.jpeg',NULL,'Imperial',98),(166,2,'Howard Thomas',55,NULL,'static/tourneys/worlds/Flight2/Howard Thomas 55.jpeg',NULL,'Rebel',100),(167,2,'Joe McGlinchey',56,NULL,'static/tourneys/worlds/Flight2/Joe McGlinchey 56.jpeg',NULL,'Imperial',95),(168,2,'Nick Brickelmann',57,NULL,'static/tourneys/worlds/Flight2/Nick Brickelmann 57.jpeg',NULL,'Imperial',99),(169,2,'Sean Lahti',58,NULL,'static/tourneys/worlds/Flight2/Sean Lahti 58.jpeg',NULL,'Rebel',100),(170,2,'Sam Cromwell',59,NULL,'static/tourneys/worlds/Flight2/Sam Cromwell 59.jpeg',NULL,'Rebel',100),(171,2,'Nick Tomlonovic',60,NULL,'static/tourneys/worlds/Flight2/Nick Tomlonovic 60.jpeg',NULL,'Imperial',100),(172,2,'Phil Weist',61,NULL,'static/tourneys/worlds/Flight2/Phil Weist 61.jpeg',NULL,'Rebel',100),(173,2,'Rob Ross',62,NULL,'static/tourneys/worlds/Flight2/Rob Ross 62.jpeg',NULL,'Imperial',100),(174,2,'Shayn Lavender',63,NULL,'static/tourneys/worlds/Flight2/Shayn Lavender 63.jpeg',NULL,'Rebel',99),(175,2,'James Proctor',64,NULL,'static/tourneys/worlds/Flight2/James Proctor 64.jpeg',NULL,'Rebel',100),(176,2,'Kyle O-Connell',65,NULL,'static/tourneys/worlds/Flight2/Kyle O-Connell 65.jpeg',NULL,'Rebel',100),(177,2,'Fernando Rodriguez',66,NULL,'static/tourneys/worlds/Flight2/Fernando Rodriguez 66.jpeg',NULL,'Imperial',100),(178,2,'James Tomassoni',67,NULL,'static/tourneys/worlds/Flight2/James Tomassoni 67.jpeg',NULL,'Rebel',96),(179,2,'Kyle Adams',68,NULL,'static/tourneys/worlds/Flight2/Kyle Adams 68.jpeg',NULL,'Rebel',100),(180,2,'Ryan Krippendorf',69,NULL,'static/tourneys/worlds/Flight2/Ryan Krippendorf 69.jpeg',NULL,'Imperial',98),(181,2,'Brooks Fluegaur-Leavitt',70,NULL,'static/tourneys/worlds/Flight2/Brooks Fluegaur-Leavitt 70.jpeg',NULL,'Imperial',100),(182,2,'Jason Neurath',71,NULL,'static/tourneys/worlds/Flight2/Jason Neurath 71.jpeg',NULL,'Rebel',99),(183,2,'David Bernstein',72,NULL,'static/tourneys/worlds/Flight2/David Bernstein 72.jpeg',NULL,'Rebel',100),(184,2,'Nick Mueller',73,NULL,'static/tourneys/worlds/Flight2/Nick Mueller 73.jpeg',NULL,'Imperial',100),(185,2,'Richard White',74,NULL,'static/tourneys/worlds/Flight2/Richard White 74.jpeg',NULL,'Imperial',100),(186,2,'Gordon McDonald',75,NULL,'static/tourneys/worlds/Flight2/Gordon McDonald 75.jpeg',NULL,'Rebel',99),(187,2,'Randy Barker',76,NULL,'static/tourneys/worlds/Flight2/Randy Barker 76.jpeg',NULL,'Imperial',100),(188,2,'Ron Brannan',77,NULL,'static/tourneys/worlds/Flight2/Ron Brannan 77.jpeg',NULL,'Rebel',100),(189,2,'Minh Tran',78,NULL,'static/tourneys/worlds/Flight2/Minh Tran 78.jpeg',NULL,'Rebel',100),(190,2,'Tony Roberto',79,NULL,'static/tourneys/worlds/Flight2/Tony Roberto 79.jpeg',NULL,'Imperial',99),(191,2,'Ian Swenson',80,NULL,'static/tourneys/worlds/Flight2/Ian Swenson 80.jpeg',NULL,'Imperial',100),(192,2,'Tyler Tippett',81,NULL,'static/tourneys/worlds/Flight2/Tyler Tippett 81.jpeg',NULL,'Imperial',99),(193,2,'Matt Montoux',82,NULL,'static/tourneys/worlds/Flight2/Matt Montoux 82.jpeg',NULL,'Rebel',100),(194,2,'Jim Spurrier',83,NULL,'static/tourneys/worlds/Flight2/Jim Spurrier 83.jpeg',NULL,'Rebel',99),(195,2,'Brandon Barthel',84,NULL,'static/tourneys/worlds/Flight2/Brandon Barthel 84.jpeg',NULL,'Rebel',100),(196,2,'Alexander Drewek',85,NULL,'static/tourneys/worlds/Flight2/Alexander Drewek 85.jpeg',NULL,'Rebel',100),(197,2,'Michael McDowell',86,NULL,'static/tourneys/worlds/Flight2/Michael McDowell 86.jpeg',NULL,'Imperial',100),(198,2,'Joseph Pepin',87,NULL,'static/tourneys/worlds/Flight2/Joseph Pepin 87.jpeg',NULL,'Rebel',98),(199,2,'Nate Collins',88,NULL,'static/tourneys/worlds/Flight2/Nate Collins 88.jpeg',NULL,'Imperial',99),(200,2,'Perry Nichols',89,NULL,'static/tourneys/worlds/Flight2/Perry Nichols 89.jpeg',NULL,'Imperial',99),(201,2,'Ryan Forsythe',90,NULL,'static/tourneys/worlds/Flight2/Ryan Forsythe 90.jpeg',NULL,'Rebel',100),(202,2,'Bernie Lin',91,NULL,'static/tourneys/worlds/Flight2/Bernie Lin 91.jpeg',NULL,'Imperial',100),(203,2,'Matthew W',92,NULL,'static/tourneys/worlds/Flight2/Matthew W 92.jpeg',NULL,'Imperial',100),(204,2,'Troy Perry',93,NULL,'static/tourneys/worlds/Flight2/Troy Perry 93.jpeg',NULL,'Rebel',100),(205,2,'Mauricio Sanchez',94,NULL,'static/tourneys/worlds/Flight2/Mauricio Sanchez 94.jpeg',NULL,'Rebel',100),(206,2,'Kevin Leintz',95,NULL,'static/tourneys/worlds/Flight2/Kevin Leintz 95.jpeg',NULL,'Rebel',100),(207,2,'Rebecca Zittel',96,NULL,'static/tourneys/worlds/Flight2/Rebecca Zittel 96.jpeg',NULL,'Rebel',99),(208,2,'Barry Bradley',97,NULL,'static/tourneys/worlds/Flight2/Barry Bradley 97.jpeg',NULL,'Imperial',100),(209,2,'Lee Lahti',98,NULL,'static/tourneys/worlds/Flight2/Lee Lahti 98.jpeg',NULL,'Imperial',98),(210,2,'Shawn Patterson',99,NULL,'static/tourneys/worlds/Flight2/Shawn Patterson 99.jpeg',NULL,'Imperial',98),(211,2,'Miles Hammatt',100,NULL,'static/tourneys/worlds/Flight2/Miles Hammatt 100.jpeg',NULL,'Rebel',100),(212,2,'Micah Pilley',101,NULL,'static/tourneys/worlds/Flight2/Micah Pilley 101.jpeg',NULL,'Rebel',99),(213,2,'Ron Longhi',102,NULL,'static/tourneys/worlds/Flight2/Ron Longhi 102.jpeg',NULL,'Imperial',100),(214,2,'Dal Downing',103,NULL,'static/tourneys/worlds/Flight2/Dal Downing 103.jpg',NULL,'Rebel',100),(215,2,'Terrance Reeves-Chong',104,NULL,'static/tourneys/worlds/Flight2/Terrance Reeves-Chong 104.jpeg',NULL,'Rebel',100),(216,2,'Rob Davis',105,NULL,'static/tourneys/worlds/Flight2/Rob Davis 105.jpeg',NULL,'Rebel',100),(217,2,'Eric Doree',106,NULL,'static/tourneys/worlds/Flight2/Eric Doree 106 pg 1.jpeg',NULL,'Imperial',98),(218,2,'Scott Brewer',107,NULL,'static/tourneys/worlds/Flight2/Scott Brewer 107.jpeg',NULL,'Rebel',100),(219,2,'Matthew Saloff',108,NULL,'static/tourneys/worlds/Flight2/Matthew Saloff 108.jpeg',NULL,'Imperial',100),(220,2,'Matthew Grosvenor',109,NULL,'static/tourneys/worlds/Flight2/Matthew Grosvenor 109.jpeg',NULL,'Imperial',100),(221,2,'Rebecca Poulos',110,NULL,'static/tourneys/worlds/Flight2/Rebecca Poulos 110.jpeg',NULL,'Imperial',99),(222,2,'Samuel Roamer',111,NULL,'static/tourneys/worlds/Flight2/Samuel Roamer 111.jpeg',NULL,'Rebel',100),(223,2,'Andrew Harding',112,NULL,'static/tourneys/worlds/Flight2/Andrew Harding 112.jpeg',NULL,'Imperial',100),(224,2,'Robert Portillo',113,NULL,'static/tourneys/worlds/Flight2/Robert Portillo 113.jpeg',NULL,'Rebel',100),(225,2,'Brad Zimmerman',114,NULL,'static/tourneys/worlds/Flight2/Brad Zimmerman 114.jpeg',NULL,'Rebel',100),(226,2,'Daniel Topczewski',115,NULL,'static/tourneys/worlds/Flight2/Daniel Topczewski 115.jpeg',NULL,'Rebel',99),(227,2,'Alberto Nieto',116,NULL,'static/tourneys/worlds/Flight2/Alberto Nieto 116.jpeg',NULL,'Imperial',100),(228,2,'Adam Uhler',117,NULL,'static/tourneys/worlds/Flight2/Adam Uhler 117.jpeg',NULL,'Rebel',98),(229,2,'Jim Fraser',118,NULL,'static/tourneys/worlds/Flight2/Jim Fraser 118.jpeg',NULL,'Imperial',99),(230,2,'Matt Baxter',119,NULL,'static/tourneys/worlds/Flight2/Matt Baxter 119.jpeg',NULL,'Rebel',99),(231,2,'Eric Huffman',120,NULL,'static/tourneys/worlds/Flight2/Eric Huffman 120.jpeg',NULL,'Imperial',100),(232,2,'John Harris',121,NULL,'static/tourneys/worlds/Flight2/John Harris 121.jpeg',NULL,'Rebel',99),(233,2,'David Bergstrom',122,NULL,'static/tourneys/worlds/Flight2/David Bergstrom 122.jpeg',NULL,'Imperial',100),(234,2,'David Cohn',123,NULL,'static/tourneys/worlds/Flight2/David Cohn 123.jpeg',NULL,'Imperial',83),(235,2,'Joshua Tabak',124,NULL,'static/tourneys/worlds/Flight2/Joshua Tabak 124.jpeg',NULL,'Rebel',100),(236,2,'Bronson Wongkew',125,NULL,'static/tourneys/worlds/Flight2/Bronson Wongkew 125 1.jpeg',NULL,'Imperial',100),(237,2,'Mark Calhoun',126,NULL,'static/tourneys/worlds/Flight2/Mark Calhoun 126.jpeg',NULL,'Imperial',100),(238,2,'Kristopher Jamieson',127,NULL,'static/tourneys/worlds/Flight2/Kristopher Jamieson 127.jpeg',NULL,'Rebel',100),(239,2,'Darren Eskandari',128,NULL,'static/tourneys/worlds/Flight2/Darren Eskandari 128.jpeg',NULL,'Rebel',100),(240,2,'Gavin Norman',129,NULL,'static/tourneys/worlds/Flight2/Gavin Norman 129.jpeg',NULL,'Imperial',100),(241,2,'Jon Dalesandry',130,NULL,'static/tourneys/worlds/Flight2/Jon Dalesandry 130.jpeg',NULL,'Imperial',98);
/*!40000 ALTER TABLE `tlist` ENABLE KEYS */;
UNLOCK TABLES;

--
-- Table structure for table `tourney`
--

DROP TABLE IF EXISTS `tourney`;
/*!40101 SET @saved_cs_client     = @@character_set_client */;
/*!40101 SET character_set_client = utf8 */;
CREATE TABLE `tourney` (
  `id` int(11) NOT NULL AUTO_INCREMENT,
  `tourney_name` varchar(128) DEFAULT NULL,
  `tourney_date` date DEFAULT NULL,
  `tourney_type` varchar(128) DEFAULT NULL,
  PRIMARY KEY (`id`)
) ENGINE=InnoDB AUTO_INCREMENT=3 DEFAULT CHARSET=utf8;
/*!40101 SET character_set_client = @saved_cs_client */;

--
-- Dumping data for table `tourney`
--

LOCK TABLES `tourney` WRITE;
/*!40000 ALTER TABLE `tourney` DISABLE KEYS */;
INSERT INTO `tourney` VALUES (1,'Worlds 2014 Flight One','2014-11-06','World championship'),(2,'Worlds 2014 Flight Two','2014-11-07','World championship');
/*!40000 ALTER TABLE `tourney` ENABLE KEYS */;
UNLOCK TABLES;

--
-- Table structure for table `tourney2`
--

DROP TABLE IF EXISTS `tourney2`;
/*!40101 SET @saved_cs_client     = @@character_set_client */;
/*!40101 SET character_set_client = utf8 */;
CREATE TABLE `tourney2` (
  `id` int(11) NOT NULL AUTO_INCREMENT,
  `tourney_name` varchar(128) DEFAULT NULL,
  `tourney_date` date DEFAULT NULL,
  `tourney_type` varchar(128) DEFAULT NULL,
  PRIMARY KEY (`id`)
) ENGINE=InnoDB AUTO_INCREMENT=3 DEFAULT CHARSET=utf8;
/*!40101 SET character_set_client = @saved_cs_client */;

--
-- Dumping data for table `tourney2`
--

LOCK TABLES `tourney2` WRITE;
/*!40000 ALTER TABLE `tourney2` DISABLE KEYS */;
INSERT INTO `tourney2` VALUES (1,'Worlds 2014 Flight One','2014-11-06','World championship'),(2,'Worlds 2014 Flight Two','2014-11-07','World championship');
/*!40000 ALTER TABLE `tourney2` ENABLE KEYS */;
UNLOCK TABLES;

--
-- Table structure for table `tourney_list`
--

DROP TABLE IF EXISTS `tourney_list`;
/*!40101 SET @saved_cs_client     = @@character_set_client */;
/*!40101 SET character_set_client = utf8 */;
CREATE TABLE `tourney_list` (
  `id` int(11) NOT NULL AUTO_INCREMENT,
  `tourney_id` int(11) DEFAULT NULL,
  `list_id` int(11) DEFAULT NULL,
  `player_name` varchar(128) DEFAULT NULL,
  `tourney_standing` int(11) DEFAULT NULL,
  `tourney_elim_standing` int(11) DEFAULT NULL,
  `image` varchar(128) DEFAULT NULL,
  PRIMARY KEY (`id`),
  KEY `tourney_id` (`tourney_id`),
  KEY `list_id` (`list_id`),
  CONSTRAINT `tourney_list_ibfk_1` FOREIGN KEY (`tourney_id`) REFERENCES `tourney` (`id`),
  CONSTRAINT `tourney_list_ibfk_2` FOREIGN KEY (`list_id`) REFERENCES `list` (`id`)
) ENGINE=InnoDB AUTO_INCREMENT=242 DEFAULT CHARSET=utf8;
/*!40101 SET character_set_client = @saved_cs_client */;

--
-- Dumping data for table `tourney_list`
--

LOCK TABLES `tourney_list` WRITE;
/*!40000 ALTER TABLE `tourney_list` DISABLE KEYS */;
INSERT INTO `tourney_list` VALUES (1,1,124,'Patrick Doyle',77,NULL,'static/tourneys/worlds/Flight1/Patrick Doyle 77.jpeg'),(2,1,134,'James Skeffington',7,NULL,'static/tourneys/worlds/Flight1/James Skeffington 7.jpeg'),(3,1,189,'Randy Barker',45,NULL,'static/tourneys/worlds/Flight1/Randy Barker 45.jpeg'),(4,1,190,'Adam Schuh',70,NULL,'static/tourneys/worlds/Flight1/Adam Schuh 70.jpeg'),(5,1,228,'James McDonald',11,NULL,'static/tourneys/worlds/Flight1/James McDonald 11.jpeg'),(6,1,198,'Jim Blakley',32,NULL,'static/tourneys/worlds/Flight1/Jim Blakley 32.jpeg'),(7,1,28,'Ethan Westgate',99,NULL,'static/tourneys/worlds/Flight1/Ethan Westgate 99.jpeg'),(8,1,324,'Ira Mayer',1,NULL,'static/tourneys/worlds/Flight1/Ira Mayer 1.jpeg'),(9,1,80,'Rick Sidebotham',26,NULL,'static/tourneys/worlds/Flight1/Rick Sidebotham 26.jpeg'),(10,1,1,'Jenny Schafer',69,NULL,'static/tourneys/worlds/Flight1/Jenny Schafer 69.jpeg'),(11,1,197,'Michael Evans',72,NULL,'static/tourneys/worlds/Flight1/Michael Evans 72.jpeg'),(12,1,116,'Doug Kinney',6,NULL,'static/tourneys/worlds/Flight1/Doug Kinney 6.jpeg'),(13,1,146,'Anthony Backhaus',62,NULL,'static/tourneys/worlds/Flight1/Anthony Backhaus 62.jpeg'),(14,1,257,'Kyle Adams',40,NULL,'static/tourneys/worlds/Flight1/Kyle Adams 40.jpeg'),(15,1,84,'Carl Peach',67,NULL,'static/tourneys/worlds/Flight1/Carl Peach 67.jpeg'),(16,1,205,'Kyle O-Connell',109,NULL,'static/tourneys/worlds/Flight1/Kyle O-Connell 109.jpeg'),(17,1,75,'Matt Froom',88,NULL,'static/tourneys/worlds/Flight1/Matt Froom 88.jpeg'),(18,1,285,'Scott Syverson',56,NULL,'static/tourneys/worlds/Flight1/Scott Syverson 56.jpeg'),(19,1,38,'Dien Tran',107,NULL,'static/tourneys/worlds/Flight1/Dien Tran 107.jpeg'),(20,1,35,'Tyler Tippett',36,NULL,'static/tourneys/worlds/Flight1/Tyler Tippett 36.jpeg'),(21,1,83,'Jim Lumpkin',66,NULL,'static/tourneys/worlds/Flight1/Jim Lumpkin 66.jpeg'),(22,1,289,'James Tomasson',63,NULL,'static/tourneys/worlds/Flight1/James Tomasson 63.jpeg'),(23,1,59,'Jason Becker',59,NULL,'static/tourneys/worlds/Flight1/Jason Becker 59.jpeg'),(24,1,254,'Eero Bodien',61,NULL,'static/tourneys/worlds/Flight1/Eero Bodien 61.jpeg'),(25,1,104,'Gavin Norman',52,NULL,'static/tourneys/worlds/Flight1/Gavin Norman 52.jpeg'),(26,1,152,'Timothy Sturm',87,NULL,'static/tourneys/worlds/Flight1/Timothy Sturm 87.jpeg'),(27,1,288,'Robert Thomas',49,NULL,'static/tourneys/worlds/Flight1/Robert Thomas 49.jpeg'),(28,1,233,'Alex Wobberna',58,NULL,'static/tourneys/worlds/Flight1/Alex Wobberna 58.jpeg'),(29,1,165,'Dustin Poskochil',18,NULL,'static/tourneys/worlds/Flight1/Dustin Poskochil 18.jpeg'),(30,1,95,'Eric Meske',76,NULL,'static/tourneys/worlds/Flight1/Eric Meske 76.jpeg'),(31,1,216,'Ben Franzen',97,NULL,'static/tourneys/worlds/Flight1/Ben Franzen 97.jpeg'),(32,1,96,'Jonathan Gomes',13,NULL,'static/tourneys/worlds/Flight1/Jonathan Gomes 13.jpg'),(33,1,99,'Chris Jenkins',14,NULL,'static/tourneys/worlds/Flight1/Chris Jenkins 14.jpeg'),(34,1,70,'Neil Gilsdorf',73,NULL,'static/tourneys/worlds/Flight1/Neil Gilsdorf 73.jpeg'),(35,1,114,'Rich Meade',108,NULL,'static/tourneys/worlds/Flight1/Rich Meade 108.jpeg'),(36,1,168,'Christopher Bates',43,NULL,'static/tourneys/worlds/Flight1/Christopher Bates 43.jpeg'),(37,1,209,'Joseph Kaufman',3,NULL,'static/tourneys/worlds/Flight1/Joseph Kaufman 3.jpeg'),(38,1,229,'Patrick McDonald',10,NULL,'static/tourneys/worlds/Flight1/Patrick McDonald 10.jpeg'),(39,1,156,'Rachel Houk',101,NULL,'static/tourneys/worlds/Flight1/Rachel Houk 101.jpeg'),(40,1,185,'Jean-Christophe Hu',31,NULL,'static/tourneys/worlds/Flight1/Jean-Christophe Hu 31.jpeg'),(41,1,220,'Jason Reynolds',92,NULL,'static/tourneys/worlds/Flight1/Jason Reynolds 92.jpeg'),(42,1,200,'Scott Williams',8,NULL,'static/tourneys/worlds/Flight1/Scott Williams 8.jpeg'),(43,1,123,'Dustin Foran',21,NULL,'static/tourneys/worlds/Flight1/Dustin Foran 21.jpeg'),(44,1,282,'Jason McMahon',20,NULL,'static/tourneys/worlds/Flight1/Jason McMahon 20.jpeg'),(45,1,171,'Brian Brimmer',112,NULL,'static/tourneys/worlds/Flight1/Brian Brimmer 112.jpeg'),(46,1,92,'Jeff Berling',48,NULL,'static/tourneys/worlds/Flight1/Jeff Berling 48.jpeg'),(47,1,210,'Howard Thomas',46,NULL,'static/tourneys/worlds/Flight1/Howard Thomas 46.jpeg'),(48,1,127,'Matt Brugge',71,NULL,'static/tourneys/worlds/Flight1/Matt Brugge 71.jpeg'),(49,1,313,'Bronson Wongkew',39,NULL,'static/tourneys/worlds/Flight1/Bronson Wongkew 39.jpeg'),(50,1,48,'Tony Staub',90,NULL,'static/tourneys/worlds/Flight1/Tony Staub 90.jpeg'),(51,1,246,'Ian Schaffer',41,NULL,'static/tourneys/worlds/Flight1/Ian Schaffer 41.jpeg'),(52,1,135,'Shayn Lavender',81,NULL,'static/tourneys/worlds/Flight1/Shayn Lavender 81.jpeg'),(53,1,251,'Bjorn Kraft',33,NULL,'static/tourneys/worlds/Flight1/Bjorn Kraft 33.jpeg'),(54,1,279,'Andrew Kluis',60,NULL,'static/tourneys/worlds/Flight1/Andrew Kluis 60.jpeg'),(55,1,91,'Shawn Patterson',103,NULL,'static/tourneys/worlds/Flight1/Shawn Patterson 103.jpeg'),(56,1,45,'Adam Uhler',74,NULL,'static/tourneys/worlds/Flight1/Adam Uhler 74.jpeg'),(57,1,103,'Chris Miller',68,NULL,'static/tourneys/worlds/Flight1/Chris Miller 68.jpeg'),(58,1,67,'Meshari Al-Faris',96,NULL,'static/tourneys/worlds/Flight1/Meshari Al-Faris 96.jpeg'),(59,1,252,'Brian Charlier',24,NULL,'static/tourneys/worlds/Flight1/Brian Charlier 24.jpeg'),(60,1,64,'Mark Fletcher',37,NULL,'static/tourneys/worlds/Flight1/Mark Fletcher 37.jpeg'),(61,1,172,'Marv Cole',44,NULL,'static/tourneys/worlds/Flight1/Marv Cole 44.jpeg'),(62,1,60,'Ryan Weissinger',9,NULL,'static/tourneys/worlds/Flight1/Ryan Weissinger 9.jpeg'),(63,1,224,'Matt Holland',78,NULL,'static/tourneys/worlds/Flight1/Matt Holland 78.jpeg'),(64,1,112,'Landon Otis',28,NULL,'static/tourneys/worlds/Flight1/Landon Otis 28.jpeg'),(65,1,160,'Chien Lin',89,NULL,'static/tourneys/worlds/Flight1/Chien Lin 89.jpeg'),(66,1,159,'Richard White',106,NULL,'static/tourneys/worlds/Flight1/Richard White 106.jpeg'),(67,1,153,'Martin Hoffman',111,NULL,'static/tourneys/worlds/Flight1/Martin Hoffman 111.jpeg'),(68,1,263,'Rebecca Zittel',84,NULL,'static/tourneys/worlds/Flight1/Rebecca Zittel 84.jpeg'),(69,1,203,'Keith Wilson',19,NULL,'static/tourneys/worlds/Flight1/Keith Wilson 19.jpeg'),(70,1,125,'Pasquale Mazzei',75,NULL,'static/tourneys/worlds/Flight1/Pasquale Mazzei 75.jpeg'),(71,1,277,'Matthew Walker',110,NULL,'static/tourneys/worlds/Flight1/Matthew Walker 110.jpeg'),(72,1,250,'Devon Hein',104,NULL,'static/tourneys/worlds/Flight1/Devon Hein 104.jpeg'),(73,1,78,'Richard Hsu',4,NULL,'static/tourneys/worlds/Flight1/Richard Hsu 4.jpeg'),(74,1,196,'Jim Spurrier',83,NULL,'static/tourneys/worlds/Flight1/Jim Spurrier 83.jpeg'),(75,1,179,'Morgan Reid',2,NULL,'static/tourneys/worlds/Flight1/Morgan Reid 2.jpeg'),(76,1,109,'Garrett Pruim',114,NULL,'static/tourneys/worlds/Flight1/Garrett Pruim 114.jpeg'),(77,1,22,'Nick Jones',16,NULL,'static/tourneys/worlds/Flight1/Nick Jones 16.jpeg'),(78,1,129,'Nickie Bonar',102,NULL,'static/tourneys/worlds/Flight1/Nickie Bonar 102.jpeg'),(79,1,267,'James Proctor',35,NULL,'static/tourneys/worlds/Flight1/James Proctor 35.jpeg'),(80,1,93,'Evan Claassen',17,NULL,'static/tourneys/worlds/Flight1/Evan Claassen 17.jpeg'),(81,1,158,'Timothy Dugan',100,NULL,'static/tourneys/worlds/Flight1/Timothy Dugan 100.jpeg'),(82,1,281,'John Leibel',105,NULL,'static/tourneys/worlds/Flight1/John Leibel 105.jpeg'),(83,1,145,'James Elhardt',53,NULL,'static/tourneys/worlds/Flight1/James Elhardt 53.jpeg'),(84,1,219,'Mike Little',55,NULL,'static/tourneys/worlds/Flight1/Mike Little 55.jpeg'),(85,1,3,'Kevin Leintz',29,NULL,'static/tourneys/worlds/Flight1/Kevin Leintz 29.jpeg'),(86,1,43,'James Hobbs',25,NULL,'static/tourneys/worlds/Flight1/James Hobbs 25.jpeg'),(87,1,55,'Paul Dykstra',85,NULL,'static/tourneys/worlds/Flight1/Paul Dykstra 85.jpeg'),(88,1,167,'Dallas Parker',34,NULL,'static/tourneys/worlds/Flight1/Dallas Parker 34.jpeg'),(89,1,20,'Ron Brannon',23,NULL,'static/tourneys/worlds/Flight1/Ron Brannon 23.jpeg'),(90,1,33,'Matthew Moutoux',42,NULL,'static/tourneys/worlds/Flight1/Matthew Moutoux 42.jpeg'),(91,1,191,'Jonathan Reinig',27,NULL,'static/tourneys/worlds/Flight1/Jonathan Reinig 27.jpeg'),(92,1,111,'Steve Dodd',98,NULL,'static/tourneys/worlds/Flight1/Steve Dodd 98.jpeg'),(93,1,217,'Jason Markowitz',47,NULL,'static/tourneys/worlds/Flight1/Jason Markowitz 47.jpeg'),(94,1,183,'Josh Ackerman',57,NULL,'static/tourneys/worlds/Flight1/Josh Ackerman 57.jpeg'),(95,1,118,'Kent Kampos',86,NULL,'static/tourneys/worlds/Flight1/Kent Kampos 86.jpeg'),(96,1,41,'Andre Benedict',94,NULL,'static/tourneys/worlds/Flight1/Andre Benedict 94.jpeg'),(97,1,226,'Marshal Blackburn',82,NULL,'static/tourneys/worlds/Flight1/Marshal Blackburn 82.jpeg'),(98,1,241,'Jason Neurath',95,NULL,'static/tourneys/worlds/Flight1/Jason Neurath 95.jpeg'),(99,1,29,'Jason Matchett',93,NULL,'static/tourneys/worlds/Flight1/Jason Matchett 93.jpeg'),(100,1,161,'Troy Perry',54,NULL,'static/tourneys/worlds/Flight1/Troy Perry 54.jpeg'),(101,1,46,'Joe McGlinchey',80,NULL,'static/tourneys/worlds/Flight1/Joe McGlinchey 80.jpeg'),(102,1,122,'David Cohn',91,NULL,'static/tourneys/worlds/Flight1/David Cohn 91.jpeg'),(103,1,225,'Matt Baxter',30,NULL,'static/tourneys/worlds/Flight1/Matt Baxter 30.jpeg'),(104,1,133,'Sean Esser',38,NULL,'static/tourneys/worlds/Flight1/Sean Esser 38.jpeg'),(105,1,140,'Rene Modery',50,NULL,'static/tourneys/worlds/Flight1/Rene Modery 50.jpeg'),(106,1,2,'Erik Gudmunson',79,NULL,'static/tourneys/worlds/Flight1/Erik Gudmunson 79.jpeg'),(107,1,236,'Aaron Bonar',5,NULL,'static/tourneys/worlds/Flight1/Aaron Bonar 5.jpeg'),(108,1,19,'Michael Russell',22,NULL,'static/tourneys/worlds/Flight1/Michael Russell 22.jpeg'),(109,1,25,'Bernie Lin',51,NULL,'static/tourneys/worlds/Flight1/Bernie Lin 51.jpeg'),(110,1,130,'Joseph Hensen',65,NULL,'static/tourneys/worlds/Flight1/Joseph Hensen 65.jpeg'),(111,1,177,'Michael Jones',113,NULL,'static/tourneys/worlds/Flight1/Michael Jones 113.jpeg'),(112,1,260,'Colin McMahon',64,NULL,'static/tourneys/worlds/Flight1/Colin McMahon 64.jpeg'),(113,2,218,'Christopher Greff',47,NULL,'static/tourneys/worlds/Flight2/Christopher Greff 47.jpeg'),(114,2,16,'Jon Dalesandry',130,NULL,'static/tourneys/worlds/Flight2/Jon Dalesandry 130.jpeg'),(115,2,269,'Kyle Adams',68,NULL,'static/tourneys/worlds/Flight2/Kyle Adams 68.jpeg'),(116,2,170,'Ron Longhi',102,NULL,'static/tourneys/worlds/Flight2/Ron Longhi 102.jpeg'),(117,2,89,'Nick Brickelmann',57,NULL,'static/tourneys/worlds/Flight2/Nick Brickelmann 57.jpeg'),(118,2,44,'Perry Nichols',89,NULL,'static/tourneys/worlds/Flight2/Perry Nichols 89.jpeg'),(119,2,193,'Mark Calhoun',126,NULL,'static/tourneys/worlds/Flight2/Mark Calhoun 126.jpeg'),(120,2,18,'Robert Portillo',113,NULL,'static/tourneys/worlds/Flight2/Robert Portillo 113.jpeg'),(121,2,65,'Eric Huffman',120,NULL,'static/tourneys/worlds/Flight2/Eric Huffman 120.jpeg'),(122,2,105,'Tim Fournier',35,NULL,'static/tourneys/worlds/Flight2/Tim Fournier 35.jpeg'),(123,2,243,'Joseph Pepin',87,NULL,'static/tourneys/worlds/Flight2/Joseph Pepin 87.jpeg'),(124,2,139,'Jason Neurath',71,NULL,'static/tourneys/worlds/Flight2/Jason Neurath 71.jpeg'),(125,2,175,'Shayn Lavender',63,NULL,'static/tourneys/worlds/Flight2/Shayn Lavender 63.jpeg'),(126,2,108,'Darren Eskandari',128,NULL,'static/tourneys/worlds/Flight2/Darren Eskandari 128.jpeg'),(127,2,310,'John Harris',121,NULL,'static/tourneys/worlds/Flight2/John Harris 121.jpeg'),(128,2,144,'Landon Otis',10,NULL,'static/tourneys/worlds/Flight2/Landon Otis 10.jpeg'),(129,2,150,'Jim Judziewicz',3,NULL,'static/tourneys/worlds/Flight2/Jim Judziewicz 3.jpeg'),(130,2,273,'David Bernstein',72,NULL,'static/tourneys/worlds/Flight2/David Bernstein 72.jpeg'),(131,2,141,'Daniel Topczewski',115,NULL,'static/tourneys/worlds/Flight2/Daniel Topczewski 115.jpeg'),(132,2,76,'Jason Christopherson',15,NULL,'static/tourneys/worlds/Flight2/Jason Christopherson 15.jpeg'),(133,2,66,'Pasquale Mazzei',49,NULL,'static/tourneys/worlds/Flight2/Pasquale Mazzei 49.jpeg'),(134,2,126,'Dion Erbes',19,NULL,'static/tourneys/worlds/Flight2/Dion Erbes 19.jpeg'),(135,2,212,'Nick Mueller',73,NULL,'static/tourneys/worlds/Flight2/Nick Mueller 73.jpeg'),(136,2,113,'Kevin Leintz',95,NULL,'static/tourneys/worlds/Flight2/Kevin Leintz 95.jpeg'),(137,2,72,'Richard White',74,NULL,'static/tourneys/worlds/Flight2/Richard White 74.jpeg'),(138,2,4,'Lyle Hayhurst',5,NULL,'static/tourneys/worlds/Flight2/Lyle Hayhurst 5.jpeg'),(139,2,180,'Steve Dodd',38,NULL,'static/tourneys/worlds/Flight2/Steve Dodd 38.jpeg'),(140,2,249,'Michael McDowell',86,NULL,'static/tourneys/worlds/Flight2/Michael McDowell 86.jpeg'),(141,2,51,'Chien Lin',9,NULL,'static/tourneys/worlds/Flight2/Chien Lin 9.jpeg'),(142,2,110,'Alexander Drewek',85,NULL,'static/tourneys/worlds/Flight2/Alexander Drewek 85.jpeg'),(143,2,143,'Phil Weist',61,NULL,'static/tourneys/worlds/Flight2/Phil Weist 61.jpeg'),(144,2,142,'Matt Baxter',119,NULL,'static/tourneys/worlds/Flight2/Matt Baxter 119.jpeg'),(145,2,50,'Jorgen Tonne',23,NULL,'static/tourneys/worlds/Flight2/Jorgen Tonne 23.jpeg'),(146,2,81,'Brooks Fluegaur-Leavitt',70,NULL,'static/tourneys/worlds/Flight2/Brooks Fluegaur-Leavitt 70.jpeg'),(147,2,259,'Joe McGlinchey',56,NULL,'static/tourneys/worlds/Flight2/Joe McGlinchey 56.jpeg'),(148,2,107,'David Cohn',123,NULL,'static/tourneys/worlds/Flight2/David Cohn 123.jpeg'),(149,2,271,'Howard Thomas',55,NULL,'static/tourneys/worlds/Flight2/Howard Thomas 55.jpeg'),(150,2,148,'John Wilson',27,NULL,'static/tourneys/worlds/Flight2/John Wilson 27.jpeg'),(151,2,42,'Dom Cairo',16,NULL,'static/tourneys/worlds/Flight2/Dom Cairo 16.jpeg'),(152,2,223,'Ryan Hatzenbeller',48,NULL,'static/tourneys/worlds/Flight2/Ryan Hatzenbeller 48.jpeg'),(153,2,240,'Terrance Reeves-Chong',104,NULL,'static/tourneys/worlds/Flight2/Terrance Reeves-Chong 104.jpeg'),(154,2,315,'William Wadden',4,NULL,'static/tourneys/worlds/Flight2/William Wadden 4.jpeg'),(155,2,292,'Eric Doree',106,NULL,'static/tourneys/worlds/Flight2/Eric Doree 106 pg 1.jpeg'),(156,2,121,'Benjamin Chee',29,NULL,'static/tourneys/worlds/Flight2/Benjamin Chee 29.jpeg'),(157,2,244,'Brett Ulrich',26,NULL,'static/tourneys/worlds/Flight2/Brett Ulrich 26.jpeg'),(158,2,206,'Kristopher Jamieson',127,NULL,'static/tourneys/worlds/Flight2/Kristopher Jamieson 127.jpeg'),(159,2,155,'Daniel Hars',14,NULL,'static/tourneys/worlds/Flight2/Daniel Hars 14.jpeg'),(160,2,266,'Ryan Gericke',31,NULL,'static/tourneys/worlds/Flight2/Ryan Gericke 31.jpeg'),(161,2,102,'Lee Lahti',98,NULL,'static/tourneys/worlds/Flight2/Lee Lahti 98.jpeg'),(162,2,323,'Matthew Grosvenor',109,NULL,'static/tourneys/worlds/Flight2/Matthew Grosvenor 109.jpeg'),(163,2,100,'Randy Barker',76,NULL,'static/tourneys/worlds/Flight2/Randy Barker 76.jpeg'),(164,2,21,'Ben Keller',17,NULL,'static/tourneys/worlds/Flight2/Ben Keller 17.jpeg'),(165,2,182,'Sean Lahti',58,NULL,'static/tourneys/worlds/Flight2/Sean Lahti 58.jpeg'),(166,2,106,'Rob Davis',105,NULL,'static/tourneys/worlds/Flight2/Rob Davis 105.jpeg'),(167,2,27,'Mauricio Sanchez',94,NULL,'static/tourneys/worlds/Flight2/Mauricio Sanchez 94.jpeg'),(168,2,195,'Scott Brewer',107,NULL,'static/tourneys/worlds/Flight2/Scott Brewer 107.jpeg'),(169,2,68,'Jeff Berling',46,NULL,'static/tourneys/worlds/Flight2/Jeff Berling 46.jpeg'),(170,2,147,'Michael Evans',24,NULL,'static/tourneys/worlds/Flight2/Michael Evans 24.jpeg'),(171,2,31,'Bernie Lin',91,NULL,'static/tourneys/worlds/Flight2/Bernie Lin 91.jpeg'),(172,2,232,'Macieg Rzepinski',36,NULL,'static/tourneys/worlds/Flight2/Macieg Rzepinski 36.jpeg'),(173,2,320,'James Tomassoni',67,NULL,'static/tourneys/worlds/Flight2/James Tomassoni 67.jpeg'),(174,2,174,'Alberto Nieto',116,NULL,'static/tourneys/worlds/Flight2/Alberto Nieto 116.jpeg'),(175,2,163,'Captain Typo',12,NULL,'static/tourneys/worlds/Flight2/Captain Typo 12.jpeg'),(176,2,36,'Gordon McDonald',75,NULL,'static/tourneys/worlds/Flight2/Gordon McDonald 75.jpeg'),(177,2,265,'Jean-Christophe Hu',20,NULL,'static/tourneys/worlds/Flight2/Jean-Christophe Hu 20.jpeg'),(178,2,53,'Troy Perry',93,NULL,'static/tourneys/worlds/Flight2/Troy Perry 93.jpeg'),(179,2,258,'Samuel Roamer',111,NULL,'static/tourneys/worlds/Flight2/Samuel Roamer 111.jpeg'),(180,2,87,'Rebecca Zittel',96,NULL,'static/tourneys/worlds/Flight2/Rebecca Zittel 96.jpeg'),(181,2,296,'Kyle O-Connell',65,NULL,'static/tourneys/worlds/Flight2/Kyle O-Connell 65.jpeg'),(182,2,213,'Brandon Barthel',84,NULL,'static/tourneys/worlds/Flight2/Brandon Barthel 84.jpeg'),(183,2,276,'Michael McFarlin',54,NULL,'static/tourneys/worlds/Flight2/Michael McFarlin 54.jpeg'),(184,2,73,'Tony Roberto',79,NULL,'static/tourneys/worlds/Flight2/Tony Roberto 79.jpeg'),(185,2,303,'Iain Hamp',7,NULL,'static/tourneys/worlds/Flight2/Iain Hamp 7.jpeg'),(186,2,231,'Mark Fletcher',33,NULL,'static/tourneys/worlds/Flight2/Mark Fletcher 33.jpeg'),(187,2,138,'David Bergstrom',122,NULL,'static/tourneys/worlds/Flight2/David Bergstrom 122.jpeg'),(188,2,256,'Nathan Eide',8,NULL,'static/tourneys/worlds/Flight2/Nathan Eide 8.jpeg'),(189,2,245,'Jim Fraser',118,NULL,'static/tourneys/worlds/Flight2/Jim Fraser 118.jpeg'),(190,2,57,'Matthew W',92,NULL,'static/tourneys/worlds/Flight2/Matthew W 92.jpeg'),(191,2,136,'Dal Downing',103,NULL,'static/tourneys/worlds/Flight2/Dal Downing 103.jpg'),(192,2,52,'Matt ray',51,NULL,'static/tourneys/worlds/Flight2/Matt ray 51.jpeg'),(193,2,181,'Nate Collins',88,NULL,'static/tourneys/worlds/Flight2/Nate Collins 88.jpeg'),(194,2,98,'Jim Spurrier',83,NULL,'static/tourneys/worlds/Flight2/Jim Spurrier 83.jpeg'),(195,2,157,'Ron Brannan',77,NULL,'static/tourneys/worlds/Flight2/Ron Brannan 77.jpeg'),(196,2,39,'Fernando Rodriguez',66,NULL,'static/tourneys/worlds/Flight2/Fernando Rodriguez 66.jpeg'),(197,2,47,'Rebecca Poulos',110,NULL,'static/tourneys/worlds/Flight2/Rebecca Poulos 110.jpeg'),(198,2,173,'Nick Tomlonovic',60,NULL,'static/tourneys/worlds/Flight2/Nick Tomlonovic 60.jpeg'),(199,2,207,'Ryan Forsythe',90,NULL,'static/tourneys/worlds/Flight2/Ryan Forsythe 90.jpeg'),(200,2,101,'Jonathan Reinig',32,NULL,'static/tourneys/worlds/Flight2/Jonathan Reinig 32.jpeg'),(201,2,162,'Bronson Wongkew',125,NULL,'static/tourneys/worlds/Flight2/Bronson Wongkew 125 1.jpeg'),(202,2,11,'Ben Franzen',44,NULL,'static/tourneys/worlds/Flight2/Ben Franzen 44.jpeg'),(203,2,9,'Adam Uhler',117,NULL,'static/tourneys/worlds/Flight2/Adam Uhler 117.jpeg'),(204,2,88,'Barry Bradley',97,NULL,'static/tourneys/worlds/Flight2/Barry Bradley 97.jpeg'),(205,2,86,'James Proctor',64,NULL,'static/tourneys/worlds/Flight2/James Proctor 64.jpeg'),(206,2,49,'Ian Schaffer',25,NULL,'static/tourneys/worlds/Flight2/Ian Schaffer 25.jpeg'),(207,2,30,'Tom Mann',52,NULL,'static/tourneys/worlds/Flight2/Tom Mann 52.jpeg'),(208,2,32,'Micah Pilley',101,NULL,'static/tourneys/worlds/Flight2/Micah Pilley 101.jpeg'),(209,2,318,'Shawn Patterson',99,NULL,'static/tourneys/worlds/Flight2/Shawn Patterson 99.jpeg'),(210,2,227,'Jeff Judziewicz',13,NULL,'static/tourneys/worlds/Flight2/Jeff Judziewicz 13.jpeg'),(211,2,194,'Blake Boetler',39,NULL,'static/tourneys/worlds/Flight2/Blake Boetler 39.jpeg'),(212,2,151,'Ryan Voigt',22,NULL,'static/tourneys/worlds/Flight2/Ryan Voigt 22.jpeg'),(213,2,188,'Matt Montoux',82,NULL,'static/tourneys/worlds/Flight2/Matt Montoux 82.jpeg'),(214,2,34,'Tyler Tippett',81,NULL,'static/tourneys/worlds/Flight2/Tyler Tippett 81.jpeg'),(215,2,117,'Anthony Rossi',50,NULL,'static/tourneys/worlds/Flight2/Anthony Rossi 50.jpeg'),(216,2,199,'Dustin Foran',45,NULL,'static/tourneys/worlds/Flight2/Dustin Foran 45.jpeg'),(217,2,69,'Nickie Bonar',53,NULL,'static/tourneys/worlds/Flight2/Nickie Bonar 53.jpeg'),(218,2,215,'Thomas Hoffman',41,NULL,'static/tourneys/worlds/Flight2/Thomas Hoffman 41.jpeg'),(219,2,79,'Jason Markowitz',40,NULL,'static/tourneys/worlds/Flight2/Jason Markowitz 40.jpeg'),(220,2,119,'Ryan Krippendorf',69,NULL,'static/tourneys/worlds/Flight2/Ryan Krippendorf 69.jpeg'),(221,2,239,'Joshua Tabak',124,NULL,'static/tourneys/worlds/Flight2/Joshua Tabak 124.jpeg'),(222,2,61,'Emilio Serrano',34,NULL,'static/tourneys/worlds/Flight2/Emilio Serrano 34.jpeg'),(223,2,97,'James Hobbs',30,NULL,'static/tourneys/worlds/Flight2/James Hobbs 30.jpeg'),(224,2,286,'Brad Zimmerman',114,NULL,'static/tourneys/worlds/Flight2/Brad Zimmerman 114.jpeg'),(225,2,10,'Minh Tran',78,NULL,'static/tourneys/worlds/Flight2/Minh Tran 78.jpeg'),(226,2,248,'Ian Swenson',80,NULL,'static/tourneys/worlds/Flight2/Ian Swenson 80.jpeg'),(227,2,275,'Andres Matesanz',43,NULL,'static/tourneys/worlds/Flight2/Andres Matesanz 43.jpeg'),(228,2,85,'Gavin Norman',129,NULL,'static/tourneys/worlds/Flight2/Gavin Norman 129.jpeg'),(229,2,23,'Dallas Parker',11,NULL,'static/tourneys/worlds/Flight2/Dallas Parker 11.jpeg'),(230,2,184,'Andrew Harding',112,NULL,'static/tourneys/worlds/Flight2/Andrew Harding 112.jpeg'),(231,2,56,'Rob Ross',62,NULL,'static/tourneys/worlds/Flight2/Rob Ross 62.jpeg'),(232,2,54,'Keith Wilson',1,NULL,'static/tourneys/worlds/Flight2/Keith Wilson 1.jpeg'),(233,2,187,'Bjorn Frafft',18,NULL,'static/tourneys/worlds/Flight2/Bjorn Frafft 18.jpeg'),(234,2,13,'Jim Blakley',28,NULL,'static/tourneys/worlds/Flight2/Jim Blakley 28.jpeg'),(235,2,169,'Olaf Ohman',21,NULL,'static/tourneys/worlds/Flight2/Olaf Ohman 21.jpeg'),(236,2,137,'Miles Hammatt',100,NULL,'static/tourneys/worlds/Flight2/Miles Hammatt 100.jpeg'),(237,2,7,'Patrick Wilcox',6,NULL,'static/tourneys/worlds/Flight2/Patrick Wilcox 6.jpeg'),(238,2,316,'Matthew Saloff',108,NULL,'static/tourneys/worlds/Flight2/Matthew Saloff 108.jpeg'),(239,2,242,'Sam Cromwell',59,NULL,'static/tourneys/worlds/Flight2/Sam Cromwell 59.jpeg'),(240,2,37,'Paul Heaver',2,NULL,'static/tourneys/worlds/Flight2/Paul Heaver 2.jpeg'),(241,2,262,'Max Gingold',42,NULL,'static/tourneys/worlds/Flight2/Max Gingold 42.jpeg');
/*!40000 ALTER TABLE `tourney_list` ENABLE KEYS */;
UNLOCK TABLES;

--
-- Table structure for table `upgrade`
--

DROP TABLE IF EXISTS `upgrade`;
/*!40101 SET @saved_cs_client     = @@character_set_client */;
/*!40101 SET character_set_client = utf8 */;
CREATE TABLE `upgrade` (
  `id` int(11) NOT NULL AUTO_INCREMENT,
  `upgrade_type` enum('Bomb','Turret Weapon','Cannon','Astromech Droid','System','Crew','Modification','Title','Elite Pilot Talent','Torpedo','Missile') DEFAULT NULL,
  `name` varchar(128) DEFAULT NULL,
  `cost` int(11) DEFAULT NULL,
  PRIMARY KEY (`id`)
) ENGINE=InnoDB AUTO_INCREMENT=111 DEFAULT CHARSET=utf8;
/*!40101 SET character_set_client = @saved_cs_client */;

--
-- Dumping data for table `upgrade`
--

LOCK TABLES `upgrade` WRITE;
/*!40000 ALTER TABLE `upgrade` DISABLE KEYS */;
INSERT INTO `upgrade` VALUES (1,'Astromech Droid','R2 Astromech',1),(2,'Astromech Droid','R5 Astromech',1),(3,'Astromech Droid','R4-D6',1),(4,'Astromech Droid','R5-K6',2),(5,'Astromech Droid','R3-A2',2),(6,'Astromech Droid','R7 Astromech',2),(7,'Astromech Droid','R2-F2',3),(8,'Astromech Droid','R5-D8',3),(9,'Astromech Droid','R5-P9',3),(10,'Astromech Droid','R7-T1',3),(11,'Astromech Droid','R2-D6',1),(12,'Astromech Droid','R2-D2',4),(13,'Turret Weapon','Blaster Turret',4),(14,'Turret Weapon','Ion Cannon Turret',5),(15,'System','Enhanced Scopes',1),(16,'System','Fire-Control System',2),(17,'System','Advanced Sensors',3),(18,'System','Sensor Jammer',4),(19,'Crew','Intelligence Agent',1),(20,'Crew','Mercenary Copilot',2),(21,'Crew','Saboteur',2),(22,'Crew','Tactician',2),(23,'Crew','Weapons Engineer',3),(24,'Crew','Recon Specialist',3),(25,'Crew','Navigator',3),(26,'Crew','Flight Instructor',4),(27,'Crew','Gunner',5),(28,'Crew','Nien Nunb',1),(29,'Crew','Han Solo',2),(30,'Crew','Jan Ors',2),(31,'Crew','Dash Rendar',2),(32,'Crew','Leebo',2),(33,'Crew','C-3PO',3),(34,'Crew','Kyle Katarn',3),(35,'Crew','Lando Calrissian',3),(36,'Crew','Chewbacca',4),(37,'Crew','Leia Organa',4),(38,'Crew','R2-D2',4),(39,'Crew','Luke Skywalker',7),(40,'Crew','Moff Jerjerrod',2),(41,'Crew','Darth Vader',3),(42,'Crew','Rebel Captive',3),(43,'Crew','Fleet Officer',3),(44,'Crew','Mara Jade',3),(45,'Crew','Ysanne Isard',4),(46,'Modification','Munitions Failsafe',1),(47,'Modification','Tactical Jammer',1),(48,'Modification','Targeting Computer',2),(49,'Modification','Anti-Pursuit Lasers',2),(50,'Modification','Stygium Particle Accelerator',2),(51,'Modification','Advanced Cloaking Device',4),(52,'Modification','Experimental Interface',3),(53,'Modification','B-Wing/E2',1),(54,'Modification','Stealth Device',3),(55,'Modification','Hull Upgrade',3),(56,'Modification','Shield Upgrade',4),(57,'Modification','Counter-Measures',3),(58,'Modification','Engine Upgrade',4),(59,'Elite Pilot Talent','Adrenaline Rush',1),(60,'Elite Pilot Talent','Deadeye',1),(61,'Elite Pilot Talent','Determination',1),(62,'Elite Pilot Talent','Draw Their Fire',1),(63,'Elite Pilot Talent','Veteran Instincts',1),(64,'Elite Pilot Talent','Swarm Tactics',2),(65,'Elite Pilot Talent','Squad Leader',2),(66,'Elite Pilot Talent','Expert Handling',2),(67,'Elite Pilot Talent','Elusiveness',2),(68,'Elite Pilot Talent','Wingman',2),(69,'Elite Pilot Talent','Decoy',2),(70,'Elite Pilot Talent','Lone Wolf',2),(71,'Elite Pilot Talent','Stay on Target',2),(72,'Elite Pilot Talent','Intimidation',2),(73,'Elite Pilot Talent','Push the Limit',3),(74,'Elite Pilot Talent','Marksmanship',3),(75,'Elite Pilot Talent','Daredevil',3),(76,'Elite Pilot Talent','Outmaneuver',3),(77,'Elite Pilot Talent','Predator',3),(78,'Elite Pilot Talent','Ruthlessness',3),(79,'Elite Pilot Talent','Expose',4),(80,'Elite Pilot Talent','Opportunist',4),(81,'Torpedo','Flechette Torpedoes',2),(82,'Torpedo','Proton Torpedos',4),(83,'Torpedo','Ion Torpedoes',5),(84,'Torpedo','Advanced Proton Torpedoes',6),(85,'Bomb','Seismic Charges',2),(86,'Bomb','Proximity Mines',3),(87,'Bomb','Proton Bombs',5),(88,'Cannon','Ion Cannon',3),(89,'Cannon','AutoBlaster',5),(90,'Cannon','Heavy Laser Cannon',7),(91,'Title','Slave 1',0),(92,'Title','Royal Guard TIE',0),(93,'Title','A-Wing Test Pilot',0),(94,'Title','Millennium Falcon',1),(95,'Title','Dauntless',2),(96,'Title','Moldy Crow',3),(97,'Title','ST-321',3),(98,'Title','Outrider',5),(99,'Missile','Chardaan Refit',-2),(100,'Missile','Ion Pulse Missle',3),(101,'Missile','Proton Rockets',3),(102,'Missile','Concussion Missiles',4),(103,'Missile','Cluster Missiles',4),(104,'Missile','Assault Missiles',5),(105,'Missile','Homing Missiles',5),(106,'Elite Pilot Talent','Predator',3),(107,'Title','Millennium Falcon',1),(108,'Modification','Engine Upgrade',4),(109,'Crew','C-3PO',3),(110,'Crew','Gunner',5);
/*!40000 ALTER TABLE `upgrade` ENABLE KEYS */;
UNLOCK TABLES;
/*!40103 SET TIME_ZONE=@OLD_TIME_ZONE */;

/*!40101 SET SQL_MODE=@OLD_SQL_MODE */;
/*!40014 SET FOREIGN_KEY_CHECKS=@OLD_FOREIGN_KEY_CHECKS */;
/*!40014 SET UNIQUE_CHECKS=@OLD_UNIQUE_CHECKS */;
/*!40101 SET CHARACTER_SET_CLIENT=@OLD_CHARACTER_SET_CLIENT */;
/*!40101 SET CHARACTER_SET_RESULTS=@OLD_CHARACTER_SET_RESULTS */;
/*!40101 SET COLLATION_CONNECTION=@OLD_COLLATION_CONNECTION */;
/*!40111 SET SQL_NOTES=@OLD_SQL_NOTES */;

-- Dump completed on 2014-12-02  8:17:17
