-- MySQL dump 10.13  Distrib 5.5.40, for debian-linux-gnu (x86_64)
--
-- Host: mysql.server    Database: sozin$lists
-- ------------------------------------------------------
-- Server version	5.1.73-log

/*!40101 SET @OLD_CHARACTER_SET_CLIENT=@@CHARACTER_SET_CLIENT */;
/*!40101 SET @OLD_CHARACTER_SET_RESULTS=@@CHARACTER_SET_RESULTS */;
/*!40101 SET @OLD_COLLATION_CONNECTION=@@COLLATION_CONNECTION */;
/*!40101 SET NAMES utf8 */;
/*!40103 SET @OLD_TIME_ZONE=@@TIME_ZONE */;
/*!40103 SET TIME_ZONE='+00:00' */;
/*!40014 SET @OLD_UNIQUE_CHECKS=@@UNIQUE_CHECKS, UNIQUE_CHECKS=0 */;
/*!40014 SET @OLD_FOREIGN_KEY_CHECKS=@@FOREIGN_KEY_CHECKS, FOREIGN_KEY_CHECKS=0 */;
/*!40101 SET @OLD_SQL_MODE=@@SQL_MODE, SQL_MODE='NO_AUTO_VALUE_ON_ZERO' */;
/*!40111 SET @OLD_SQL_NOTES=@@SQL_NOTES, SQL_NOTES=0 */;

--
-- Current Database: `sozin$lists`
--

CREATE DATABASE /*!32312 IF NOT EXISTS*/ `sozin$lists` /*!40100 DEFAULT CHARACTER SET utf8 */;

USE `sozin$lists`;

--
-- Table structure for table `pilot`
--

DROP TABLE IF EXISTS `pilot`;
/*!40101 SET @saved_cs_client     = @@character_set_client */;
/*!40101 SET character_set_client = utf8 */;
CREATE TABLE `pilot` (
  `id` int(11) NOT NULL AUTO_INCREMENT,
  `name` varchar(128) DEFAULT NULL,
  `cost` int(11) DEFAULT NULL,
  `canon_name` varchar(128) DEFAULT NULL,
  PRIMARY KEY (`id`)
) ENGINE=InnoDB AUTO_INCREMENT=112 DEFAULT CHARSET=utf8;
/*!40101 SET character_set_client = @saved_cs_client */;

--
-- Dumping data for table `pilot`
--

LOCK TABLES `pilot` WRITE;
/*!40000 ALTER TABLE `pilot` DISABLE KEYS */;
INSERT INTO `pilot` VALUES (1,'Carnor Jax',26,'carnorjax'),(2,'Green Squadron Pilot',19,'greensquadronpilot'),(3,'Jan Ors',25,'janors'),(4,'Lando Calrissian',44,'landocalrissian'),(5,'Academy Pilot',12,'academypilot'),(6,'Red Squadron Pilot',23,'redsquadronpilot'),(7,'Obsidian Squadron Pilot',13,'obsidiansquadronpilot'),(8,'Gray Squadron Pilot',20,'graysquadronpilot'),(9,'Saber Squadron Pilot',21,'sabersquadronpilot'),(10,'Ibtisam',28,'ibtisam'),(11,'Royal Guard Pilot',22,'royalguardpilot'),(12,'Kyle Katarn',21,'kylekatarn'),(13,'Roark Garnet',19,'roarkgarnet'),(14,'Major Rhymer',26,'majorrhymer'),(15,'Keyan Farlander',29,'keyanfarlander'),(16,'Captain Yorr',24,'captainyorr'),(17,'Krassis Trelix',36,'krassistrelix'),(18,'Echo',30,'echo'),(19,'Night Beast',15,'nightbeast'),(20,'Etahn A\'Baht',32,'etahnabaht'),(21,'Han Solo',46,'hansolo'),(22,'Airen Cracken',19,'airencracken'),(23,'Lt. Blount',17,'ltblount'),(24,'Boba Fett',39,'bobafett'),(25,'Kath Scarlet',38,'kathscarlet'),(26,'Mauler Mithel',17,'maulermithel'),(27,'Fel\'s Wrath',23,'felswrath'),(28,'Dagger Squadron Pilot',24,'daggersquadronpilot'),(29,'Biggs Darklighter',25,'biggsdarklighter'),(30,'Colonel Vessery',35,'colonelvessery'),(31,'Patrol Leader',40,'patrolleader'),(32,'Bounty Hunter',33,'bountyhunter'),(33,'Eaden Vrill',32,'eadenvrill'),(34,'Chewbacca',42,'chewbacca'),(35,'Gold Squadron Pilot',18,'goldsquadronpilot'),(36,'Delta Squadron Pilot',30,'deltasquadronpilot'),(37,'Black Squadron Pilot',14,'blacksquadronpilot'),(38,'Backstabber',16,'backstabber'),(39,'Colonel Jendon',26,'coloneljendon'),(40,'Rear Admiral Chiraneau',46,'rearadmiralchiraneau'),(41,'Corran Horn',35,'corranhorn'),(42,'Maarek Stele',27,'maarekstele'),(43,'Hobbie Klivian',25,'hobbieklivian'),(44,'Tetran Cowall',24,'tetrancowall'),(45,'Bandit Squadron Pilot',12,'banditsquadronpilot'),(46,'Garven Dreis',26,'garvendreis'),(47,'Sigma Squadron Pilot',25,'sigmasquadronpilot'),(48,'Rexler Brath',37,'rexlerbrath'),(49,'Horton Salm',25,'hortonsalm'),(50,'Blue Squadron Pilot',22,'bluesquadronpilot'),(51,'Storm Squadron Pilot',23,'stormsquadronpilot'),(52,'Shadow Squadron Pilot',27,'shadowsquadronpilot'),(53,'Alpha Squadron Pilot',18,'alphasquadronpilot'),(54,'Captain Oicunn',42,'captainoicunn'),(55,'Jek Porkins',26,'jekporkins'),(56,'Omicron Group Pilot',21,'omicrongrouppilot'),(57,'Lt. Lorrir',23,'ltlorrir'),(58,'Blackmoon Squadron Pilot',29,'blackmoonsquadronpilot'),(59,'Gemmer Sojan',22,'gemmersojan'),(60,'Gamma Squadron Pilot',18,'gammasquadronpilot'),(61,'Prototype Pilot',17,'prototypepilot'),(62,'Leebo',34,'leebo'),(63,'Tycho Celchu',26,'tychocelchu'),(64,'Darth Vader',29,'darthvader'),(65,'Howlrunner',18,'howlrunner'),(66,'Captain Kagi',27,'captainkagi'),(67,'Whisper',32,'whisper'),(68,'Commander Kenkirk',44,'commanderkenkirk'),(69,'Wild Space Fringer',30,'wildspacefringer'),(70,'Dark Curse',16,'darkcurse'),(71,'Outer Rim Smuggler',27,'outerrimsmuggler'),(72,'Ten Numb',31,'tennumb'),(73,'Soontir Fel',27,'soontirfel'),(74,'Arvel Crynyd',23,'arvelcrynyd'),(75,'Onyx Squadron Pilot',32,'onyxsquadronpilot'),(76,'Avenger Squadron Pilot',20,'avengersquadronpilot'),(77,'Rookie Pilot',21,'rookiepilot'),(78,'Winged Gundark',15,'wingedgundark'),(79,'Wes Janson',29,'wesjanson'),(80,'Luke Skywalker',28,'lukeskywalker'),(81,'Captain Jonus',22,'captainjonus'),(82,'Tarn Mison',23,'tarnmison'),(83,'Tala Squadron Pilot',13,'talasquadronpilot'),(84,'Nera Dantels',26,'neradantels'),(85,'Rebel Operative',16,'rebeloperative'),(86,'Jake Farrell',24,'jakefarrell'),(87,'Kir Kanos',24,'kirkanos'),(88,'Dash Rendar',36,'dashrendar'),(89,'Wedge Antilles',29,'wedgeantilles'),(90,'Knave Squadron Pilot',27,'knavesquadronpilot'),(91,'Scimitar Squadron Pilot',16,'scimitarsquadronpilot'),(92,'Dutch Vander',23,'dutchvander'),(93,'Turr Phennir',25,'turrphennir'),(94,'Tempest Squadron Pilot',21,'tempestsquadronpilot'),(95,'IG-88D',36,'ig88d'),(96,'Syndicate Thug',18,'syndicatethug'),(97,'Drea Renthal',22,'drearenthal'),(98,'Kavil',24,'kavil'),(99,'Mandalorian Mercenary',35,'mandalorianmercenary'),(100,'Emon Azzameen',36,'emonazzameen'),(101,'Torkil Mux',19,'torkilmux'),(102,'Dace Bonearm',23,'dacebonearm'),(103,'Palob Godalhi',20,'palobgodalhi'),(104,'Binayre Pirate',12,'binayrepirate'),(105,'Black Sun Soldier',13,'blacksunsoldier'),(106,'KaaTo Leeachos',15,'kaatoleeachos'),(107,'NDru Suhlak',17,'ndrusuhlak'),(108,'Black Sun Enforcer',25,'blacksunenforcer'),(109,'Black Sun Vigo',27,'blacksunvigo'),(110,'Guri',30,'guri'),(111,'Prince Xizor',31,'princexizor');
/*!40000 ALTER TABLE `pilot` ENABLE KEYS */;
UNLOCK TABLES;

--
-- Table structure for table `round_result`
--

DROP TABLE IF EXISTS `round_result`;
/*!40101 SET @saved_cs_client     = @@character_set_client */;
/*!40101 SET character_set_client = utf8 */;
CREATE TABLE `round_result` (
  `id` int(11) NOT NULL AUTO_INCREMENT,
  `round_id` int(11) DEFAULT NULL,
  `list1_id` int(11) DEFAULT NULL,
  `list2_id` int(11) DEFAULT NULL,
  `winner_id` int(11) DEFAULT NULL,
  `loser_id` int(11) DEFAULT NULL,
  `list1_score` int(11) DEFAULT NULL,
  `list2_score` int(11) DEFAULT NULL,
  PRIMARY KEY (`id`),
  KEY `round_id` (`round_id`),
  KEY `list1_id` (`list1_id`),
  KEY `list2_id` (`list2_id`),
  KEY `winner_id` (`winner_id`),
  KEY `loser_id` (`loser_id`),
  CONSTRAINT `round_result_ibfk_1` FOREIGN KEY (`round_id`) REFERENCES `tourney_round` (`id`),
  CONSTRAINT `round_result_ibfk_2` FOREIGN KEY (`list1_id`) REFERENCES `tourney_list` (`id`),
  CONSTRAINT `round_result_ibfk_3` FOREIGN KEY (`list2_id`) REFERENCES `tourney_list` (`id`),
  CONSTRAINT `round_result_ibfk_4` FOREIGN KEY (`winner_id`) REFERENCES `tourney_list` (`id`),
  CONSTRAINT `round_result_ibfk_5` FOREIGN KEY (`loser_id`) REFERENCES `tourney_list` (`id`)
) ENGINE=InnoDB AUTO_INCREMENT=189 DEFAULT CHARSET=latin1;
/*!40101 SET character_set_client = @saved_cs_client */;

--
-- Dumping data for table `round_result`
--

LOCK TABLES `round_result` WRITE;
/*!40000 ALTER TABLE `round_result` DISABLE KEYS */;
INSERT INTO `round_result` VALUES (173,70,380,379,380,379,100,0),(174,70,376,378,376,378,51,44),(175,70,382,381,381,382,51,100),(176,70,375,383,383,375,76,24),(177,71,380,377,380,377,100,0),(178,71,381,383,381,383,100,49),(179,71,376,375,376,375,78,45),(180,71,378,382,382,378,16,100),(181,72,380,381,381,380,51,100),(182,72,376,382,382,376,44,87),(183,72,377,383,377,383,100,30),(184,72,379,375,375,379,0,100),(185,73,381,377,381,377,100,0),(186,73,380,382,380,382,100,0),(187,73,376,379,376,379,100,12),(188,73,375,378,375,378,73,30);
/*!40000 ALTER TABLE `round_result` ENABLE KEYS */;
UNLOCK TABLES;

--
-- Table structure for table `ship`
--

DROP TABLE IF EXISTS `ship`;
/*!40101 SET @saved_cs_client     = @@character_set_client */;
/*!40101 SET character_set_client = utf8 */;
CREATE TABLE `ship` (
  `id` int(11) NOT NULL AUTO_INCREMENT,
  `ship_pilot_id` int(11) DEFAULT NULL,
  `tlist_id` int(11) DEFAULT NULL,
  PRIMARY KEY (`id`),
  KEY `ship_pilot_id` (`ship_pilot_id`),
  KEY `tlist_id` (`tlist_id`),
  CONSTRAINT `ship_ibfk_1` FOREIGN KEY (`ship_pilot_id`) REFERENCES `ship_pilot` (`id`),
  CONSTRAINT `ship_ibfk_2` FOREIGN KEY (`tlist_id`) REFERENCES `tourney_list` (`id`)
) ENGINE=InnoDB AUTO_INCREMENT=1319 DEFAULT CHARSET=utf8;
/*!40101 SET character_set_client = @saved_cs_client */;

--
-- Dumping data for table `ship`
--

LOCK TABLES `ship` WRITE;
/*!40000 ALTER TABLE `ship` DISABLE KEYS */;
INSERT INTO `ship` VALUES (1,84,1),(2,83,1),(3,83,1),(4,53,1),(5,80,2),(6,80,2),(7,80,2),(8,72,2),(9,45,2),(10,83,3),(11,83,3),(12,83,3),(13,53,3),(14,15,4),(15,16,4),(16,9,4),(17,81,4),(18,48,5),(19,48,5),(20,46,5),(21,80,6),(22,79,6),(23,79,6),(24,79,6),(25,78,6),(26,75,6),(27,72,6),(28,84,7),(29,84,7),(30,84,7),(31,53,7),(32,52,8),(33,36,8),(34,36,8),(35,36,8),(36,45,9),(37,72,9),(38,80,9),(39,80,9),(40,80,9),(41,36,10),(42,36,10),(43,36,10),(44,84,10),(45,84,10),(46,40,11),(47,45,11),(48,57,11),(49,52,12),(50,36,12),(51,36,12),(52,36,12),(53,27,13),(54,53,13),(55,79,14),(56,79,14),(57,79,14),(58,79,14),(59,79,14),(60,75,14),(61,72,14),(62,16,15),(63,54,15),(64,9,15),(65,40,16),(66,80,16),(67,80,16),(68,80,16),(69,80,16),(70,80,16),(71,72,16),(72,80,17),(73,80,17),(74,79,17),(75,79,17),(76,78,17),(77,74,17),(78,72,17),(79,83,18),(80,84,18),(81,29,18),(82,54,18),(83,83,19),(84,35,19),(85,53,19),(86,84,20),(87,84,20),(88,36,20),(89,36,20),(90,36,20),(91,45,21),(92,40,21),(93,44,21),(94,74,22),(95,46,22),(96,45,22),(97,54,23),(98,83,23),(99,83,23),(100,83,23),(101,40,24),(102,57,24),(103,23,24),(104,84,25),(105,84,25),(106,84,25),(107,84,25),(108,84,25),(109,84,25),(110,84,25),(111,84,25),(112,54,26),(113,83,26),(114,83,26),(115,84,26),(116,32,27),(117,16,27),(118,10,27),(119,83,28),(120,83,28),(121,17,28),(122,1,28),(123,80,29),(124,80,29),(125,80,29),(126,80,29),(127,79,29),(128,79,29),(129,79,29),(130,79,29),(131,84,30),(132,52,30),(133,15,30),(134,36,30),(135,36,30),(136,83,31),(137,83,31),(138,83,31),(139,53,31),(140,80,32),(141,80,32),(142,80,32),(143,80,32),(144,78,32),(145,78,32),(146,72,32),(147,54,33),(148,55,33),(149,40,34),(150,92,34),(151,57,34),(152,40,35),(153,71,35),(154,71,35),(155,71,35),(156,71,35),(157,84,36),(158,84,36),(159,36,36),(160,36,36),(161,36,36),(162,46,37),(163,80,37),(164,80,37),(165,80,37),(166,80,37),(167,72,37),(168,40,38),(169,44,38),(170,46,38),(171,83,39),(172,83,39),(173,83,39),(174,53,39),(175,84,40),(176,13,40),(177,13,40),(178,32,40),(179,84,41),(180,83,41),(181,83,41),(182,53,41),(183,36,42),(184,36,42),(185,36,42),(186,36,42),(187,45,43),(188,58,43),(189,57,43),(190,84,44),(191,84,44),(192,36,44),(193,36,44),(194,36,44),(195,45,45),(196,57,45),(197,58,45),(198,27,46),(199,54,46),(200,52,47),(201,51,47),(202,36,47),(203,36,47),(204,32,48),(205,53,48),(206,40,49),(207,44,49),(208,46,49),(209,80,50),(210,40,50),(211,40,50),(212,45,50),(213,88,51),(214,88,51),(215,83,51),(216,83,51),(217,1,51),(218,2,52),(219,10,52),(220,9,52),(221,80,53),(222,78,53),(223,73,53),(224,72,53),(225,58,53),(226,84,54),(227,32,54),(228,55,54),(229,36,55),(230,86,55),(231,32,55),(232,18,55),(233,58,56),(234,92,56),(235,40,56),(236,54,57),(237,16,57),(238,18,57),(239,84,58),(240,84,58),(241,90,58),(242,54,58),(243,32,59),(244,10,59),(245,90,59),(246,80,60),(247,80,60),(248,75,60),(249,72,60),(250,91,60),(251,16,61),(252,27,61),(253,9,61),(254,84,62),(255,84,62),(256,15,62),(257,36,62),(258,90,62),(259,83,63),(260,83,63),(261,83,63),(262,83,63),(263,83,63),(264,10,63),(265,18,64),(266,88,64),(267,29,64),(268,32,64),(269,35,65),(270,35,65),(271,15,65),(272,16,65),(273,84,66),(274,36,66),(275,36,66),(276,36,66),(277,36,66),(278,94,67),(279,44,67),(280,44,67),(281,54,68),(282,53,68),(283,15,69),(284,36,69),(285,51,69),(286,90,69),(287,44,70),(288,44,70),(289,44,70),(290,84,71),(291,84,71),(292,36,71),(293,36,71),(294,36,71),(295,2,72),(296,10,72),(297,9,72),(298,36,73),(299,36,73),(300,36,73),(301,84,73),(302,83,74),(303,83,74),(304,83,74),(305,2,74),(306,18,74),(307,84,75),(308,16,75),(309,9,75),(310,11,75),(311,78,76),(312,78,76),(313,78,76),(314,73,76),(315,57,76),(316,84,77),(317,36,77),(318,36,77),(319,36,77),(320,36,77),(321,40,78),(322,92,78),(323,45,78),(324,30,79),(325,52,79),(326,53,79),(327,74,80),(328,78,80),(329,78,80),(330,78,80),(331,23,80),(332,32,81),(333,36,81),(334,90,81),(335,55,82),(336,54,82),(337,74,83),(338,45,83),(339,92,83),(340,37,84),(341,92,84),(342,58,84),(343,80,85),(344,80,85),(345,80,85),(346,80,85),(347,41,85),(348,88,86),(349,29,86),(350,81,86),(351,34,86),(352,84,87),(353,84,87),(354,84,87),(355,53,87),(356,94,88),(357,94,88),(358,69,88),(359,44,89),(360,44,89),(361,23,89),(362,78,90),(363,78,90),(364,78,90),(365,78,90),(366,57,90),(367,84,91),(368,84,91),(369,32,91),(370,1,91),(371,1,92),(372,54,92),(373,84,93),(374,84,93),(375,36,93),(376,36,93),(377,36,93),(378,79,94),(379,79,94),(380,79,94),(381,79,94),(382,57,94),(383,72,94),(384,90,95),(385,36,95),(386,32,95),(387,40,96),(388,40,96),(389,40,96),(390,57,96),(391,92,97),(392,45,97),(393,75,97),(394,90,98),(395,35,98),(396,35,98),(397,35,98),(398,36,99),(399,36,99),(400,53,99),(401,94,100),(402,94,100),(403,91,100),(404,41,101),(405,45,101),(406,80,101),(407,36,102),(408,84,102),(409,84,102),(410,84,102),(411,10,102),(412,36,103),(413,88,103),(414,16,103),(415,81,103),(416,88,104),(417,88,104),(418,88,104),(419,88,104),(420,49,104),(421,40,105),(422,42,105),(423,46,105),(424,88,106),(425,16,106),(426,53,106),(427,84,107),(428,86,107),(429,86,107),(430,1,107),(431,40,108),(432,40,108),(433,40,108),(434,41,109),(435,43,109),(436,16,110),(437,9,110),(438,53,110),(439,58,111),(440,59,111),(441,38,111),(442,1,112),(443,53,112),(444,79,113),(445,79,113),(446,80,113),(447,80,113),(448,78,113),(449,74,113),(450,72,113),(451,53,114),(452,83,114),(453,83,114),(454,83,114),(455,54,115),(456,53,115),(457,84,116),(458,36,116),(459,36,116),(460,36,116),(461,36,116),(462,29,117),(463,81,117),(464,36,117),(465,36,117),(466,79,118),(467,79,118),(468,79,118),(469,79,118),(470,79,118),(471,79,118),(472,72,118),(473,80,119),(474,80,119),(475,80,119),(476,79,119),(477,79,119),(478,75,119),(479,72,119),(480,84,120),(481,84,120),(482,16,120),(483,1,120),(484,84,121),(485,84,121),(486,84,121),(487,53,121),(488,83,122),(489,54,122),(490,83,122),(491,84,122),(492,80,123),(493,80,123),(494,80,123),(495,80,123),(496,78,123),(497,78,123),(498,72,123),(499,53,124),(500,27,124),(501,83,125),(502,83,125),(503,84,125),(504,53,125),(505,1,126),(506,53,126),(507,54,127),(508,84,127),(509,84,127),(510,84,127),(511,84,127),(512,75,128),(513,40,128),(514,48,128),(515,57,128),(516,40,129),(517,44,129),(518,45,129),(519,83,130),(520,83,130),(521,83,130),(522,53,130),(523,83,131),(524,83,131),(525,83,131),(526,53,131),(527,80,132),(528,80,132),(529,80,132),(530,80,132),(531,79,132),(532,79,132),(533,79,132),(534,79,132),(535,40,133),(536,46,133),(537,45,133),(538,15,134),(539,52,134),(540,29,134),(541,34,134),(542,84,135),(543,16,135),(544,10,135),(545,9,135),(546,80,136),(547,80,136),(548,80,136),(549,72,136),(550,45,136),(551,83,137),(552,83,137),(553,83,137),(554,53,137),(555,79,138),(556,79,138),(557,74,138),(558,45,138),(559,75,138),(560,36,139),(561,36,139),(562,84,139),(563,84,139),(564,81,139),(565,52,140),(566,84,140),(567,36,140),(568,36,140),(569,15,140),(570,84,141),(571,84,141),(572,84,141),(573,53,141),(574,83,142),(575,83,142),(576,83,142),(577,54,142),(578,29,143),(579,34,143),(580,16,143),(581,83,143),(582,84,144),(583,84,144),(584,84,144),(585,84,144),(586,84,144),(587,84,144),(588,84,144),(589,84,144),(590,40,145),(591,71,145),(592,71,145),(593,71,145),(594,71,145),(595,84,146),(596,88,146),(597,88,146),(598,53,146),(599,54,147),(600,53,147),(601,84,148),(602,83,148),(603,83,148),(604,53,148),(605,40,149),(606,40,149),(607,40,149),(608,57,149),(609,36,150),(610,36,150),(611,36,150),(612,36,150),(613,45,151),(614,57,151),(615,58,151),(616,90,152),(617,85,152),(618,53,152),(619,88,153),(620,88,153),(621,88,153),(622,53,153),(623,1,154),(624,53,154),(625,84,155),(626,84,155),(627,84,155),(628,53,155),(629,83,156),(630,35,156),(631,53,156),(632,27,157),(633,54,157),(634,79,158),(635,79,158),(636,79,158),(637,72,158),(638,45,158),(639,54,159),(640,53,159),(641,84,160),(642,84,160),(643,35,160),(644,35,160),(645,35,160),(646,84,161),(647,84,161),(648,86,161),(649,1,161),(650,79,162),(651,79,162),(652,79,162),(653,79,162),(654,78,162),(655,77,162),(656,72,162),(657,88,163),(658,88,163),(659,88,163),(660,88,163),(661,88,163),(662,85,163),(663,91,164),(664,94,164),(665,94,164),(666,80,165),(667,92,165),(668,45,165),(669,53,166),(670,49,166),(671,40,167),(672,92,167),(673,45,167),(674,40,168),(675,44,168),(676,45,168),(677,55,169),(678,54,169),(679,84,170),(680,84,170),(681,84,170),(682,2,170),(683,11,170),(684,69,171),(685,93,171),(686,93,171),(687,36,172),(688,36,172),(689,35,172),(690,35,172),(691,78,173),(692,78,173),(693,78,173),(694,78,173),(695,78,173),(696,78,173),(697,84,174),(698,84,174),(699,36,174),(700,36,174),(701,36,174),(702,84,175),(703,83,175),(704,83,175),(705,53,175),(706,52,176),(707,36,176),(708,36,176),(709,36,176),(710,79,177),(711,79,177),(712,79,177),(713,80,177),(714,91,177),(715,17,178),(716,14,178),(717,81,178),(718,29,178),(719,18,179),(720,16,179),(721,54,179),(722,40,180),(723,45,180),(724,57,180),(725,70,181),(726,78,181),(727,73,181),(728,92,181),(729,84,182),(730,84,182),(731,36,182),(732,36,182),(733,36,182),(734,84,183),(735,36,183),(736,36,183),(737,36,183),(738,36,183),(739,46,184),(740,45,184),(741,75,184),(742,40,185),(743,80,185),(744,80,185),(745,80,185),(746,80,185),(747,80,185),(748,84,186),(749,84,186),(750,84,186),(751,10,186),(752,9,186),(753,59,187),(754,57,187),(755,45,187),(756,83,188),(757,83,188),(758,84,188),(759,53,188),(760,54,189),(761,55,189),(762,80,190),(763,80,190),(764,79,190),(765,79,190),(766,79,190),(767,72,190),(768,75,190),(769,79,191),(770,79,191),(771,67,191),(772,67,191),(773,91,191),(774,40,192),(775,92,192),(776,57,192),(777,84,193),(778,13,193),(779,13,193),(780,32,193),(781,84,194),(782,84,194),(783,36,194),(784,36,194),(785,52,194),(786,84,195),(787,84,195),(788,84,195),(789,36,195),(790,10,195),(791,29,196),(792,30,196),(793,54,196),(794,58,197),(795,64,197),(796,37,197),(797,40,197),(798,16,198),(799,36,198),(800,36,198),(801,45,199),(802,57,199),(803,80,199),(804,80,199),(805,80,200),(806,80,200),(807,44,200),(808,45,200),(809,52,201),(810,52,201),(811,49,201),(812,46,202),(813,44,202),(814,40,202),(815,80,203),(816,80,203),(817,80,203),(818,72,203),(819,43,203),(820,2,204),(821,9,204),(822,10,204),(823,84,205),(824,15,205),(825,15,205),(826,15,205),(827,16,205),(828,32,206),(829,16,206),(830,10,206),(831,86,207),(832,86,207),(833,86,207),(834,1,207),(835,80,208),(836,79,208),(837,79,208),(838,79,208),(839,78,208),(840,75,208),(841,72,208),(842,41,209),(843,45,209),(844,80,209),(845,80,210),(846,80,210),(847,57,210),(848,45,210),(849,88,211),(850,56,211),(851,84,211),(852,84,211),(853,27,211),(854,1,212),(855,54,212),(856,79,213),(857,79,213),(858,79,213),(859,79,213),(860,42,213),(861,84,214),(862,15,214),(863,32,214),(864,90,214),(865,28,215),(866,54,215),(867,13,216),(868,14,216),(869,51,216),(870,82,216),(871,72,217),(872,73,217),(873,74,217),(874,75,217),(875,77,217),(876,80,217),(877,83,218),(878,83,218),(879,1,218),(880,90,218),(881,72,219),(882,42,219),(883,45,219),(884,80,220),(885,79,220),(886,79,220),(887,79,220),(888,78,220),(889,75,220),(890,72,220),(891,44,221),(892,44,221),(893,38,221),(894,9,222),(895,53,222),(896,40,223),(897,64,223),(898,64,223),(899,64,223),(900,52,224),(901,52,224),(902,36,224),(903,36,224),(904,83,225),(905,29,225),(906,34,225),(907,16,225),(908,32,226),(909,53,226),(910,74,227),(911,69,227),(912,42,227),(913,2,228),(914,10,228),(915,9,228),(916,80,229),(917,74,229),(918,75,229),(919,72,229),(920,23,229),(921,84,230),(922,84,230),(923,84,230),(924,84,230),(925,53,230),(926,40,231),(927,43,231),(928,57,231),(929,83,232),(930,83,232),(931,83,232),(932,53,232),(933,72,233),(934,75,233),(935,79,233),(936,79,233),(937,79,233),(938,80,233),(939,80,233),(940,75,234),(941,45,234),(942,23,234),(943,83,235),(944,10,235),(945,9,235),(946,11,235),(947,80,236),(948,80,236),(949,80,236),(950,40,236),(951,45,236),(952,57,237),(953,91,237),(954,40,237),(955,83,238),(956,16,238),(957,53,238),(958,84,239),(959,84,239),(960,84,239),(961,36,239),(962,54,239),(963,79,240),(964,79,240),(965,79,240),(966,79,240),(967,79,240),(968,78,240),(969,72,240),(970,23,241),(971,64,241),(972,64,241),(973,57,243),(974,75,243),(975,77,243),(976,74,243),(977,72,243),(978,45,244),(979,80,244),(980,80,244),(981,80,244),(982,80,244),(983,80,244),(984,10,245),(985,9,245),(986,11,245),(1040,80,376),(1041,80,376),(1042,80,376),(1043,80,376),(1044,80,376),(1045,73,376),(1046,72,376),(1047,40,383),(1048,44,383),(1049,22,383),(1068,88,375),(1069,88,375),(1070,36,375),(1071,36,375),(1072,36,375),(1079,54,377),(1080,88,377),(1081,88,377),(1082,88,377),(1089,44,378),(1090,79,378),(1091,79,378),(1092,79,378),(1093,72,378),(1101,84,382),(1102,84,382),(1103,2,382),(1104,14,382),(1105,54,381),(1106,6,381),(1110,21,379),(1111,45,379),(1115,72,380),(1116,79,380),(1117,79,380),(1118,79,380),(1119,44,380),(1121,19,394),(1122,40,394),(1123,80,394),(1127,36,398),(1128,36,398),(1129,81,398),(1130,29,398),(1131,40,400),(1132,71,400),(1133,71,400),(1134,71,400),(1135,71,400),(1151,80,405),(1152,80,405),(1153,80,405),(1154,80,405),(1155,80,405),(1156,80,405),(1157,80,405),(1158,74,405),(1172,57,403),(1173,72,403),(1174,80,403),(1175,80,403),(1176,80,403),(1177,80,403),(1180,6,415),(1181,32,415),(1182,46,419),(1183,21,419),(1184,6,416),(1185,53,416),(1197,92,408),(1198,19,408),(1199,72,409),(1200,45,409),(1201,80,409),(1202,80,409),(1203,80,409),(1204,92,414),(1205,46,414),(1206,75,414),(1207,21,411),(1208,92,411),(1209,19,407),(1210,41,407),(1211,20,410),(1212,45,410),(1213,32,418),(1214,5,418),(1215,79,417),(1216,79,417),(1217,79,417),(1218,79,417),(1219,80,417),(1220,80,417),(1221,80,417),(1222,80,417),(1223,80,413),(1224,80,413),(1225,80,413),(1226,80,413),(1227,80,413),(1228,45,413),(1229,20,406),(1230,46,406),(1231,1,412),(1232,54,412),(1239,57,395),(1240,58,395),(1241,59,395),(1242,57,404),(1243,40,404),(1244,45,404),(1245,57,402),(1246,46,402),(1247,67,402),(1248,96,401),(1249,96,401),(1250,96,401),(1251,96,401),(1252,57,399),(1253,21,399),(1254,80,399),(1255,52,396),(1256,81,396),(1257,29,396),(1258,36,396),(1262,44,397),(1263,44,397),(1264,48,397),(1269,60,426),(1270,65,426),(1271,59,426),(1272,62,426),(1273,36,423),(1274,90,423),(1275,36,423),(1276,36,423),(1278,36,420),(1279,52,420),(1280,36,420),(1281,36,420),(1282,48,429),(1283,40,429),(1284,91,429),(1289,31,425),(1290,43,422),(1291,21,422),(1292,84,428),(1293,84,428),(1294,84,428),(1295,84,428),(1296,84,428),(1297,2,428),(1298,64,424),(1299,92,424),(1300,57,424),(1301,40,432),(1302,44,432),(1303,45,432),(1304,65,430),(1305,72,430),(1306,78,430),(1307,78,430),(1308,78,430),(1309,78,430),(1310,42,421),(1311,80,421),(1312,45,421),(1313,9,431),(1314,11,431),(1315,2,431),(1316,74,427),(1317,45,427),(1318,46,427);
/*!40000 ALTER TABLE `ship` ENABLE KEYS */;
UNLOCK TABLES;

--
-- Table structure for table `ship_pilot`
--

DROP TABLE IF EXISTS `ship_pilot`;
/*!40101 SET @saved_cs_client     = @@character_set_client */;
/*!40101 SET character_set_client = utf8 */;
CREATE TABLE `ship_pilot` (
  `id` int(11) NOT NULL AUTO_INCREMENT,
  `ship_type` enum('ewing','hwk290','yt2400freighter','xwing','tieadvanced','yt1300','bwing','tieinterceptor','lambdaclassshuttle','tiephantom','ywing','vt49decimator','firespray31','tiebomber','tiefighter','z95headhunter','awing','tiedefender','starviper','aggressor','m3ainterceptor') DEFAULT NULL,
  `pilot_id` int(11) DEFAULT NULL,
  PRIMARY KEY (`id`),
  KEY `pilot_id` (`pilot_id`),
  CONSTRAINT `ship_pilot_ibfk_1` FOREIGN KEY (`pilot_id`) REFERENCES `pilot` (`id`)
) ENGINE=InnoDB AUTO_INCREMENT=112 DEFAULT CHARSET=utf8;
/*!40101 SET character_set_client = @saved_cs_client */;

--
-- Dumping data for table `ship_pilot`
--

LOCK TABLES `ship_pilot` WRITE;
/*!40000 ALTER TABLE `ship_pilot` DISABLE KEYS */;
INSERT INTO `ship_pilot` VALUES (1,'ewing',41),(2,'ewing',20),(3,'ewing',58),(4,'ewing',90),(5,'yt2400freighter',88),(6,'yt2400freighter',62),(7,'yt2400freighter',33),(8,'yt2400freighter',69),(9,'xwing',89),(10,'xwing',80),(11,'xwing',79),(12,'xwing',55),(13,'xwing',6),(14,'xwing',46),(15,'xwing',77),(16,'xwing',29),(17,'xwing',43),(18,'xwing',82),(19,'vt49decimator',40),(20,'vt49decimator',68),(21,'vt49decimator',54),(22,'vt49decimator',31),(23,'tieadvanced',64),(24,'tieadvanced',42),(25,'tieadvanced',51),(26,'tieadvanced',94),(27,'hwk290',3),(28,'hwk290',12),(29,'hwk290',13),(30,'hwk290',85),(31,'bwing',72),(32,'bwing',15),(33,'bwing',10),(34,'bwing',84),(35,'bwing',28),(36,'bwing',50),(37,'lambdaclassshuttle',66),(38,'lambdaclassshuttle',39),(39,'lambdaclassshuttle',16),(40,'lambdaclassshuttle',56),(41,'firespray31',24),(42,'firespray31',25),(43,'firespray31',17),(44,'firespray31',32),(45,'tiephantom',67),(46,'tiephantom',18),(47,'tiephantom',52),(48,'tiephantom',47),(49,'ywing',49),(50,'ywing',8),(51,'ywing',92),(52,'ywing',35),(53,'yt1300',21),(54,'yt1300',34),(55,'yt1300',4),(56,'yt1300',71),(57,'tieinterceptor',73),(58,'tieinterceptor',1),(59,'tieinterceptor',93),(60,'tieinterceptor',44),(61,'tieinterceptor',87),(62,'tieinterceptor',57),(63,'tieinterceptor',27),(64,'tieinterceptor',11),(65,'tieinterceptor',9),(66,'tieinterceptor',76),(67,'tieinterceptor',53),(68,'tiebomber',14),(69,'tiebomber',81),(70,'tiebomber',60),(71,'tiebomber',91),(72,'tiefighter',65),(73,'tiefighter',26),(74,'tiefighter',70),(75,'tiefighter',38),(76,'tiefighter',78),(77,'tiefighter',19),(78,'tiefighter',37),(79,'tiefighter',7),(80,'tiefighter',5),(81,'z95headhunter',22),(82,'z95headhunter',23),(83,'z95headhunter',83),(84,'z95headhunter',45),(85,'awing',63),(86,'awing',2),(87,'awing',74),(88,'awing',61),(89,'awing',59),(90,'awing',86),(91,'tiedefender',48),(92,'tiedefender',30),(93,'tiedefender',75),(94,'tiedefender',36),(95,'aggressor',95),(96,'ywing',96),(97,'ywing',97),(98,'ywing',98),(99,'firespray31',99),(100,'firespray31',100),(101,'hwk290',101),(102,'hwk290',102),(103,'hwk290',103),(104,'z95headhunter',104),(105,'z95headhunter',105),(106,'z95headhunter',106),(107,'z95headhunter',107),(108,'starviper',108),(109,'starviper',109),(110,'starviper',110),(111,'starviper',111);
/*!40000 ALTER TABLE `ship_pilot` ENABLE KEYS */;
UNLOCK TABLES;

--
-- Table structure for table `ship_upgrade`
--

DROP TABLE IF EXISTS `ship_upgrade`;
/*!40101 SET @saved_cs_client     = @@character_set_client */;
/*!40101 SET character_set_client = utf8 */;
CREATE TABLE `ship_upgrade` (
  `id` int(11) NOT NULL AUTO_INCREMENT,
  `ship_id` int(11) DEFAULT NULL,
  `upgrade_id` int(11) DEFAULT NULL,
  PRIMARY KEY (`id`),
  KEY `ship2_id` (`ship_id`),
  KEY `upgrade_id` (`upgrade_id`),
  CONSTRAINT `ship_upgrade_ibfk_2` FOREIGN KEY (`upgrade_id`) REFERENCES `upgrade` (`id`)
) ENGINE=InnoDB AUTO_INCREMENT=1672 DEFAULT CHARSET=utf8;
/*!40101 SET character_set_client = @saved_cs_client */;

--
-- Dumping data for table `ship_upgrade`
--

LOCK TABLES `ship_upgrade` WRITE;
/*!40000 ALTER TABLE `ship_upgrade` DISABLE KEYS */;
INSERT INTO `ship_upgrade` VALUES (1,4,106),(2,4,107),(3,4,108),(4,4,109),(5,4,110),(6,8,64),(7,9,42),(8,9,16),(9,9,51),(10,9,63),(11,13,63),(12,13,94),(13,13,58),(14,13,27),(15,13,33),(16,16,12),(17,16,62),(18,17,63),(19,18,19),(20,18,15),(21,18,50),(22,19,19),(23,19,15),(24,19,50),(25,20,42),(26,20,18),(27,20,51),(28,20,63),(29,25,62),(30,31,77),(31,31,94),(32,31,58),(33,31,39),(34,31,33),(35,32,5),(36,32,14),(37,33,53),(38,33,22),(39,34,53),(40,34,22),(41,35,53),(42,35,22),(43,36,24),(44,36,17),(45,36,51),(46,36,63),(47,41,17),(48,42,17),(49,43,17),(50,46,41),(51,47,27),(52,47,16),(53,47,51),(54,47,63),(55,48,73),(56,49,5),(57,49,14),(58,50,53),(59,50,22),(60,51,53),(61,51,22),(62,52,53),(63,52,22),(64,53,63),(65,53,13),(66,53,24),(67,53,96),(68,53,58),(69,54,73),(70,54,94),(71,54,58),(72,54,34),(73,54,33),(74,63,62),(75,64,64),(76,65,15),(77,76,62),(78,81,14),(79,81,28),(80,82,77),(81,82,30),(82,82,24),(83,84,17),(84,85,73),(85,85,94),(86,85,58),(87,85,33),(88,85,34),(89,88,17),(90,89,17),(91,90,17),(92,91,42),(93,91,16),(94,91,51),(95,91,63),(96,92,41),(97,94,54),(98,95,24),(99,95,16),(100,95,51),(101,95,63),(102,96,16),(103,96,51),(104,96,63),(105,97,77),(106,97,94),(107,97,33),(108,97,39),(109,98,104),(110,101,16),(111,101,19),(112,102,92),(113,102,73),(114,102,55),(115,102,56),(116,103,101),(117,103,76),(118,103,58),(119,112,77),(120,112,94),(121,112,39),(122,112,33),(123,113,104),(124,113,46),(125,116,90),(126,116,73),(127,117,3),(128,118,5),(129,118,58),(130,118,63),(131,121,5),(132,122,12),(133,122,16),(134,122,63),(135,122,58),(136,132,14),(137,139,77),(138,139,94),(139,139,39),(140,139,33),(141,144,62),(142,145,62),(143,146,63),(144,146,55),(145,147,62),(146,147,24),(147,147,33),(148,148,73),(149,148,94),(150,148,30),(151,148,28),(152,149,41),(153,150,90),(154,150,63),(155,151,73),(156,151,48),(157,152,41),(158,153,86),(159,154,86),(160,155,86),(161,156,86),(162,159,17),(163,160,17),(164,161,17),(165,162,51),(166,168,19),(167,169,90),(168,169,19),(169,170,16),(170,170,51),(171,170,63),(172,174,63),(173,174,94),(174,174,58),(175,174,33),(176,174,27),(177,175,104),(178,178,17),(179,178,63),(180,178,58),(181,182,63),(182,182,94),(183,182,58),(184,182,33),(185,182,39),(186,183,17),(187,184,17),(188,185,17),(189,186,17),(190,187,16),(191,187,51),(192,187,63),(193,188,73),(194,189,73),(195,192,17),(196,193,17),(197,194,17),(198,195,18),(199,195,51),(200,195,63),(201,196,73),(202,197,63),(203,198,65),(204,198,13),(205,198,24),(206,198,96),(207,198,54),(208,199,77),(209,199,102),(210,199,94),(211,199,55),(212,199,33),(213,199,38),(214,200,2),(215,200,14),(216,201,6),(217,201,14),(218,202,16),(219,204,17),(220,204,73),(221,204,53),(222,204,30),(223,205,63),(224,205,94),(225,205,58),(226,205,39),(227,205,33),(228,206,15),(229,206,41),(230,206,19),(231,207,19),(232,208,42),(233,208,16),(234,208,51),(235,208,63),(236,212,42),(237,212,18),(238,212,51),(239,212,63),(240,213,99),(241,214,99),(242,217,12),(243,217,16),(244,217,73),(245,218,77),(246,219,1),(247,219,77),(248,220,1),(249,220,77),(250,222,62),(251,223,63),(252,224,64),(253,225,92),(254,225,73),(255,225,54),(256,225,55),(257,227,17),(258,227,73),(259,228,73),(260,228,94),(261,228,24),(262,228,30),(263,230,99),(264,230,73),(265,231,17),(266,231,63),(267,232,6),(268,233,92),(269,233,73),(270,233,55),(271,233,54),(272,234,90),(273,234,68),(274,236,73),(275,236,94),(276,236,33),(277,236,28),(278,238,6),(279,241,99),(280,241,76),(281,242,77),(282,242,94),(283,242,27),(284,243,17),(285,243,73),(286,244,12),(287,244,58),(288,244,77),(289,245,93),(290,245,99),(291,245,63),(292,245,76),(293,249,64),(294,250,77),(295,251,12),(296,251,56),(297,252,63),(298,252,14),(299,252,34),(300,253,4),(301,253,63),(302,256,5),(303,257,16),(304,258,93),(305,258,99),(306,258,63),(307,258,55),(308,258,73),(309,264,5),(310,264,58),(311,264,63),(312,265,6),(313,266,99),(314,267,14),(315,268,73),(316,268,58),(317,269,17),(318,270,17),(319,278,88),(320,281,77),(321,282,63),(322,282,94),(323,282,39),(324,285,14),(325,286,93),(326,286,99),(327,286,73),(328,286,76),(329,292,17),(330,293,17),(331,294,17),(332,295,77),(333,296,77),(334,297,77),(335,298,16),(336,298,53),(337,298,27),(338,299,16),(339,299,53),(340,299,27),(341,300,16),(342,300,88),(343,305,1),(344,305,73),(345,306,6),(346,308,3),(347,309,77),(348,310,63),(349,311,77),(350,312,77),(351,313,77),(352,314,63),(353,315,73),(354,322,76),(355,323,19),(356,323,16),(357,323,51),(358,323,63),(359,324,14),(360,324,30),(361,325,14),(362,326,61),(363,326,33),(364,326,24),(365,328,77),(366,329,77),(367,330,77),(368,331,101),(369,331,63),(370,332,73),(371,332,53),(372,332,30),(373,333,16),(374,333,53),(375,333,39),(376,334,93),(377,334,101),(378,334,63),(379,334,46),(380,334,76),(381,335,73),(382,335,94),(383,335,28),(384,335,33),(385,336,63),(386,336,30),(387,336,24),(388,337,54),(389,338,23),(390,338,16),(391,338,51),(392,338,63),(393,339,88),(394,339,63),(395,340,16),(396,341,63),(397,342,92),(398,342,73),(399,342,54),(400,342,55),(401,347,86),(402,347,63),(403,347,58),(404,347,25),(405,348,101),(406,349,14),(407,350,64),(408,351,84),(409,351,81),(410,351,60),(411,355,77),(412,355,94),(413,355,58),(414,355,33),(415,355,38),(416,356,90),(417,357,90),(418,358,55),(419,358,62),(420,361,101),(421,361,63),(422,362,77),(423,363,77),(424,364,77),(425,365,77),(426,366,73),(427,366,48),(428,369,73),(429,369,58),(430,370,16),(431,370,74),(432,371,12),(433,371,16),(434,371,73),(435,372,77),(436,372,33),(437,372,39),(438,375,17),(439,376,17),(440,377,17),(441,382,73),(442,384,93),(443,384,101),(444,384,63),(445,384,73),(446,385,90),(447,386,17),(448,386,90),(449,386,63),(450,388,16),(451,389,16),(452,390,92),(453,390,73),(454,390,54),(455,391,88),(456,391,63),(457,392,23),(458,392,16),(459,392,51),(460,392,63),(461,393,54),(462,394,93),(463,394,99),(464,394,73),(465,394,77),(466,398,17),(467,399,17),(468,400,38),(469,403,77),(470,404,63),(471,404,25),(472,405,25),(473,405,16),(474,405,51),(475,405,63),(476,407,90),(477,411,5),(478,411,58),(479,411,63),(480,412,15),(481,412,53),(482,412,33),(483,413,101),(484,414,12),(485,415,101),(486,415,61),(487,415,46),(488,416,99),(489,417,99),(490,418,99),(491,419,99),(492,420,11),(493,420,82),(494,420,14),(495,420,58),(496,420,63),(497,421,41),(498,423,42),(499,423,51),(500,423,63),(501,424,99),(502,426,63),(503,426,94),(504,426,58),(505,426,33),(506,426,27),(507,428,99),(508,428,73),(509,429,99),(510,429,73),(511,430,12),(512,430,81),(513,430,16),(514,430,63),(515,430,58),(516,431,16),(517,431,27),(518,431,58),(519,432,16),(520,432,27),(521,432,22),(522,432,58),(523,433,16),(524,433,27),(525,433,22),(526,433,58),(527,434,90),(528,434,63),(529,434,25),(530,435,90),(531,435,27),(532,439,73),(533,439,48),(534,440,74),(535,440,48),(536,441,16),(537,441,88),(538,441,23),(539,441,42),(540,441,49),(541,442,12),(542,442,77),(543,442,58),(544,443,73),(545,443,94),(546,443,33),(547,448,62),(548,451,77),(549,451,94),(550,451,58),(551,451,38),(552,451,33),(553,455,77),(554,455,30),(555,455,24),(556,456,63),(557,456,24),(558,462,13),(559,462,36),(560,462,96),(561,463,64),(562,464,16),(563,465,16),(564,472,73),(565,479,77),(566,482,55),(567,483,12),(568,483,16),(569,483,73),(570,483,56),(571,487,77),(572,487,94),(573,487,58),(574,487,33),(575,487,27),(576,489,77),(577,489,94),(578,489,33),(579,489,39),(580,490,104),(581,490,46),(582,496,62),(583,497,62),(584,498,63),(585,498,55),(586,499,73),(587,499,94),(588,499,58),(589,499,33),(590,499,34),(591,500,63),(592,500,13),(593,500,24),(594,500,96),(595,500,58),(596,504,63),(597,504,94),(598,504,58),(599,504,39),(600,504,33),(601,505,12),(602,505,16),(603,505,73),(604,506,63),(605,506,94),(606,506,27),(607,506,33),(608,507,77),(609,507,94),(610,507,55),(611,507,33),(612,513,16),(613,514,16),(614,514,50),(615,515,73),(616,515,48),(617,516,41),(618,518,42),(619,518,16),(620,518,51),(621,518,63),(622,522,77),(623,522,94),(624,522,39),(625,522,33),(626,526,63),(627,526,94),(628,526,58),(629,526,33),(630,526,27),(631,535,41),(632,536,24),(633,536,51),(634,536,63),(635,537,51),(636,537,63),(637,538,5),(638,539,14),(639,540,14),(640,541,81),(641,541,60),(642,541,46),(643,544,77),(644,545,77),(645,549,64),(646,549,55),(647,550,16),(648,550,51),(649,550,63),(650,554,63),(651,554,94),(652,554,58),(653,554,27),(654,554,33),(655,558,42),(656,558,16),(657,558,51),(658,558,63),(659,560,16),(660,561,16),(661,562,101),(662,563,101),(663,564,64),(664,565,14),(665,573,77),(666,573,94),(667,573,58),(668,573,39),(669,573,33),(670,576,104),(671,577,77),(672,577,94),(673,577,33),(674,577,39),(675,578,13),(676,578,36),(677,578,96),(678,579,81),(679,579,81),(680,579,60),(681,579,46),(682,590,41),(683,591,86),(684,592,86),(685,593,86),(686,594,86),(687,596,99),(688,597,99),(689,598,73),(690,598,94),(691,598,33),(692,598,27),(693,599,33),(694,599,27),(695,600,64),(696,600,30),(697,604,63),(698,604,94),(699,604,58),(700,604,39),(701,604,33),(702,605,16),(703,606,16),(704,608,92),(705,608,73),(706,608,54),(707,609,16),(708,609,53),(709,609,30),(710,610,16),(711,611,16),(712,612,16),(713,613,18),(714,613,51),(715,613,63),(716,614,73),(717,615,63),(718,616,99),(719,616,73),(720,617,93),(721,617,99),(722,617,63),(723,617,73),(724,618,63),(725,619,99),(726,620,99),(727,621,99),(728,622,63),(729,622,33),(730,622,27),(731,623,12),(732,623,17),(733,623,73),(734,623,58),(735,624,63),(736,624,94),(737,624,33),(738,628,77),(739,628,94),(740,628,58),(741,628,33),(742,628,39),(743,630,17),(744,631,73),(745,631,94),(746,631,58),(747,631,33),(748,631,34),(749,632,65),(750,632,13),(751,632,24),(752,632,96),(753,632,54),(754,633,77),(755,633,102),(756,633,94),(757,633,55),(758,633,38),(759,633,33),(760,638,42),(761,638,16),(762,638,51),(763,638,63),(764,639,77),(765,639,30),(766,639,24),(767,640,64),(768,643,15),(769,644,15),(770,645,15),(771,646,104),(772,646,46),(773,647,100),(774,647,46),(775,648,99),(776,648,76),(777,649,12),(778,649,16),(779,649,63),(780,649,58),(781,654,62),(782,657,99),(783,658,99),(784,659,99),(785,660,99),(786,661,99),(787,662,99),(788,662,63),(789,663,77),(790,666,48),(791,667,90),(792,667,76),(793,668,16),(794,668,51),(795,668,63),(796,669,61),(797,669,94),(798,669,58),(799,669,33),(800,669,27),(801,670,11),(802,670,82),(803,670,14),(804,670,58),(805,670,63),(806,673,16),(807,673,51),(808,673,63),(809,674,41),(810,676,42),(811,676,16),(812,676,51),(813,676,63),(814,677,63),(815,677,30),(816,677,24),(817,678,73),(818,678,94),(819,678,28),(820,678,33),(821,683,5),(822,683,63),(823,685,90),(824,686,90),(825,687,16),(826,688,16),(827,689,16),(828,690,16),(829,691,77),(830,692,77),(831,693,77),(832,694,77),(833,695,77),(834,696,62),(835,699,17),(836,700,17),(837,701,17),(838,705,77),(839,705,94),(840,705,58),(841,705,33),(842,705,27),(843,706,5),(844,706,14),(845,707,53),(846,707,22),(847,708,53),(848,708,22),(849,709,53),(850,709,22),(851,714,90),(852,714,58),(853,714,63),(854,717,64),(855,718,14),(856,719,6),(857,721,94),(858,721,38),(859,721,33),(860,722,41),(861,723,24),(862,723,16),(863,723,51),(864,723,63),(865,724,73),(866,724,48),(867,725,103),(868,725,100),(869,726,62),(870,726,48),(871,727,65),(872,728,103),(873,731,17),(874,732,17),(875,733,17),(876,739,24),(877,739,16),(878,739,51),(879,739,63),(880,740,27),(881,740,16),(882,740,51),(883,740,63),(884,742,17),(885,742,90),(886,742,42),(887,742,22),(888,742,58),(889,751,77),(890,752,77),(891,753,63),(892,753,48),(893,754,73),(894,754,55),(895,755,16),(896,755,51),(897,755,63),(898,759,77),(899,759,94),(900,759,58),(901,759,27),(902,759,33),(903,760,94),(904,760,27),(905,761,33),(906,761,27),(907,767,64),(908,773,63),(909,774,41),(910,775,90),(911,775,63),(912,776,73),(913,776,48),(914,777,104),(915,780,17),(916,780,63),(917,780,58),(918,783,17),(919,784,17),(920,785,5),(921,785,14),(922,789,90),(923,790,5),(924,790,58),(925,790,63),(926,791,13),(927,791,24),(928,792,13),(929,792,24),(930,793,73),(931,793,94),(932,793,34),(933,793,30),(934,794,63),(935,795,73),(936,798,12),(937,798,56),(938,799,16),(939,799,90),(940,800,16),(941,800,90),(942,800,53),(943,800,30),(944,801,19),(945,801,16),(946,801,51),(947,801,63),(948,802,92),(949,802,73),(950,802,54),(951,802,48),(952,807,27),(953,808,51),(954,808,63),(955,809,2),(956,809,14),(957,809,58),(958,810,2),(959,810,14),(960,810,58),(961,811,11),(962,811,82),(963,811,82),(964,811,14),(965,811,58),(966,811,63),(967,812,42),(968,812,16),(969,812,51),(970,812,63),(971,813,19),(972,814,15),(973,814,19),(974,814,41),(975,819,90),(976,819,24),(977,820,77),(978,821,1),(979,821,77),(980,822,1),(981,822,77),(982,828,90),(983,828,73),(984,829,3),(985,830,5),(986,830,58),(987,830,63),(988,831,99),(989,832,99),(990,833,99),(991,834,12),(992,834,81),(993,834,16),(994,834,63),(995,834,58),(996,839,62),(997,842,63),(998,842,58),(999,842,42),(1000,843,16),(1001,843,51),(1002,843,63),(1003,847,73),(1004,847,48),(1005,848,25),(1006,848,16),(1007,848,51),(1008,848,63),(1009,849,99),(1010,850,94),(1011,850,49),(1012,853,14),(1013,853,28),(1014,854,6),(1015,854,16),(1016,854,63),(1017,855,73),(1018,855,94),(1019,855,58),(1020,855,39),(1021,855,30),(1022,860,77),(1023,860,58),(1024,860,42),(1025,863,73),(1026,863,58),(1027,864,93),(1028,864,99),(1029,864,76),(1030,864,54),(1031,864,77),(1032,865,65),(1033,865,13),(1034,865,30),(1035,865,96),(1036,865,56),(1037,866,77),(1038,866,103),(1039,866,94),(1040,866,56),(1041,866,39),(1042,866,24),(1043,869,14),(1044,870,104),(1045,870,63),(1046,871,64),(1047,872,64),(1048,879,12),(1049,879,16),(1050,879,73),(1051,879,58),(1052,880,93),(1053,880,99),(1054,880,73),(1055,880,63),(1056,882,103),(1057,882,42),(1058,883,51),(1059,883,63),(1060,888,62),(1061,891,22),(1062,892,22),(1063,893,97),(1064,894,5),(1065,894,58),(1066,894,63),(1067,895,77),(1068,895,94),(1069,895,58),(1070,895,33),(1071,895,39),(1072,896,41),(1073,896,19),(1074,897,73),(1075,898,73),(1076,899,73),(1077,900,7),(1078,900,14),(1079,901,13),(1080,902,88),(1081,903,16),(1082,903,53),(1083,903,30),(1084,904,102),(1085,905,14),(1086,906,16),(1087,906,81),(1088,906,81),(1089,906,60),(1090,906,46),(1091,908,17),(1092,908,90),(1093,908,77),(1094,909,73),(1095,909,94),(1096,909,58),(1097,909,30),(1098,909,28),(1099,910,54),(1100,911,104),(1101,911,46),(1102,912,90),(1103,912,54),(1104,912,27),(1105,913,77),(1106,914,77),(1107,915,77),(1108,919,64),(1109,920,103),(1110,920,65),(1111,925,63),(1112,925,94),(1113,925,33),(1114,926,41),(1115,927,90),(1116,927,24),(1117,928,73),(1118,932,63),(1119,932,94),(1120,932,58),(1121,932,27),(1122,932,33),(1123,933,54),(1124,941,27),(1125,941,16),(1126,941,51),(1127,941,63),(1128,942,101),(1129,942,76),(1130,942,58),(1131,946,63),(1132,950,41),(1133,951,42),(1134,951,51),(1135,951,63),(1136,952,73),(1137,952,48),(1138,953,77),(1139,954,16),(1140,954,27),(1141,957,63),(1142,957,94),(1143,957,58),(1144,957,33),(1145,957,39),(1146,968,62),(1147,969,64),(1148,970,102),(1149,970,64),(1150,970,46),(1151,971,92),(1152,971,77),(1153,971,55),(1154,971,56),(1155,972,92),(1156,972,59),(1157,972,56),(1158,972,55),(1159,973,111),(1160,973,112),(1161,977,113),(1162,978,114),(1163,978,115),(1164,978,116),(1165,978,117),(1166,984,118),(1167,984,119),(1168,985,120),(1169,986,121),(1170,986,122),(1171,NULL,100),(1172,NULL,89),(1173,NULL,86),(1174,NULL,61),(1175,NULL,91),(1176,NULL,55),(1177,NULL,27),(1190,NULL,50),(1191,NULL,19),(1192,NULL,50),(1193,NULL,19),(1194,NULL,50),(1195,NULL,19),(1196,NULL,58),(1197,NULL,27),(1198,NULL,66),(1199,NULL,66),(1200,NULL,65),(1201,NULL,103),(1202,NULL,64),(1203,NULL,1),(1204,NULL,14),(1205,NULL,2),(1222,NULL,14),(1223,NULL,2),(1226,NULL,103),(1227,NULL,103),(1228,1045,64),(1229,1046,64),(1230,1047,41),(1231,1049,42),(1260,1068,99),(1261,1069,99),(1262,1071,16),(1263,1072,16),(1274,1079,33),(1275,1079,35),(1276,1080,99),(1277,1081,99),(1278,1082,104),(1289,1089,27),(1290,1093,61),(1291,1093,54),(1305,1101,103),(1306,1102,103),(1307,1103,73),(1308,1103,1),(1309,1103,58),(1310,1104,5),(1311,1105,77),(1313,1105,27),(1314,1106,90),(1315,1106,77),(1316,1106,98),(1317,NULL,90),(1318,NULL,70),(1319,NULL,63),(1320,NULL,51),(1321,NULL,16),(1322,NULL,42),(1323,1110,73),(1324,1110,87),(1325,1110,84),(1326,1110,27),(1327,1110,23),(1328,1111,73),(1329,1115,61),(1330,1115,54),(1331,1119,27),(1332,1121,77),(1333,1121,58),(1334,1121,42),(1335,1121,27),(1336,1121,45),(1337,1122,16),(1342,1127,16),(1343,1128,16),(1344,1129,64),(1345,1130,13),(1346,1130,36),(1347,1130,96),(1348,1131,41),(1349,1132,86),(1350,1133,86),(1351,1134,86),(1352,1135,86),(1406,1172,73),(1407,1172,92),(1408,1172,48),(1409,1172,123),(1418,1180,70),(1419,1180,90),(1420,1180,31),(1421,1180,98),(1422,1180,58),(1423,1181,16),(1424,1181,90),(1425,1181,80),(1427,1181,20),(1428,1182,22),(1429,1182,16),(1430,1182,51),(1431,1182,63),(1432,1183,22),(1433,1183,42),(1434,1183,27),(1435,1183,95),(1436,1183,58),(1437,1183,77),(1438,1184,61),(1439,1184,90),(1440,1184,31),(1441,1184,98),(1442,1185,64),(1443,1185,35),(1452,1197,70),(1453,1198,41),(1454,1198,27),(1455,1198,42),(1456,1198,58),(1457,1198,63),(1458,1199,64),(1459,1200,42),(1460,1200,16),(1461,1200,51),(1462,1200,63),(1463,1204,90),(1464,1204,70),(1465,1205,63),(1466,1205,51),(1467,1205,16),(1468,1205,42),(1469,1207,41),(1470,1207,27),(1471,1207,40),(1472,1207,95),(1473,1207,72),(1474,1208,90),(1475,1208,68),(1476,1209,77),(1477,1209,58),(1478,1209,19),(1479,1210,77),(1480,1210,58),(1481,1211,45),(1482,1211,27),(1483,1211,77),(1484,1212,42),(1485,1212,16),(1486,1212,51),(1487,1212,63),(1488,1213,16),(1489,1213,90),(1490,1213,73),(1491,1213,58),(1492,1214,63),(1493,1214,90),(1494,1214,35),(1495,1214,98),(1496,1214,52),(1497,1228,16),(1498,1228,51),(1499,1228,63),(1500,1229,70),(1501,1229,58),(1502,1229,45),(1503,1229,27),(1504,1229,42),(1505,1230,63),(1506,1230,51),(1507,1230,22),(1508,1231,9),(1509,1231,16),(1510,1231,63),(1511,1231,55),(1512,1232,77),(1513,1232,94),(1514,1232,55),(1515,1232,33),(1516,1232,38),(1517,NULL,90),(1518,NULL,70),(1519,NULL,63),(1520,NULL,51),(1521,NULL,16),(1522,NULL,42),(1533,1239,73),(1534,1239,92),(1535,1239,123),(1536,1239,55),(1537,1240,73),(1538,1240,92),(1539,1240,123),(1540,1240,55),(1541,1241,73),(1542,1241,123),(1543,1242,73),(1544,1242,92),(1545,1242,54),(1546,1242,123),(1547,1243,16),(1548,1243,41),(1549,1244,63),(1550,1244,16),(1551,1244,51),(1552,1245,73),(1553,1245,92),(1554,1245,123),(1555,1245,54),(1556,1246,73),(1557,1246,51),(1558,1246,17),(1559,1246,44),(1560,1247,123),(1561,1248,14),(1562,1248,134),(1563,1248,125),(1564,1249,14),(1565,1249,134),(1566,1249,125),(1567,1250,14),(1568,1250,134),(1569,1250,125),(1570,1251,14),(1571,1251,134),(1572,1251,125),(1573,1252,73),(1574,1252,92),(1575,1252,123),(1576,1252,54),(1577,1253,77),(1578,1253,27),(1579,1253,42),(1580,1255,14),(1581,1255,5),(1582,1255,134),(1583,1256,64),(1584,1257,13),(1585,1257,96),(1586,1257,36),(1587,1258,16),(1588,NULL,73),(1589,NULL,129),(1590,NULL,58),(1591,NULL,19),(1592,NULL,73),(1593,NULL,137),(1594,NULL,16),(1595,1262,22),(1596,1263,22),(1597,1264,50),(1598,1264,44),(1604,1269,73),(1605,1271,73),(1606,1273,16),(1607,1274,NULL),(1608,1274,99),(1609,1274,63),(1610,1274,73),(1611,1275,17),(1612,1276,17),(1614,1278,17),(1615,1279,5),(1616,1279,14),(1617,1280,17),(1618,1281,17),(1619,1282,50),(1620,1283,17),(1621,1283,44),(1622,1283,21),(1623,1283,58),(1624,1284,70),(1633,1290,90),(1634,1291,27),(1635,1291,45),(1636,1291,95),(1637,1291,79),(1638,1297,12),(1639,1297,16),(1640,1297,63),(1641,1298,73),(1642,1298,54),(1643,1299,54),(1644,1300,73),(1645,1300,54),(1646,1301,41),(1647,1302,27),(1648,1303,51),(1649,1303,63),(1650,1304,66),(1651,1305,64),(1652,1310,77),(1653,1310,58),(1654,1310,42),(1655,1312,16),(1656,1312,51),(1657,1312,63),(1658,1313,1),(1659,1313,68),(1660,1314,63),(1661,1315,1),(1662,1315,16),(1663,1315,73),(1664,1316,54),(1665,1317,42),(1666,1317,51),(1667,1317,63),(1668,1318,24),(1669,1318,16),(1670,1318,51),(1671,1318,63);
/*!40000 ALTER TABLE `ship_upgrade` ENABLE KEYS */;
UNLOCK TABLES;

--
-- Table structure for table `tourney`
--

DROP TABLE IF EXISTS `tourney`;
/*!40101 SET @saved_cs_client     = @@character_set_client */;
/*!40101 SET character_set_client = utf8 */;
CREATE TABLE `tourney` (
  `id` int(11) NOT NULL AUTO_INCREMENT,
  `tourney_name` varchar(128) DEFAULT NULL,
  `tourney_date` date DEFAULT NULL,
  `tourney_type` varchar(128) DEFAULT NULL,
  `round_length` int(11) DEFAULT NULL,
  PRIMARY KEY (`id`),
  UNIQUE KEY `tourney_name_UNIQUE` (`tourney_name`)
) ENGINE=InnoDB AUTO_INCREMENT=42 DEFAULT CHARSET=utf8;
/*!40101 SET character_set_client = @saved_cs_client */;

--
-- Dumping data for table `tourney`
--

LOCK TABLES `tourney` WRITE;
/*!40000 ALTER TABLE `tourney` DISABLE KEYS */;
INSERT INTO `tourney` VALUES (1,'Worlds 2014 Flight One','2014-11-06','World championship',NULL),(2,'Worlds 2014 Flight Two','2014-11-07','World championship',NULL),(28,'DonjonDec14','2014-12-28','Other',65),(31,'dezso','2015-01-06','Store championship',75),(32,'Team Covenant Aces Round 1','2015-01-06','Vassal play',-1),(33,'D20 Games Store Championships 2015 - Game 1 of 8 SF Bay Area Tour','2015-01-04','Store championship',75),(34,'One Shot - Recife v 1.0','2014-12-20','Other',60),(36,'sd','2015-01-22','Regional',60),(37,'8 Torneio de X-Wing de 2014','2014-12-18','Store championship',60),(38,'hkllc','2015-01-01','Regional',75),(39,'One Shot Recife v1.0','2014-12-14','Other',60);
/*!40000 ALTER TABLE `tourney` ENABLE KEYS */;
UNLOCK TABLES;

--
-- Table structure for table `tourney_list`
--

DROP TABLE IF EXISTS `tourney_list`;
/*!40101 SET @saved_cs_client     = @@character_set_client */;
/*!40101 SET character_set_client = utf8 */;
CREATE TABLE `tourney_list` (
  `id` int(11) NOT NULL AUTO_INCREMENT,
  `tourney_id` int(11) DEFAULT NULL,
  `image` varchar(128) DEFAULT NULL,
  `name` varchar(128) DEFAULT NULL,
  `faction` enum('rebels','empire','scum') DEFAULT NULL,
  `points` int(11) DEFAULT NULL,
  `player_id` int(11) DEFAULT NULL,
  PRIMARY KEY (`id`),
  KEY `tourney_id` (`tourney_id`),
  KEY `tourney_list_ibfk_2_idx` (`player_id`),
  CONSTRAINT `tourney_list_ibfk_1` FOREIGN KEY (`tourney_id`) REFERENCES `tourney` (`id`),
  CONSTRAINT `tourney_list_ibfk_2` FOREIGN KEY (`player_id`) REFERENCES `tourney_player` (`id`)
) ENGINE=InnoDB AUTO_INCREMENT=433 DEFAULT CHARSET=utf8;
/*!40101 SET character_set_client = @saved_cs_client */;

--
-- Dumping data for table `tourney_list`
--

LOCK TABLES `tourney_list` WRITE;
/*!40000 ALTER TABLE `tourney_list` DISABLE KEYS */;
INSERT INTO `tourney_list` VALUES (1,1,'static/tourneys/worlds/Flight1/Ira Mayer 1.jpeg',NULL,'rebels',100,245),(2,1,'static/tourneys/worlds/Flight1/Morgan Reid 2.jpeg',NULL,'empire',98,246),(3,1,'static/tourneys/worlds/Flight1/Joseph Kaufman 3.jpeg',NULL,'rebels',99,247),(4,1,'static/tourneys/worlds/Flight1/Richard Hsu 4.jpeg',NULL,'rebels',100,248),(5,1,'static/tourneys/worlds/Flight1/Aaron Bonar 5.jpeg',NULL,'empire',100,249),(6,1,'static/tourneys/worlds/Flight1/Doug Kinney 6.jpeg',NULL,'empire',100,250),(7,1,'static/tourneys/worlds/Flight1/James Skeffington 7.jpeg',NULL,'rebels',100,251),(8,1,'static/tourneys/worlds/Flight1/Scott Williams 8.jpeg',NULL,'rebels',100,252),(9,1,'static/tourneys/worlds/Flight1/Ryan Weissinger 9.jpeg',NULL,'empire',97,253),(10,1,'static/tourneys/worlds/Flight1/Patrick McDonald 10.jpeg',NULL,'rebels',99,254),(11,1,'static/tourneys/worlds/Flight1/James McDonald 11.jpeg',NULL,'empire',98,255),(12,1,'static/tourneys/worlds/Flight1/Jonathan Gomes 13.jpg',NULL,'rebels',100,257),(13,1,'static/tourneys/worlds/Flight1/Chris Jenkins 14.jpeg',NULL,'rebels',100,258),(14,1,'static/tourneys/worlds/Flight1/Nick Jones 16.jpeg',NULL,'empire',99,260),(15,1,'static/tourneys/worlds/Flight1/Evan Claassen 17.jpeg',NULL,'rebels',99,261),(16,1,'static/tourneys/worlds/Flight1/Dustin Poskochil 18.jpeg',NULL,'empire',100,262),(17,1,'static/tourneys/worlds/Flight1/Keith Wilson 19.jpeg',NULL,'empire',99,263),(18,1,'static/tourneys/worlds/Flight1/Jason McMahon 20.jpeg',NULL,'rebels',100,264),(19,1,'static/tourneys/worlds/Flight1/Dustin Foran 21.jpeg',NULL,'rebels',100,265),(20,1,'static/tourneys/worlds/Flight1/Michael Russell 22.jpeg',NULL,'rebels',99,266),(21,1,'static/tourneys/worlds/Flight1/Ron Brannon 23.jpeg',NULL,'empire',99,267),(22,1,'static/tourneys/worlds/Flight1/Brian Charlier 24.jpeg',NULL,'empire',98,268),(23,1,'static/tourneys/worlds/Flight1/James Hobbs 25.jpeg',NULL,'rebels',100,269),(24,1,'static/tourneys/worlds/Flight1/Rick Sidebotham 26.jpeg',NULL,'empire',100,270),(25,1,'static/tourneys/worlds/Flight1/Jonathan Reinig 27.jpeg',NULL,'rebels',96,271),(26,1,'static/tourneys/worlds/Flight1/Landon Otis 28.jpeg',NULL,'rebels',100,272),(27,1,'static/tourneys/worlds/Flight1/Kevin Leintz 29.jpeg',NULL,'rebels',100,273),(28,1,'static/tourneys/worlds/Flight1/Matt Baxter 30.jpeg',NULL,'rebels',99,274),(29,1,'static/tourneys/worlds/Flight1/Jean-Christophe Hu 31.jpeg',NULL,'empire',100,275),(30,1,'static/tourneys/worlds/Flight1/Jim Blakley 32.jpeg',NULL,'rebels',100,276),(31,1,'static/tourneys/worlds/Flight1/Bjorn Kraft 33.jpeg',NULL,'rebels',99,277),(32,1,'static/tourneys/worlds/Flight1/Dallas Parker 34.jpeg',NULL,'empire',100,278),(33,1,'static/tourneys/worlds/Flight1/James Proctor 35.jpeg',NULL,'rebels',100,279),(34,1,'static/tourneys/worlds/Flight1/Tyler Tippett 36.jpeg',NULL,'empire',99,280),(35,1,'static/tourneys/worlds/Flight1/Mark Fletcher 37.jpeg',NULL,'empire',100,281),(36,1,'static/tourneys/worlds/Flight1/Sean Esser 38.jpeg',NULL,'rebels',99,282),(37,1,'static/tourneys/worlds/Flight1/Bronson Wongkew 39.jpeg',NULL,'empire',100,283),(38,1,'static/tourneys/worlds/Flight1/Kyle Adams 40.jpeg',NULL,'empire',100,284),(39,1,'static/tourneys/worlds/Flight1/Ian Schaffer 41.jpeg',NULL,'rebels',99,285),(40,1,'static/tourneys/worlds/Flight1/Matthew Moutoux 42.jpeg',NULL,'rebels',100,286),(41,1,'static/tourneys/worlds/Flight1/Christopher Bates 43.jpeg',NULL,'rebels',100,287),(42,1,'static/tourneys/worlds/Flight1/Marv Cole 44.jpeg',NULL,'rebels',100,288),(43,1,'static/tourneys/worlds/Flight1/Randy Barker 45.jpeg',NULL,'empire',98,289),(44,1,'static/tourneys/worlds/Flight1/Howard Thomas 46.jpeg',NULL,'rebels',99,290),(45,1,'static/tourneys/worlds/Flight1/Jason Markowitz 47.jpeg',NULL,'empire',98,291),(46,1,'static/tourneys/worlds/Flight1/Jeff Berling 48.jpeg',NULL,'rebels',100,292),(47,1,'static/tourneys/worlds/Flight1/Robert Thomas 49.jpeg',NULL,'rebels',100,293),(48,1,'static/tourneys/worlds/Flight1/Rene Modery 50.jpeg',NULL,'rebels',100,294),(49,1,'static/tourneys/worlds/Flight1/Bernie Lin 51.jpeg',NULL,'empire',100,295),(50,1,'static/tourneys/worlds/Flight1/Gavin Norman 52.jpeg',NULL,'empire',98,296),(51,1,'static/tourneys/worlds/Flight1/James Elhardt 53.jpeg',NULL,'rebels',100,297),(52,1,'static/tourneys/worlds/Flight1/Troy Perry 54.jpeg',NULL,'rebels',100,298),(53,1,'static/tourneys/worlds/Flight1/Mike Little 55.jpeg',NULL,'empire',100,299),(54,1,'static/tourneys/worlds/Flight1/Scott Syverson 56.jpeg',NULL,'rebels',100,300),(55,1,'static/tourneys/worlds/Flight1/Josh Ackerman 57.jpeg',NULL,'rebels',100,301),(56,1,'static/tourneys/worlds/Flight1/Alex Wobberna 58.jpeg',NULL,'empire',100,302),(57,1,'static/tourneys/worlds/Flight1/Jason Becker 59.jpeg',NULL,'rebels',100,303),(58,1,'static/tourneys/worlds/Flight1/Andrew Kluis 60.jpeg',NULL,'rebels',100,304),(59,1,'static/tourneys/worlds/Flight1/Eero Bodien 61.jpeg',NULL,'rebels',100,305),(60,1,'static/tourneys/worlds/Flight1/Anthony Backhaus 62.jpeg',NULL,'empire',100,306),(61,1,'static/tourneys/worlds/Flight1/James Tomasson 63.jpeg',NULL,'rebels',99,307),(62,1,'static/tourneys/worlds/Flight1/Colin McMahon 64.jpeg',NULL,'rebels',100,308),(63,1,'static/tourneys/worlds/Flight1/Joseph Hensen 65.jpeg',NULL,'rebels',100,309),(64,1,'static/tourneys/worlds/Flight1/Jim Lumpkin 66.jpeg',NULL,'rebels',100,310),(65,1,'static/tourneys/worlds/Flight1/Carl Peach 67.jpeg',NULL,'rebels',100,311),(66,1,'static/tourneys/worlds/Flight1/Chris Miller 68.jpeg',NULL,'rebels',100,312),(67,1,'static/tourneys/worlds/Flight1/Jenny Schafer 69.jpeg',NULL,'empire',99,313),(68,1,'static/tourneys/worlds/Flight1/Adam Schuh 70.jpeg',NULL,'rebels',100,314),(69,1,'static/tourneys/worlds/Flight1/Matt Brugge 71.jpeg',NULL,'rebels',99,315),(70,1,'static/tourneys/worlds/Flight1/Michael Evans 72.jpeg',NULL,'empire',99,316),(71,1,'static/tourneys/worlds/Flight1/Neil Gilsdorf 73.jpeg',NULL,'rebels',99,317),(72,1,'static/tourneys/worlds/Flight1/Adam Uhler 74.jpeg',NULL,'rebels',98,318),(73,1,'static/tourneys/worlds/Flight1/Pasquale Mazzei 75.jpeg',NULL,'rebels',99,319),(74,1,'static/tourneys/worlds/Flight1/Eric Meske 76.jpeg',NULL,'rebels',100,320),(75,1,'static/tourneys/worlds/Flight1/Patrick Doyle 77.jpeg',NULL,'rebels',100,321),(76,1,'static/tourneys/worlds/Flight1/Matt Holland 78.jpeg',NULL,'empire',99,322),(77,1,'static/tourneys/worlds/Flight1/Erik Gudmunson 79.jpeg',NULL,'rebels',100,323),(78,1,'static/tourneys/worlds/Flight1/Joe McGlinchey 80.jpeg',NULL,'empire',99,324),(79,1,'static/tourneys/worlds/Flight1/Shayn Lavender 81.jpeg',NULL,'rebels',99,325),(80,1,'static/tourneys/worlds/Flight1/Marshal Blackburn 82.jpeg',NULL,'empire',100,326),(81,1,'static/tourneys/worlds/Flight1/Jim Spurrier 83.jpeg',NULL,'rebels',99,327),(82,1,'static/tourneys/worlds/Flight1/Rebecca Zittel 84.jpeg',NULL,'rebels',100,328),(83,1,'static/tourneys/worlds/Flight1/Paul Dykstra 85.jpeg',NULL,'empire',100,329),(84,1,'static/tourneys/worlds/Flight1/Kent Kampos 86.jpeg',NULL,'empire',100,330),(85,1,'static/tourneys/worlds/Flight1/Timothy Sturm 87.jpeg',NULL,'empire',98,331),(86,1,'static/tourneys/worlds/Flight1/Matt Froom 88.jpeg',NULL,'rebels',100,332),(87,1,'static/tourneys/worlds/Flight1/Chien Lin 89.jpeg',NULL,'rebels',97,333),(88,1,'static/tourneys/worlds/Flight1/Tony Staub 90.jpeg',NULL,'empire',100,334),(89,1,'static/tourneys/worlds/Flight1/David Cohn 91.jpeg',NULL,'empire',99,335),(90,1,'static/tourneys/worlds/Flight1/Jason Reynolds 92.jpeg',NULL,'empire',100,336),(91,1,'static/tourneys/worlds/Flight1/Jason Matchett 93.jpeg',NULL,'rebels',100,337),(92,1,'static/tourneys/worlds/Flight1/Andre Benedict 94.jpeg',NULL,'rebels',99,338),(93,1,'static/tourneys/worlds/Flight1/Jason Neurath 95.jpeg',NULL,'rebels',99,339),(94,1,'static/tourneys/worlds/Flight1/Meshari Al-Faris 96.jpeg',NULL,'empire',100,340),(95,1,'static/tourneys/worlds/Flight1/Ben Franzen 97.jpeg',NULL,'rebels',100,341),(96,1,'static/tourneys/worlds/Flight1/Steve Dodd 98.jpeg',NULL,'empire',100,342),(97,1,'static/tourneys/worlds/Flight1/Ethan Westgate 99.jpeg',NULL,'empire',100,343),(98,1,'static/tourneys/worlds/Flight1/Timothy Dugan 100.jpeg',NULL,'rebels',100,344),(99,1,'static/tourneys/worlds/Flight1/Rachel Houk 101.jpeg',NULL,'rebels',100,345),(100,1,'static/tourneys/worlds/Flight1/Nickie Bonar 102.jpeg',NULL,'empire',100,346),(101,1,'static/tourneys/worlds/Flight1/Shawn Patterson 103.jpeg',NULL,'empire',97,347),(102,1,'static/tourneys/worlds/Flight1/Devon Hein 104.jpeg',NULL,'rebels',100,348),(103,1,'static/tourneys/worlds/Flight1/John Leibel 105.jpeg',NULL,'rebels',100,349),(104,1,'static/tourneys/worlds/Flight1/Richard White 106.jpeg',NULL,'rebels',100,350),(105,1,'static/tourneys/worlds/Flight1/Dien Tran 107.jpeg',NULL,'empire',100,351),(106,1,'static/tourneys/worlds/Flight1/Rich Meade 108.jpeg',NULL,'rebels',100,352),(107,1,'static/tourneys/worlds/Flight1/Kyle O-Connell 109.jpeg',NULL,'rebels',100,353),(108,1,'static/tourneys/worlds/Flight1/Matthew Walker 110.jpeg',NULL,'empire',100,354),(109,1,'static/tourneys/worlds/Flight1/Martin Hoffman 111.jpeg',NULL,'empire',98,355),(110,1,'static/tourneys/worlds/Flight1/Brian Brimmer 112.jpeg',NULL,'rebels',100,356),(111,1,'static/tourneys/worlds/Flight1/Michael Jones 113.jpeg',NULL,'empire',100,357),(112,1,'static/tourneys/worlds/Flight1/Garrett Pruim 114.jpeg',NULL,'rebels',99,358),(113,2,'static/tourneys/worlds/Flight2/Keith Wilson 1.jpeg',NULL,'empire',99,359),(114,2,'static/tourneys/worlds/Flight2/Paul Heaver 2.jpeg',NULL,'rebels',100,360),(115,2,'static/tourneys/worlds/Flight2/Jim Judziewicz 3.jpeg',NULL,'rebels',100,361),(116,2,'static/tourneys/worlds/Flight2/William Wadden 4.jpeg',NULL,'rebels',100,362),(117,2,'static/tourneys/worlds/Flight2/Lyle Hayhurst 5.jpeg',NULL,'rebels',99,363),(118,2,'static/tourneys/worlds/Flight2/Patrick Wilcox 6.jpeg',NULL,'empire',99,364),(119,2,'static/tourneys/worlds/Flight2/Iain Hamp 7.jpeg',NULL,'empire',99,365),(120,2,'static/tourneys/worlds/Flight2/Nathan Eide 8.jpeg',NULL,'rebels',100,366),(121,2,'static/tourneys/worlds/Flight2/Chien Lin 9.jpeg',NULL,'rebels',98,367),(122,2,'static/tourneys/worlds/Flight2/Landon Otis 10.jpeg',NULL,'rebels',100,368),(123,2,'static/tourneys/worlds/Flight2/Dallas Parker 11.jpeg',NULL,'empire',100,369),(124,2,'static/tourneys/worlds/Flight2/Captain Typo 12.jpeg',NULL,'rebels',100,370),(125,2,'static/tourneys/worlds/Flight2/Jeff Judziewicz 13.jpeg',NULL,'rebels',100,371),(126,2,'static/tourneys/worlds/Flight2/Daniel Hars 14.jpeg',NULL,'rebels',100,372),(127,2,'static/tourneys/worlds/Flight2/Jason Christopherson 15.jpeg',NULL,'rebels',100,373),(128,2,'static/tourneys/worlds/Flight2/Dom Cairo 16.jpeg',NULL,'empire',100,374),(129,2,'static/tourneys/worlds/Flight2/Ben Keller 17.jpeg',NULL,'empire',99,375),(130,2,'static/tourneys/worlds/Flight2/Bjorn Frafft 18.jpeg',NULL,'rebels',99,376),(131,2,'static/tourneys/worlds/Flight2/Dion Erbes 19.jpeg',NULL,'rebels',99,377),(132,2,'static/tourneys/worlds/Flight2/Jean-Christophe Hu 20.jpeg',NULL,'empire',100,378),(133,2,'static/tourneys/worlds/Flight2/Olaf Ohman 21.jpeg',NULL,'empire',99,379),(134,2,'static/tourneys/worlds/Flight2/Ryan Voigt 22.jpeg',NULL,'rebels',100,380),(135,2,'static/tourneys/worlds/Flight2/Jorgen Tonne 23.jpeg',NULL,'rebels',100,381),(136,2,'static/tourneys/worlds/Flight2/Michael Evans 24.jpeg',NULL,'empire',98,382),(137,2,'static/tourneys/worlds/Flight2/Ian Schaffer 25.jpeg',NULL,'rebels',99,383),(138,2,'static/tourneys/worlds/Flight2/Brett Ulrich 26.jpeg',NULL,'empire',100,384),(139,2,'static/tourneys/worlds/Flight2/John Wilson 27.jpeg',NULL,'rebels',99,385),(140,2,'static/tourneys/worlds/Flight2/Jim Blakley 28.jpeg',NULL,'rebels',100,386),(141,2,'static/tourneys/worlds/Flight2/Benjamin Chee 29.jpeg',NULL,'rebels',100,387),(142,2,'static/tourneys/worlds/Flight2/James Hobbs 30.jpeg',NULL,'rebels',100,388),(143,2,'static/tourneys/worlds/Flight2/Ryan Gericke 31.jpeg',NULL,'rebels',100,389),(144,2,'static/tourneys/worlds/Flight2/Jonathan Reinig 32.jpeg',NULL,'rebels',96,390),(145,2,'static/tourneys/worlds/Flight2/Mark Fletcher 33.jpeg',NULL,'empire',100,391),(146,2,'static/tourneys/worlds/Flight2/Emilio Serrano 34.jpeg',NULL,'rebels',100,392),(147,2,'static/tourneys/worlds/Flight2/Tim Fournier 35.jpeg',NULL,'rebels',100,393),(148,2,'static/tourneys/worlds/Flight2/Macieg Rzepinski 36.jpeg',NULL,'rebels',100,394),(149,2,'static/tourneys/worlds/Flight2/Steve Dodd 38.jpeg',NULL,'empire',100,396),(150,2,'static/tourneys/worlds/Flight2/Blake Boetler 39.jpeg',NULL,'rebels',99,397),(151,2,'static/tourneys/worlds/Flight2/Jason Markowitz 40.jpeg',NULL,'empire',98,398),(152,2,'static/tourneys/worlds/Flight2/Thomas Hoffman 41.jpeg',NULL,'rebels',100,399),(153,2,'static/tourneys/worlds/Flight2/Max Gingold 42.jpeg',NULL,'rebels',100,400),(154,2,'static/tourneys/worlds/Flight2/Andres Matesanz 43.jpeg',NULL,'rebels',100,401),(155,2,'static/tourneys/worlds/Flight2/Ben Franzen 44.jpeg',NULL,'rebels',100,402),(156,2,'static/tourneys/worlds/Flight2/Dustin Foran 45.jpeg',NULL,'rebels',100,403),(157,2,'static/tourneys/worlds/Flight2/Jeff Berling 46.jpeg',NULL,'rebels',100,404),(158,2,'static/tourneys/worlds/Flight2/Christopher Greff 47.jpeg',NULL,'empire',99,405),(159,2,'static/tourneys/worlds/Flight2/Ryan Hatzenbeller 48.jpeg',NULL,'rebels',98,406),(160,2,'static/tourneys/worlds/Flight2/Pasquale Mazzei 49.jpeg',NULL,'rebels',99,407),(161,2,'static/tourneys/worlds/Flight2/Anthony Rossi 50.jpeg',NULL,'rebels',100,408),(162,2,'static/tourneys/worlds/Flight2/Matt ray 51.jpeg',NULL,'empire',100,409),(163,2,'static/tourneys/worlds/Flight2/Tom Mann 52.jpeg',NULL,'rebels',100,410),(164,2,'static/tourneys/worlds/Flight2/Nickie Bonar 53.jpeg',NULL,'empire',100,411),(165,2,'static/tourneys/worlds/Flight2/Michael McFarlin 54.jpeg',NULL,'empire',98,412),(166,2,'static/tourneys/worlds/Flight2/Howard Thomas 55.jpeg',NULL,'rebels',100,413),(167,2,'static/tourneys/worlds/Flight2/Joe McGlinchey 56.jpeg',NULL,'empire',95,414),(168,2,'static/tourneys/worlds/Flight2/Nick Brickelmann 57.jpeg',NULL,'empire',99,415),(169,2,'static/tourneys/worlds/Flight2/Sean Lahti 58.jpeg',NULL,'rebels',100,416),(170,2,'static/tourneys/worlds/Flight2/Sam Cromwell 59.jpeg',NULL,'rebels',100,417),(171,2,'static/tourneys/worlds/Flight2/Nick Tomlonovic 60.jpeg',NULL,'empire',100,418),(172,2,'static/tourneys/worlds/Flight2/Phil Weist 61.jpeg',NULL,'rebels',100,419),(173,2,'static/tourneys/worlds/Flight2/Rob Ross 62.jpeg',NULL,'empire',100,420),(174,2,'static/tourneys/worlds/Flight2/Shayn Lavender 63.jpeg',NULL,'rebels',99,421),(175,2,'static/tourneys/worlds/Flight2/James Proctor 64.jpeg',NULL,'rebels',100,422),(176,2,'static/tourneys/worlds/Flight2/Kyle O-Connell 65.jpeg',NULL,'rebels',100,423),(177,2,'static/tourneys/worlds/Flight2/Fernando Rodriguez 66.jpeg',NULL,'empire',100,424),(178,2,'static/tourneys/worlds/Flight2/James Tomassoni 67.jpeg',NULL,'rebels',96,425),(179,2,'static/tourneys/worlds/Flight2/Kyle Adams 68.jpeg',NULL,'rebels',100,426),(180,2,'static/tourneys/worlds/Flight2/Ryan Krippendorf 69.jpeg',NULL,'empire',98,427),(181,2,'static/tourneys/worlds/Flight2/Brooks Fluegaur-Leavitt 70.jpeg',NULL,'empire',100,428),(182,2,'static/tourneys/worlds/Flight2/Jason Neurath 71.jpeg',NULL,'rebels',99,429),(183,2,'static/tourneys/worlds/Flight2/David Bernstein 72.jpeg',NULL,'rebels',100,430),(184,2,'static/tourneys/worlds/Flight2/Nick Mueller 73.jpeg',NULL,'empire',100,431),(185,2,'static/tourneys/worlds/Flight2/Richard White 74.jpeg',NULL,'empire',100,432),(186,2,'static/tourneys/worlds/Flight2/Gordon McDonald 75.jpeg',NULL,'rebels',99,433),(187,2,'static/tourneys/worlds/Flight2/Randy Barker 76.jpeg',NULL,'empire',100,434),(188,2,'static/tourneys/worlds/Flight2/Ron Brannan 77.jpeg',NULL,'rebels',100,435),(189,2,'static/tourneys/worlds/Flight2/Minh Tran 78.jpeg',NULL,'rebels',100,436),(190,2,'static/tourneys/worlds/Flight2/Tony Roberto 79.jpeg',NULL,'empire',99,437),(191,2,'static/tourneys/worlds/Flight2/Ian Swenson 80.jpeg',NULL,'empire',100,438),(192,2,'static/tourneys/worlds/Flight2/Tyler Tippett 81.jpeg',NULL,'empire',99,439),(193,2,'static/tourneys/worlds/Flight2/Matt Montoux 82.jpeg',NULL,'rebels',100,440),(194,2,'static/tourneys/worlds/Flight2/Jim Spurrier 83.jpeg',NULL,'rebels',99,441),(195,2,'static/tourneys/worlds/Flight2/Brandon Barthel 84.jpeg',NULL,'rebels',100,442),(196,2,'static/tourneys/worlds/Flight2/Alexander Drewek 85.jpeg',NULL,'rebels',100,443),(197,2,'static/tourneys/worlds/Flight2/Michael McDowell 86.jpeg',NULL,'empire',100,444),(198,2,'static/tourneys/worlds/Flight2/Joseph Pepin 87.jpeg',NULL,'rebels',98,445),(199,2,'static/tourneys/worlds/Flight2/Nate Collins 88.jpeg',NULL,'empire',99,446),(200,2,'static/tourneys/worlds/Flight2/Perry Nichols 89.jpeg',NULL,'empire',99,447),(201,2,'static/tourneys/worlds/Flight2/Ryan Forsythe 90.jpeg',NULL,'rebels',100,448),(202,2,'static/tourneys/worlds/Flight2/Bernie Lin 91.jpeg',NULL,'empire',100,449),(203,2,'static/tourneys/worlds/Flight2/Matthew W 92.jpeg',NULL,'empire',100,450),(204,2,'static/tourneys/worlds/Flight2/Troy Perry 93.jpeg',NULL,'rebels',100,451),(205,2,'static/tourneys/worlds/Flight2/Mauricio Sanchez 94.jpeg',NULL,'rebels',100,452),(206,2,'static/tourneys/worlds/Flight2/Kevin Leintz 95.jpeg',NULL,'rebels',100,453),(207,2,'static/tourneys/worlds/Flight2/Rebecca Zittel 96.jpeg',NULL,'rebels',99,454),(208,2,'static/tourneys/worlds/Flight2/Barry Bradley 97.jpeg',NULL,'empire',100,455),(209,2,'static/tourneys/worlds/Flight2/Lee Lahti 98.jpeg',NULL,'empire',98,456),(210,2,'static/tourneys/worlds/Flight2/Shawn Patterson 99.jpeg',NULL,'empire',98,457),(211,2,'static/tourneys/worlds/Flight2/Miles Hammatt 100.jpeg',NULL,'rebels',100,458),(212,2,'static/tourneys/worlds/Flight2/Micah Pilley 101.jpeg',NULL,'rebels',99,459),(213,2,'static/tourneys/worlds/Flight2/Ron Longhi 102.jpeg',NULL,'empire',100,460),(214,2,'static/tourneys/worlds/Flight2/Dal Downing 103.jpg',NULL,'rebels',100,461),(215,2,'static/tourneys/worlds/Flight2/Terrance Reeves-Chong 104.jpeg',NULL,'rebels',100,462),(216,2,'static/tourneys/worlds/Flight2/Rob Davis 105.jpeg',NULL,'rebels',100,463),(217,2,'static/tourneys/worlds/Flight2/Eric Doree 106 pg 1.jpeg',NULL,'empire',98,464),(218,2,'static/tourneys/worlds/Flight2/Scott Brewer 107.jpeg',NULL,'rebels',100,465),(219,2,'static/tourneys/worlds/Flight2/Matthew Saloff 108.jpeg',NULL,'empire',100,466),(220,2,'static/tourneys/worlds/Flight2/Matthew Grosvenor 109.jpeg',NULL,'empire',100,467),(221,2,'static/tourneys/worlds/Flight2/Rebecca Poulos 110.jpeg',NULL,'empire',99,468),(222,2,'static/tourneys/worlds/Flight2/Samuel Roamer 111.jpeg',NULL,'rebels',100,469),(223,2,'static/tourneys/worlds/Flight2/Andrew Harding 112.jpeg',NULL,'empire',100,470),(224,2,'static/tourneys/worlds/Flight2/Robert Portillo 113.jpeg',NULL,'rebels',100,471),(225,2,'static/tourneys/worlds/Flight2/Brad Zimmerman 114.jpeg',NULL,'rebels',100,472),(226,2,'static/tourneys/worlds/Flight2/Daniel Topczewski 115.jpeg',NULL,'rebels',99,473),(227,2,'static/tourneys/worlds/Flight2/Alberto Nieto 116.jpeg',NULL,'empire',100,474),(228,2,'static/tourneys/worlds/Flight2/Adam Uhler 117.jpeg',NULL,'rebels',98,475),(229,2,'static/tourneys/worlds/Flight2/Jim Fraser 118.jpeg',NULL,'empire',99,476),(230,2,'static/tourneys/worlds/Flight2/Matt Baxter 119.jpeg',NULL,'rebels',99,477),(231,2,'static/tourneys/worlds/Flight2/Eric Huffman 120.jpeg',NULL,'empire',100,478),(232,2,'static/tourneys/worlds/Flight2/John Harris 121.jpeg',NULL,'rebels',99,479),(233,2,'static/tourneys/worlds/Flight2/David Bergstrom 122.jpeg',NULL,'empire',100,480),(234,2,'static/tourneys/worlds/Flight2/David Cohn 123.jpeg',NULL,'empire',83,481),(235,2,'static/tourneys/worlds/Flight2/Joshua Tabak 124.jpeg',NULL,'rebels',100,482),(236,2,'static/tourneys/worlds/Flight2/Bronson Wongkew 125 1.jpeg',NULL,'empire',100,483),(237,2,'static/tourneys/worlds/Flight2/Mark Calhoun 126.jpeg',NULL,'empire',100,484),(238,2,'static/tourneys/worlds/Flight2/Kristopher Jamieson 127.jpeg',NULL,'rebels',100,485),(239,2,'static/tourneys/worlds/Flight2/Darren Eskandari 128.jpeg',NULL,'rebels',100,486),(240,2,'static/tourneys/worlds/Flight2/Gavin Norman 129.jpeg',NULL,'empire',100,487),(241,2,'static/tourneys/worlds/Flight2/Jon Dalesandry 130.jpeg',NULL,'empire',98,488),(243,1,'static/tourneys/worlds/Flight1/Ira Mayer 1.jpeg',NULL,'empire',99,259),(244,1,'static/tourneys/worlds/Flight1/Ira Mayer 1.jpeg',NULL,'empire',100,256),(245,2,'static/tourneys/worlds/Flight1/Ira Mayer 1.jpeg',NULL,'rebels',100,395),(375,28,NULL,'Frank Swarm 3','rebels',100,618),(376,28,NULL,'Julie Swarm','empire',99,619),(377,28,NULL,'While Han Was Frozen','rebels',100,620),(378,28,NULL,'Remi W2 Swarm','empire',99,621),(379,28,NULL,NULL,'empire',99,622),(380,28,NULL,'Chris Swarm','empire',99,623),(381,28,NULL,'Kev YTs','rebels',100,624),(382,28,NULL,'Crit Shower','rebels',100,625),(383,28,NULL,'Jonathan Tank','empire',100,626),(394,32,NULL,NULL,'empire',100,637),(395,32,NULL,NULL,'empire',99,638),(396,32,NULL,NULL,'rebels',100,639),(397,32,NULL,NULL,'empire',100,640),(398,32,NULL,NULL,'rebels',99,641),(399,32,NULL,NULL,'empire',100,642),(400,32,NULL,NULL,'empire',100,643),(401,32,NULL,NULL,'scum',100,644),(402,32,NULL,NULL,'empire',98,645),(403,32,NULL,NULL,'empire',100,646),(404,32,NULL,NULL,'empire',100,647),(405,32,NULL,NULL,'empire',100,648),(406,33,NULL,NULL,'empire',99,649),(407,33,NULL,NULL,'empire',100,650),(408,33,NULL,NULL,'empire',99,651),(409,33,NULL,NULL,'empire',98,652),(410,33,NULL,NULL,'empire',98,653),(411,33,NULL,NULL,'empire',100,654),(412,33,NULL,NULL,'rebels',100,655),(413,33,NULL,NULL,'empire',99,656),(414,33,NULL,NULL,'empire',100,657),(415,33,NULL,NULL,'rebels',99,658),(416,33,NULL,NULL,'rebels',100,659),(417,33,NULL,NULL,'empire',100,660),(418,33,NULL,NULL,'rebels',100,661),(419,33,NULL,NULL,'empire',100,662),(420,37,NULL,NULL,'rebels',100,663),(421,37,NULL,NULL,'empire',99,664),(422,37,NULL,NULL,'empire',100,665),(423,37,NULL,NULL,'rebels',100,666),(424,37,NULL,NULL,'empire',99,667),(425,37,NULL,NULL,'rebels',31,668),(426,37,NULL,NULL,'empire',99,669),(427,37,NULL,NULL,'empire',99,670),(428,37,NULL,NULL,'rebels',99,671),(429,37,NULL,NULL,'empire',99,672),(430,37,NULL,NULL,'empire',99,673),(431,37,NULL,NULL,'rebels',100,674),(432,37,NULL,NULL,'empire',99,675);
/*!40000 ALTER TABLE `tourney_list` ENABLE KEYS */;
UNLOCK TABLES;

--
-- Table structure for table `tourney_player`
--

DROP TABLE IF EXISTS `tourney_player`;
/*!40101 SET @saved_cs_client     = @@character_set_client */;
/*!40101 SET character_set_client = utf8 */;
CREATE TABLE `tourney_player` (
  `id` int(11) NOT NULL AUTO_INCREMENT,
  `tourney_id` int(11) DEFAULT NULL,
  `player_name` varchar(128) DEFAULT NULL,
  PRIMARY KEY (`id`),
  KEY `tourney_id` (`tourney_id`),
  CONSTRAINT `tourney_player_ibfk_1` FOREIGN KEY (`tourney_id`) REFERENCES `tourney` (`id`)
) ENGINE=InnoDB AUTO_INCREMENT=676 DEFAULT CHARSET=latin1;
/*!40101 SET character_set_client = @saved_cs_client */;

--
-- Dumping data for table `tourney_player`
--

LOCK TABLES `tourney_player` WRITE;
/*!40000 ALTER TABLE `tourney_player` DISABLE KEYS */;
INSERT INTO `tourney_player` VALUES (245,1,'Ira Mayer'),(246,1,'Morgan Reid'),(247,1,'Joseph Kaufman'),(248,1,'Richard Hsu'),(249,1,'Aaron Bonar'),(250,1,'Doug Kinney'),(251,1,'James Skeffington'),(252,1,'Scott Williams'),(253,1,'Ryan Weissinger'),(254,1,'Patrick McDonald'),(255,1,'James McDonald'),(256,1,'Joshua MacDonald'),(257,1,'Jonathan Gomes'),(258,1,'Chris Jenkins'),(259,1,'Francois Fressen'),(260,1,'Nick Jones'),(261,1,'Evan Claassen'),(262,1,'Dustin Poskochil'),(263,1,'Keith Wilson'),(264,1,'Jason McMahon'),(265,1,'Dustin Foran'),(266,1,'Michael Russell'),(267,1,'Ron Brannon'),(268,1,'Brian Charlier'),(269,1,'James Hobbs'),(270,1,'Rick Sidebotham'),(271,1,'Jonathan Reinig'),(272,1,'Landon Otis'),(273,1,'Kevin Leintz'),(274,1,'Matt Baxter'),(275,1,'Jean-Christophe Hu'),(276,1,'Jim Blakley'),(277,1,'Bjorn Kraft'),(278,1,'Dallas Parker'),(279,1,'James Proctor'),(280,1,'Tyler Tippett'),(281,1,'Mark Fletcher'),(282,1,'Sean Esser'),(283,1,'Bronson Wongkew'),(284,1,'Kyle Adams'),(285,1,'Ian Schaffer'),(286,1,'Matthew Moutoux'),(287,1,'Christopher Bates'),(288,1,'Marv Cole'),(289,1,'Randy Barker'),(290,1,'Howard Thomas'),(291,1,'Jason Markowitz'),(292,1,'Jeff Berling'),(293,1,'Robert Thomas'),(294,1,'Rene Modery'),(295,1,'Bernie Lin'),(296,1,'Gavin Norman'),(297,1,'James Elhardt'),(298,1,'Troy Perry'),(299,1,'Mike Little'),(300,1,'Scott Syverson'),(301,1,'Josh Ackerman'),(302,1,'Alex Wobberna'),(303,1,'Jason Becker'),(304,1,'Andrew Kluis'),(305,1,'Eero Bodien'),(306,1,'Anthony Backhaus'),(307,1,'James Tomasson'),(308,1,'Colin McMahon'),(309,1,'Joseph Hensen'),(310,1,'Jim Lumpkin'),(311,1,'Carl Peach'),(312,1,'Chris Miller'),(313,1,'Jenny Schafer'),(314,1,'Adam Schuh'),(315,1,'Matt Brugge'),(316,1,'Michael Evans'),(317,1,'Neil Gilsdorf'),(318,1,'Adam Uhler'),(319,1,'Pasquale Mazzei'),(320,1,'Eric Meske'),(321,1,'Patrick Doyle'),(322,1,'Matt Holland'),(323,1,'Erik Gudmunson'),(324,1,'Joe McGlinchey'),(325,1,'Shayn Lavender'),(326,1,'Marshal Blackburn'),(327,1,'Jim Spurrier'),(328,1,'Rebecca Zittel'),(329,1,'Paul Dykstra'),(330,1,'Kent Kampos'),(331,1,'Timothy Sturm'),(332,1,'Matt Froom'),(333,1,'Chien Lin'),(334,1,'Tony Staub'),(335,1,'David Cohn'),(336,1,'Jason Reynolds'),(337,1,'Jason Matchett'),(338,1,'Andre Benedict'),(339,1,'Jason Neurath'),(340,1,'Meshari Al-Faris'),(341,1,'Ben Franzen'),(342,1,'Steve Dodd'),(343,1,'Ethan Westgate'),(344,1,'Timothy Dugan'),(345,1,'Rachel Houk'),(346,1,'Nickie Bonar'),(347,1,'Shawn Patterson'),(348,1,'Devon Hein'),(349,1,'John Leibel'),(350,1,'Richard White'),(351,1,'Dien Tran'),(352,1,'Rich Meade'),(353,1,'Kyle O-Connell'),(354,1,'Matthew Walker'),(355,1,'Martin Hoffman'),(356,1,'Brian Brimmer'),(357,1,'Michael Jones'),(358,1,'Garrett Pruim'),(359,2,'Keith Wilson'),(360,2,'Paul Heaver'),(361,2,'Jim Judziewicz'),(362,2,'William Wadden'),(363,2,'Lyle Hayhurst'),(364,2,'Patrick Wilcox'),(365,2,'Iain Hamp'),(366,2,'Nathan Eide'),(367,2,'Chien Lin'),(368,2,'Landon Otis'),(369,2,'Dallas Parker'),(370,2,'Captain Typo'),(371,2,'Jeff Judziewicz'),(372,2,'Daniel Hars'),(373,2,'Jason Christopherson'),(374,2,'Dom Cairo'),(375,2,'Ben Keller'),(376,2,'Bjorn Frafft'),(377,2,'Dion Erbes'),(378,2,'Jean-Christophe Hu'),(379,2,'Olaf Ohman'),(380,2,'Ryan Voigt'),(381,2,'Jorgen Tonne'),(382,2,'Michael Evans'),(383,2,'Ian Schaffer'),(384,2,'Brett Ulrich'),(385,2,'John Wilson'),(386,2,'Jim Blakley'),(387,2,'Benjamin Chee'),(388,2,'James Hobbs'),(389,2,'Ryan Gericke'),(390,2,'Jonathan Reinig'),(391,2,'Mark Fletcher'),(392,2,'Emilio Serrano'),(393,2,'Tim Fournier'),(394,2,'Macieg Rzepinski'),(395,2,'Matt Kreideweis'),(396,2,'Steve Dodd'),(397,2,'Blake Boetler'),(398,2,'Jason Markowitz'),(399,2,'Thomas Hoffman'),(400,2,'Max Gingold'),(401,2,'Andres Matesanz'),(402,2,'Ben Franzen'),(403,2,'Dustin Foran'),(404,2,'Jeff Berling'),(405,2,'Christopher Greff'),(406,2,'Ryan Hatzenbeller'),(407,2,'Pasquale Mazzei'),(408,2,'Anthony Rossi'),(409,2,'Matt ray'),(410,2,'Tom Mann'),(411,2,'Nickie Bonar'),(412,2,'Michael McFarlin'),(413,2,'Howard Thomas'),(414,2,'Joe McGlinchey'),(415,2,'Nick Brickelmann'),(416,2,'Sean Lahti'),(417,2,'Sam Cromwell'),(418,2,'Nick Tomlonovic'),(419,2,'Phil Weist'),(420,2,'Rob Ross'),(421,2,'Shayn Lavender'),(422,2,'James Proctor'),(423,2,'Kyle O-Connell'),(424,2,'Fernando Rodriguez'),(425,2,'James Tomassoni'),(426,2,'Kyle Adams'),(427,2,'Ryan Krippendorf'),(428,2,'Brooks Fluegaur-Leavitt'),(429,2,'Jason Neurath'),(430,2,'David Bernstein'),(431,2,'Nick Mueller'),(432,2,'Richard White'),(433,2,'Gordon McDonald'),(434,2,'Randy Barker'),(435,2,'Ron Brannan'),(436,2,'Minh Tran'),(437,2,'Tony Roberto'),(438,2,'Ian Swenson'),(439,2,'Tyler Tippett'),(440,2,'Matt Montoux'),(441,2,'Jim Spurrier'),(442,2,'Brandon Barthel'),(443,2,'Alexander Drewek'),(444,2,'Michael McDowell'),(445,2,'Joseph Pepin'),(446,2,'Nate Collins'),(447,2,'Perry Nichols'),(448,2,'Ryan Forsythe'),(449,2,'Bernie Lin'),(450,2,'Matthew W'),(451,2,'Troy Perry'),(452,2,'Mauricio Sanchez'),(453,2,'Kevin Leintz'),(454,2,'Rebecca Zittel'),(455,2,'Barry Bradley'),(456,2,'Lee Lahti'),(457,2,'Shawn Patterson'),(458,2,'Miles Hammatt'),(459,2,'Micah Pilley'),(460,2,'Ron Longhi'),(461,2,'Dal Downing'),(462,2,'Terrance Reeves-Chong'),(463,2,'Rob Davis'),(464,2,'Eric Doree'),(465,2,'Scott Brewer'),(466,2,'Matthew Saloff'),(467,2,'Matthew Grosvenor'),(468,2,'Rebecca Poulos'),(469,2,'Samuel Roamer'),(470,2,'Andrew Harding'),(471,2,'Robert Portillo'),(472,2,'Brad Zimmerman'),(473,2,'Daniel Topczewski'),(474,2,'Alberto Nieto'),(475,2,'Adam Uhler'),(476,2,'Jim Fraser'),(477,2,'Matt Baxter'),(478,2,'Eric Huffman'),(479,2,'John Harris'),(480,2,'David Bergstrom'),(481,2,'David Cohn'),(482,2,'Joshua Tabak'),(483,2,'Bronson Wongkew'),(484,2,'Mark Calhoun'),(485,2,'Kristopher Jamieson'),(486,2,'Darren Eskandari'),(487,2,'Gavin Norman'),(488,2,'Jon Dalesandry'),(618,28,'frank'),(619,28,'julie'),(620,28,'gab'),(621,28,'remi'),(622,28,'denis'),(623,28,'chris'),(624,28,'kev'),(625,28,'mic'),(626,28,'jon'),(637,32,'Pheaver'),(638,32,'Texx'),(639,32,'Dom'),(640,32,'Theorist'),(641,32,'sozin'),(642,32,'Morgan'),(643,32,'MrFroggies'),(644,32,'SideSlip'),(645,32,'KineticOperator'),(646,32,'StarSlinger72'),(647,32,'Mu0n'),(648,32,'KelvanTiberius'),(649,33,'Jeff Wilder'),(650,33,'Geordan Rosario'),(651,33,'Bernie Lin'),(652,33,'Drew Bishop'),(653,33,'Brendan'),(654,33,'Jason Kremin'),(655,33,'Audrey Carstensen'),(656,33,'Noel Cuevas'),(657,33,'Eli Stevens'),(658,33,'Brian Francis'),(659,33,'Justin Hoeger'),(660,33,'Andy Cutright'),(661,33,'Jeffrey Lee-Mars'),(662,33,'Darryl McMillon'),(663,37,'Tiago (Sapo)'),(664,37,'Fernando (NoProblem)'),(665,37,'Daniel (Kaleidoscopio)'),(666,37,'Paulo P'),(667,37,'Alex '),(668,37,'Paulo (PSAI)'),(669,37,'Alves'),(670,37,'Carlos (von Richthofen)'),(671,37,'Lourenco'),(672,37,'Mapril (Crimson)'),(673,37,'Sousa'),(674,37,'Andre (48k)'),(675,37,'Joao JAB');
/*!40000 ALTER TABLE `tourney_player` ENABLE KEYS */;
UNLOCK TABLES;

--
-- Table structure for table `tourney_ranking`
--

DROP TABLE IF EXISTS `tourney_ranking`;
/*!40101 SET @saved_cs_client     = @@character_set_client */;
/*!40101 SET character_set_client = utf8 */;
CREATE TABLE `tourney_ranking` (
  `id` int(11) NOT NULL AUTO_INCREMENT,
  `tourney_id` int(11) DEFAULT NULL,
  `player_id` int(11) DEFAULT NULL,
  `score` int(11) DEFAULT NULL,
  `mov` int(11) DEFAULT NULL,
  `sos` int(11) DEFAULT NULL,
  `rank` int(11) DEFAULT NULL,
  `elim_rank` int(11) DEFAULT NULL,
  PRIMARY KEY (`id`),
  KEY `tourney_id` (`tourney_id`),
  KEY `player_id` (`player_id`),
  CONSTRAINT `tourney_ranking_ibfk_1` FOREIGN KEY (`tourney_id`) REFERENCES `tourney` (`id`),
  CONSTRAINT `tourney_ranking_ibfk_2` FOREIGN KEY (`player_id`) REFERENCES `tourney_player` (`id`)
) ENGINE=InnoDB AUTO_INCREMENT=366 DEFAULT CHARSET=latin1;
/*!40101 SET character_set_client = @saved_cs_client */;

--
-- Dumping data for table `tourney_ranking`
--

LOCK TABLES `tourney_ranking` WRITE;
/*!40000 ALTER TABLE `tourney_ranking` DISABLE KEYS */;
INSERT INTO `tourney_ranking` VALUES (1,1,245,NULL,NULL,NULL,1,4),(2,1,246,NULL,NULL,NULL,2,2),(3,1,247,NULL,NULL,NULL,3,32),(4,1,248,NULL,NULL,NULL,4,8),(5,1,249,NULL,NULL,NULL,5,32),(6,1,250,NULL,NULL,NULL,6,32),(7,1,251,NULL,NULL,NULL,7,32),(8,1,252,NULL,NULL,NULL,8,32),(9,1,253,NULL,NULL,NULL,9,32),(10,1,254,NULL,NULL,NULL,10,32),(11,1,255,NULL,NULL,NULL,11,8),(12,1,256,NULL,NULL,NULL,12,16),(13,1,257,NULL,NULL,NULL,13,8),(14,1,258,NULL,NULL,NULL,14,32),(15,1,259,NULL,NULL,NULL,15,NULL),(16,1,260,NULL,NULL,NULL,16,32),(17,1,261,NULL,NULL,NULL,17,32),(18,1,262,NULL,NULL,NULL,18,NULL),(19,1,263,NULL,NULL,NULL,19,NULL),(20,1,264,NULL,NULL,NULL,20,NULL),(21,1,265,NULL,NULL,NULL,21,NULL),(22,1,266,NULL,NULL,NULL,22,NULL),(23,1,267,NULL,NULL,NULL,23,NULL),(24,1,268,NULL,NULL,NULL,24,NULL),(25,1,269,NULL,NULL,NULL,25,NULL),(26,1,270,NULL,NULL,NULL,26,NULL),(27,1,271,NULL,NULL,NULL,27,NULL),(28,1,272,NULL,NULL,NULL,28,NULL),(29,1,273,NULL,NULL,NULL,29,NULL),(30,1,274,NULL,NULL,NULL,30,NULL),(31,1,275,NULL,NULL,NULL,31,NULL),(32,1,276,NULL,NULL,NULL,32,NULL),(33,1,277,NULL,NULL,NULL,33,NULL),(34,1,278,NULL,NULL,NULL,34,NULL),(35,1,279,NULL,NULL,NULL,35,NULL),(36,1,280,NULL,NULL,NULL,36,NULL),(37,1,281,NULL,NULL,NULL,37,NULL),(38,1,282,NULL,NULL,NULL,38,NULL),(39,1,283,NULL,NULL,NULL,39,NULL),(40,1,284,NULL,NULL,NULL,40,NULL),(41,1,285,NULL,NULL,NULL,41,NULL),(42,1,286,NULL,NULL,NULL,42,NULL),(43,1,287,NULL,NULL,NULL,43,NULL),(44,1,288,NULL,NULL,NULL,44,NULL),(45,1,289,NULL,NULL,NULL,45,NULL),(46,1,290,NULL,NULL,NULL,46,NULL),(47,1,291,NULL,NULL,NULL,47,NULL),(48,1,292,NULL,NULL,NULL,48,NULL),(49,1,293,NULL,NULL,NULL,49,NULL),(50,1,294,NULL,NULL,NULL,50,NULL),(51,1,295,NULL,NULL,NULL,51,NULL),(52,1,296,NULL,NULL,NULL,52,NULL),(53,1,297,NULL,NULL,NULL,53,NULL),(54,1,298,NULL,NULL,NULL,54,NULL),(55,1,299,NULL,NULL,NULL,55,NULL),(56,1,300,NULL,NULL,NULL,56,NULL),(57,1,301,NULL,NULL,NULL,57,NULL),(58,1,302,NULL,NULL,NULL,58,NULL),(59,1,303,NULL,NULL,NULL,59,NULL),(60,1,304,NULL,NULL,NULL,60,NULL),(61,1,305,NULL,NULL,NULL,61,NULL),(62,1,306,NULL,NULL,NULL,62,NULL),(63,1,307,NULL,NULL,NULL,63,NULL),(64,1,308,NULL,NULL,NULL,64,NULL),(65,1,309,NULL,NULL,NULL,65,NULL),(66,1,310,NULL,NULL,NULL,66,NULL),(67,1,311,NULL,NULL,NULL,67,NULL),(68,1,312,NULL,NULL,NULL,68,NULL),(69,1,313,NULL,NULL,NULL,69,NULL),(70,1,314,NULL,NULL,NULL,70,NULL),(71,1,315,NULL,NULL,NULL,71,NULL),(72,1,316,NULL,NULL,NULL,72,NULL),(73,1,317,NULL,NULL,NULL,73,NULL),(74,1,318,NULL,NULL,NULL,74,NULL),(75,1,319,NULL,NULL,NULL,75,NULL),(76,1,320,NULL,NULL,NULL,76,NULL),(77,1,321,NULL,NULL,NULL,77,NULL),(78,1,322,NULL,NULL,NULL,78,NULL),(79,1,323,NULL,NULL,NULL,79,NULL),(80,1,324,NULL,NULL,NULL,80,NULL),(81,1,325,NULL,NULL,NULL,81,NULL),(82,1,326,NULL,NULL,NULL,82,NULL),(83,1,327,NULL,NULL,NULL,83,NULL),(84,1,328,NULL,NULL,NULL,84,NULL),(85,1,329,NULL,NULL,NULL,85,NULL),(86,1,330,NULL,NULL,NULL,86,NULL),(87,1,331,NULL,NULL,NULL,87,NULL),(88,1,332,NULL,NULL,NULL,88,NULL),(89,1,333,NULL,NULL,NULL,89,NULL),(90,1,334,NULL,NULL,NULL,90,NULL),(91,1,335,NULL,NULL,NULL,91,NULL),(92,1,336,NULL,NULL,NULL,92,NULL),(93,1,337,NULL,NULL,NULL,93,NULL),(94,1,338,NULL,NULL,NULL,94,NULL),(95,1,339,NULL,NULL,NULL,95,NULL),(96,1,340,NULL,NULL,NULL,96,NULL),(97,1,341,NULL,NULL,NULL,97,NULL),(98,1,342,NULL,NULL,NULL,98,NULL),(99,1,343,NULL,NULL,NULL,99,NULL),(100,1,344,NULL,NULL,NULL,100,NULL),(101,1,345,NULL,NULL,NULL,101,NULL),(102,1,346,NULL,NULL,NULL,102,NULL),(103,1,347,NULL,NULL,NULL,103,NULL),(104,1,348,NULL,NULL,NULL,104,NULL),(105,1,349,NULL,NULL,NULL,105,NULL),(106,1,350,NULL,NULL,NULL,106,NULL),(107,1,351,NULL,NULL,NULL,107,NULL),(108,1,352,NULL,NULL,NULL,108,NULL),(109,1,353,NULL,NULL,NULL,109,NULL),(110,1,354,NULL,NULL,NULL,110,NULL),(111,1,355,NULL,NULL,NULL,111,NULL),(112,1,356,NULL,NULL,NULL,112,NULL),(113,1,357,NULL,NULL,NULL,113,NULL),(114,1,358,NULL,NULL,NULL,114,NULL),(115,2,359,NULL,NULL,NULL,1,4),(116,2,360,NULL,NULL,NULL,2,1),(117,2,361,NULL,NULL,NULL,3,16),(118,2,362,NULL,NULL,NULL,4,32),(119,2,363,NULL,NULL,NULL,5,32),(120,2,364,NULL,NULL,NULL,6,32),(121,2,365,NULL,NULL,NULL,7,16),(122,2,366,NULL,NULL,NULL,8,16),(123,2,367,NULL,NULL,NULL,9,16),(124,2,368,NULL,NULL,NULL,10,16),(125,2,369,NULL,NULL,NULL,11,4),(126,2,370,NULL,NULL,NULL,12,16),(127,2,371,NULL,NULL,NULL,13,32),(128,2,372,NULL,NULL,NULL,14,16),(129,2,373,NULL,NULL,NULL,15,32),(130,2,374,NULL,NULL,NULL,16,32),(131,2,375,NULL,NULL,NULL,17,NULL),(132,2,376,NULL,NULL,NULL,18,NULL),(133,2,377,NULL,NULL,NULL,19,NULL),(134,2,378,NULL,NULL,NULL,20,NULL),(135,2,379,NULL,NULL,NULL,21,NULL),(136,2,380,NULL,NULL,NULL,22,NULL),(137,2,381,NULL,NULL,NULL,23,NULL),(138,2,382,NULL,NULL,NULL,24,NULL),(139,2,383,NULL,NULL,NULL,25,NULL),(140,2,384,NULL,NULL,NULL,26,NULL),(141,2,385,NULL,NULL,NULL,27,NULL),(142,2,386,NULL,NULL,NULL,28,NULL),(143,2,387,NULL,NULL,NULL,29,NULL),(144,2,388,NULL,NULL,NULL,30,NULL),(145,2,389,NULL,NULL,NULL,31,NULL),(146,2,390,NULL,NULL,NULL,32,NULL),(147,2,391,NULL,NULL,NULL,33,NULL),(148,2,392,NULL,NULL,NULL,34,NULL),(149,2,393,NULL,NULL,NULL,35,NULL),(150,2,394,NULL,NULL,NULL,36,NULL),(151,2,395,NULL,NULL,NULL,37,NULL),(152,2,396,NULL,NULL,NULL,38,NULL),(153,2,397,NULL,NULL,NULL,39,NULL),(154,2,398,NULL,NULL,NULL,40,NULL),(155,2,399,NULL,NULL,NULL,41,NULL),(156,2,400,NULL,NULL,NULL,42,NULL),(157,2,401,NULL,NULL,NULL,43,NULL),(158,2,402,NULL,NULL,NULL,44,NULL),(159,2,403,NULL,NULL,NULL,45,NULL),(160,2,404,NULL,NULL,NULL,46,NULL),(161,2,405,NULL,NULL,NULL,47,NULL),(162,2,406,NULL,NULL,NULL,48,NULL),(163,2,407,NULL,NULL,NULL,49,NULL),(164,2,408,NULL,NULL,NULL,50,NULL),(165,2,409,NULL,NULL,NULL,51,NULL),(166,2,410,NULL,NULL,NULL,52,NULL),(167,2,411,NULL,NULL,NULL,53,NULL),(168,2,412,NULL,NULL,NULL,54,NULL),(169,2,413,NULL,NULL,NULL,55,NULL),(170,2,414,NULL,NULL,NULL,56,NULL),(171,2,415,NULL,NULL,NULL,57,NULL),(172,2,416,NULL,NULL,NULL,58,NULL),(173,2,417,NULL,NULL,NULL,59,NULL),(174,2,418,NULL,NULL,NULL,60,NULL),(175,2,419,NULL,NULL,NULL,61,NULL),(176,2,420,NULL,NULL,NULL,62,NULL),(177,2,421,NULL,NULL,NULL,63,NULL),(178,2,422,NULL,NULL,NULL,64,NULL),(179,2,423,NULL,NULL,NULL,65,NULL),(180,2,424,NULL,NULL,NULL,66,NULL),(181,2,425,NULL,NULL,NULL,67,NULL),(182,2,426,NULL,NULL,NULL,68,NULL),(183,2,427,NULL,NULL,NULL,69,NULL),(184,2,428,NULL,NULL,NULL,70,NULL),(185,2,429,NULL,NULL,NULL,71,NULL),(186,2,430,NULL,NULL,NULL,72,NULL),(187,2,431,NULL,NULL,NULL,73,NULL),(188,2,432,NULL,NULL,NULL,74,NULL),(189,2,433,NULL,NULL,NULL,75,NULL),(190,2,434,NULL,NULL,NULL,76,NULL),(191,2,435,NULL,NULL,NULL,77,NULL),(192,2,436,NULL,NULL,NULL,78,NULL),(193,2,437,NULL,NULL,NULL,79,NULL),(194,2,438,NULL,NULL,NULL,80,NULL),(195,2,439,NULL,NULL,NULL,81,NULL),(196,2,440,NULL,NULL,NULL,82,NULL),(197,2,441,NULL,NULL,NULL,83,NULL),(198,2,442,NULL,NULL,NULL,84,NULL),(199,2,443,NULL,NULL,NULL,85,NULL),(200,2,444,NULL,NULL,NULL,86,NULL),(201,2,445,NULL,NULL,NULL,87,NULL),(202,2,446,NULL,NULL,NULL,88,NULL),(203,2,447,NULL,NULL,NULL,89,NULL),(204,2,448,NULL,NULL,NULL,90,NULL),(205,2,449,NULL,NULL,NULL,91,NULL),(206,2,450,NULL,NULL,NULL,92,NULL),(207,2,451,NULL,NULL,NULL,93,NULL),(208,2,452,NULL,NULL,NULL,94,NULL),(209,2,453,NULL,NULL,NULL,95,NULL),(210,2,454,NULL,NULL,NULL,96,NULL),(211,2,455,NULL,NULL,NULL,97,NULL),(212,2,456,NULL,NULL,NULL,98,NULL),(213,2,457,NULL,NULL,NULL,99,NULL),(214,2,458,NULL,NULL,NULL,100,NULL),(215,2,459,NULL,NULL,NULL,101,NULL),(216,2,460,NULL,NULL,NULL,102,NULL),(217,2,461,NULL,NULL,NULL,103,NULL),(218,2,462,NULL,NULL,NULL,104,NULL),(219,2,463,NULL,NULL,NULL,105,NULL),(220,2,464,NULL,NULL,NULL,106,NULL),(221,2,465,NULL,NULL,NULL,107,NULL),(222,2,466,NULL,NULL,NULL,108,NULL),(223,2,467,NULL,NULL,NULL,109,NULL),(224,2,468,NULL,NULL,NULL,110,NULL),(225,2,469,NULL,NULL,NULL,111,NULL),(226,2,470,NULL,NULL,NULL,112,NULL),(227,2,471,NULL,NULL,NULL,113,NULL),(228,2,472,NULL,NULL,NULL,114,NULL),(229,2,473,NULL,NULL,NULL,115,NULL),(230,2,474,NULL,NULL,NULL,116,NULL),(231,2,475,NULL,NULL,NULL,117,NULL),(232,2,476,NULL,NULL,NULL,118,NULL),(233,2,477,NULL,NULL,NULL,119,NULL),(234,2,478,NULL,NULL,NULL,120,NULL),(235,2,479,NULL,NULL,NULL,121,NULL),(236,2,480,NULL,NULL,NULL,122,NULL),(237,2,481,NULL,NULL,NULL,123,NULL),(238,2,482,NULL,NULL,NULL,124,NULL),(239,2,483,NULL,NULL,NULL,125,NULL),(240,2,484,NULL,NULL,NULL,126,NULL),(241,2,485,NULL,NULL,NULL,127,NULL),(242,2,486,NULL,NULL,NULL,128,NULL),(243,2,487,NULL,NULL,NULL,129,NULL),(244,2,488,NULL,NULL,NULL,130,NULL),(308,28,624,20,649,45,1,NULL),(309,28,623,15,651,45,2,NULL),(310,28,619,13,485,30,3,NULL),(311,28,618,10,562,33,4,NULL),(312,28,625,10,378,53,5,NULL),(313,28,620,10,320,45,6,NULL),(314,28,626,10,277,40,7,NULL),(315,28,621,5,316,33,8,NULL),(316,28,622,5,162,38,9,NULL),(327,32,637,0,NULL,NULL,1,NULL),(328,32,638,0,NULL,NULL,2,NULL),(329,32,639,0,NULL,NULL,3,NULL),(330,32,640,0,NULL,NULL,4,NULL),(331,32,641,0,NULL,NULL,5,NULL),(332,32,642,0,NULL,NULL,6,NULL),(333,32,643,0,NULL,NULL,7,NULL),(334,32,644,0,NULL,NULL,8,NULL),(335,32,645,0,NULL,NULL,9,NULL),(336,32,646,0,NULL,NULL,10,NULL),(337,32,647,0,NULL,NULL,11,NULL),(338,32,648,0,NULL,NULL,12,NULL),(339,33,649,20,677,NULL,1,NULL),(340,33,650,15,612,NULL,2,NULL),(341,33,651,15,563,NULL,3,NULL),(342,33,652,15,509,NULL,4,NULL),(343,33,653,15,508,NULL,5,NULL),(344,33,654,15,495,NULL,6,NULL),(345,33,655,10,480,NULL,7,NULL),(346,33,656,10,412,NULL,8,NULL),(347,33,657,10,361,NULL,9,NULL),(348,33,658,10,352,NULL,10,NULL),(349,33,659,10,337,NULL,11,NULL),(350,33,660,5,328,NULL,12,NULL),(351,33,661,5,254,NULL,13,NULL),(352,33,662,0,184,NULL,14,NULL),(353,37,663,16,613,NULL,1,NULL),(354,37,664,15,634,NULL,1,NULL),(355,37,665,15,481,NULL,1,NULL),(356,37,666,15,469,NULL,1,NULL),(357,37,667,15,449,NULL,1,NULL),(358,37,668,10,440,NULL,1,NULL),(359,37,669,10,433,NULL,1,NULL),(360,37,670,10,382,NULL,1,NULL),(361,37,671,8,365,NULL,1,NULL),(362,37,672,6,331,NULL,1,NULL),(363,37,673,5,347,NULL,1,NULL),(364,37,674,5,347,NULL,1,NULL),(365,37,675,5,347,NULL,1,NULL);
/*!40000 ALTER TABLE `tourney_ranking` ENABLE KEYS */;
UNLOCK TABLES;

--
-- Table structure for table `tourney_round`
--

DROP TABLE IF EXISTS `tourney_round`;
/*!40101 SET @saved_cs_client     = @@character_set_client */;
/*!40101 SET character_set_client = utf8 */;
CREATE TABLE `tourney_round` (
  `id` int(11) NOT NULL AUTO_INCREMENT,
  `tourney_id` int(11) DEFAULT NULL,
  `round_num` int(11) DEFAULT NULL,
  `round_type` enum('Elimination','Pre-Elimination') DEFAULT NULL,
  PRIMARY KEY (`id`),
  KEY `tourney_id` (`tourney_id`),
  CONSTRAINT `tourney_round_ibfk_1` FOREIGN KEY (`tourney_id`) REFERENCES `tourney` (`id`)
) ENGINE=InnoDB AUTO_INCREMENT=74 DEFAULT CHARSET=latin1;
/*!40101 SET character_set_client = @saved_cs_client */;

--
-- Dumping data for table `tourney_round`
--

LOCK TABLES `tourney_round` WRITE;
/*!40000 ALTER TABLE `tourney_round` DISABLE KEYS */;
INSERT INTO `tourney_round` VALUES (70,28,1,'Pre-Elimination'),(71,28,2,'Pre-Elimination'),(72,28,3,'Pre-Elimination'),(73,28,4,'Pre-Elimination');
/*!40000 ALTER TABLE `tourney_round` ENABLE KEYS */;
UNLOCK TABLES;

--
-- Table structure for table `tourney_set`
--

DROP TABLE IF EXISTS `tourney_set`;
/*!40101 SET @saved_cs_client     = @@character_set_client */;
/*!40101 SET character_set_client = utf8 */;
CREATE TABLE `tourney_set` (
  `id` int(11) NOT NULL AUTO_INCREMENT,
  `tourney_id` int(11) DEFAULT NULL,
  `set_id` int(11) DEFAULT NULL,
  PRIMARY KEY (`id`),
  KEY `tourney_id` (`tourney_id`),
  KEY `set_id` (`set_id`),
  CONSTRAINT `tourney_set_ibfk_1` FOREIGN KEY (`tourney_id`) REFERENCES `tourney` (`id`),
  CONSTRAINT `tourney_set_ibfk_2` FOREIGN KEY (`set_id`) REFERENCES `xwing_set` (`id`)
) ENGINE=InnoDB AUTO_INCREMENT=268 DEFAULT CHARSET=latin1;
/*!40101 SET character_set_client = @saved_cs_client */;

--
-- Dumping data for table `tourney_set`
--

LOCK TABLES `tourney_set` WRITE;
/*!40000 ALTER TABLE `tourney_set` DISABLE KEYS */;
INSERT INTO `tourney_set` VALUES (105,1,19),(106,1,20),(107,1,21),(108,1,22),(109,1,23),(110,1,24),(111,1,25),(112,1,26),(113,1,27),(114,2,19),(115,2,20),(116,2,21),(117,2,22),(118,2,23),(119,2,24),(120,2,25),(121,2,26),(122,2,27),(163,28,22),(164,28,20),(165,28,19),(166,28,24),(167,28,27),(168,28,23),(169,28,26),(170,28,25),(171,28,21),(172,28,28),(193,31,22),(194,31,20),(195,31,19),(196,31,24),(197,31,27),(198,31,23),(199,31,26),(200,31,25),(201,31,21),(202,31,28),(203,32,22),(204,32,20),(205,32,19),(206,32,24),(207,32,27),(208,32,23),(209,32,26),(210,32,25),(211,32,21),(212,32,28),(213,33,22),(214,33,20),(215,33,19),(216,33,24),(217,33,27),(218,33,23),(219,33,26),(220,33,25),(221,33,21),(222,33,28),(223,34,20),(224,34,24),(225,34,27),(226,34,23),(227,34,26),(228,34,25),(229,34,21),(230,34,28),(231,36,22),(232,36,20),(233,36,19),(234,36,24),(235,36,27),(236,36,23),(237,36,26),(238,36,25),(239,36,21),(240,36,28),(241,37,22),(242,37,20),(243,37,19),(244,37,24),(245,37,27),(246,37,23),(247,37,26),(248,37,25),(249,37,21),(250,37,28),(251,38,22),(252,38,20),(253,38,19),(254,38,24),(255,38,27),(256,38,23),(257,38,26),(258,38,25),(259,38,21),(260,38,28),(261,39,20),(262,39,24),(263,39,27),(264,39,23),(265,39,26),(266,39,25),(267,39,21);
/*!40000 ALTER TABLE `tourney_set` ENABLE KEYS */;
UNLOCK TABLES;

--
-- Table structure for table `tourney_venue`
--

DROP TABLE IF EXISTS `tourney_venue`;
/*!40101 SET @saved_cs_client     = @@character_set_client */;
/*!40101 SET character_set_client = utf8 */;
CREATE TABLE `tourney_venue` (
  `id` int(11) NOT NULL AUTO_INCREMENT,
  `tourney_id` int(11) DEFAULT NULL,
  `country` varchar(128) DEFAULT NULL,
  `state` varchar(128) DEFAULT NULL,
  `city` varchar(128) DEFAULT NULL,
  `venue` varchar(128) DEFAULT NULL,
  PRIMARY KEY (`id`),
  KEY `tourney_id` (`tourney_id`),
  CONSTRAINT `tourney_venue_ibfk_1` FOREIGN KEY (`tourney_id`) REFERENCES `tourney` (`id`)
) ENGINE=InnoDB AUTO_INCREMENT=18 DEFAULT CHARSET=latin1;
/*!40101 SET character_set_client = @saved_cs_client */;

--
-- Dumping data for table `tourney_venue`
--

LOCK TABLES `tourney_venue` WRITE;
/*!40000 ALTER TABLE `tourney_venue` DISABLE KEYS */;
INSERT INTO `tourney_venue` VALUES (1,1,'United States of America','Minnesota','Roseville','Fantasy Flight Games Center'),(2,2,'United States of America','Minnesota','Roseville','Fantasy Flight Games Center'),(7,28,'Canada','Quebec','Quebec City','boutique donjon'),(10,31,'Algeria','Adrar','adrar','tes'),(11,32,'United States of America','Kansas','Kansas City','Vassal'),(12,33,'United States of America','California','Alameda','D20 Games'),(13,34,'Brazil','Pernambuco','Recife','Paco Alfandega'),(14,36,'Afghanistan','Badakhshan','bsd','erertr'),(15,37,'Portugal','Lisboa','Lisboa','Kult Games'),(16,38,'Algeria','Adrar','qert','hghkj'),(17,39,'Brazil','Pernambuco','Recife','Paco Alfandega');
/*!40000 ALTER TABLE `tourney_venue` ENABLE KEYS */;
UNLOCK TABLES;

--
-- Table structure for table `upgrade`
--

DROP TABLE IF EXISTS `upgrade`;
/*!40101 SET @saved_cs_client     = @@character_set_client */;
/*!40101 SET character_set_client = utf8 */;
CREATE TABLE `upgrade` (
  `id` int(11) NOT NULL AUTO_INCREMENT,
  `upgrade_type` enum('bomb','turret','cannon','amd','system','crew','mod','title','ept','torpedo','missile','samd','illicit') DEFAULT NULL,
  `name` varchar(128) DEFAULT NULL,
  `cost` int(11) DEFAULT NULL,
  `canon_name` varchar(128) DEFAULT NULL,
  PRIMARY KEY (`id`)
) ENGINE=InnoDB AUTO_INCREMENT=138 DEFAULT CHARSET=utf8;
/*!40101 SET character_set_client = @saved_cs_client */;

--
-- Dumping data for table `upgrade`
--

LOCK TABLES `upgrade` WRITE;
/*!40000 ALTER TABLE `upgrade` DISABLE KEYS */;
INSERT INTO `upgrade` VALUES (1,'amd','R2 Astromech',1,'r2astromech'),(2,'amd','R5 Astromech',1,'r5astromech'),(3,'amd','R4-D6',1,'r4d6'),(4,'amd','R5-K6',2,'r5k6'),(5,'amd','R3-A2',2,'r3a2'),(6,'amd','R7 Astromech',2,'r7astromech'),(7,'amd','R2-F2',3,'r2f2'),(8,'amd','R5-D8',3,'r5d8'),(9,'amd','R5-P9',3,'r5p9'),(10,'amd','R7-T1',3,'r7t1'),(11,'amd','R2-D6',1,'r2d6'),(12,'amd','R2-D2',4,'r2d2'),(13,'turret','Blaster Turret',4,'blasterturret'),(14,'turret','Ion Cannon Turret',5,'ioncannonturret'),(15,'system','Enhanced Scopes',1,'enhancedscopes'),(16,'system','Fire-Control System',2,'firecontrolsystem'),(17,'system','Advanced Sensors',3,'advancedsensors'),(18,'system','Sensor Jammer',4,'sensorjammer'),(19,'crew','Intelligence Agent',1,'intelligenceagent'),(20,'crew','Mercenary Copilot',2,'mercenarycopilot'),(21,'crew','Saboteur',2,'saboteur'),(22,'crew','Tactician',2,'tactician'),(23,'crew','Weapons Engineer',3,'weaponsengineer'),(24,'crew','Recon Specialist',3,'reconspecialist'),(25,'crew','Navigator',3,'navigator'),(26,'crew','Flight Instructor',4,'flightinstructor'),(27,'crew','Gunner',5,'gunner'),(28,'crew','Nien Nunb',1,'niennunb'),(29,'crew','Han Solo',2,'hansolo'),(30,'crew','Jan Ors',2,'janors'),(31,'crew','Dash Rendar',2,'dashrendar'),(32,'crew','Leebo',2,'leebo'),(33,'crew','C-3PO',3,'c3po'),(34,'crew','Kyle Katarn',3,'kylekatarn'),(35,'crew','Lando Calrissian',3,'landocalrissian'),(36,'crew','Chewbacca',4,'chewbacca'),(37,'crew','Leia Organa',4,'leiaorgana'),(38,'crew','R2-D2',4,'r2d2'),(39,'crew','Luke Skywalker',7,'lukeskywalker'),(40,'crew','Moff Jerjerrod',2,'moffjerjerrod'),(41,'crew','Darth Vader',3,'darthvader'),(42,'crew','Rebel Captive',3,'rebelcaptive'),(43,'crew','Fleet Officer',3,'fleetofficer'),(44,'crew','Mara Jade',3,'marajade'),(45,'crew','Ysanne Isard',4,'ysanneisard'),(46,'mod','Munitions Failsafe',1,'munitionsfailsafe'),(47,'mod','Tactical Jammer',1,'tacticaljammer'),(48,'mod','Targeting Computer',2,'targetingcomputer'),(49,'mod','Anti-Pursuit Lasers',2,'antipursuitlasers'),(50,'mod','Stygium Particle Accelerator',2,'stygiumparticleaccelerator'),(51,'mod','Advanced Cloaking Device',4,'advancedcloakingdevice'),(52,'mod','Experimental Interface',3,'experimentalinterface'),(53,'mod','bwing/E2',1,'bwinge2'),(54,'mod','Stealth Device',3,'stealthdevice'),(55,'mod','Hull Upgrade',3,'hullupgrade'),(56,'mod','Shield Upgrade',4,'shieldupgrade'),(57,'mod','Counter-Measures',3,'countermeasures'),(58,'mod','Engine Upgrade',4,'engineupgrade'),(59,'ept','Adrenaline Rush',1,'adrenalinerush'),(60,'ept','Deadeye',1,'deadeye'),(61,'ept','Determination',1,'determination'),(62,'ept','Draw Their Fire',1,'drawtheirfire'),(63,'ept','Veteran Instincts',1,'veteraninstincts'),(64,'ept','Swarm Tactics',2,'swarmtactics'),(65,'ept','Squad Leader',2,'squadleader'),(66,'ept','Expert Handling',2,'experthandling'),(67,'ept','Elusiveness',2,'elusiveness'),(68,'ept','Wingman',2,'wingman'),(69,'ept','Decoy',2,'decoy'),(70,'ept','Lone Wolf',2,'lonewolf'),(71,'ept','Stay on Target',2,'stayontarget'),(72,'ept','Intimidation',2,'intimidation'),(73,'ept','Push the Limit',3,'pushthelimit'),(74,'ept','Marksmanship',3,'marksmanship'),(75,'ept','Daredevil',3,'daredevil'),(76,'ept','Outmaneuver',3,'outmaneuver'),(77,'ept','Predator',3,'predator'),(78,'ept','Ruthlessness',3,'ruthlessness'),(79,'ept','Expose',4,'expose'),(80,'ept','Opportunist',4,'opportunist'),(81,'torpedo','Flechette Torpedoes',2,'flechettetorpedoes'),(82,'torpedo','Proton Torpedos',4,'protontorpedos'),(83,'torpedo','Ion Torpedoes',5,'iontorpedoes'),(84,'torpedo','Advanced Proton Torpedoes',6,'advancedprotontorpedoes'),(85,'bomb','Seismic Charges',2,'seismiccharges'),(86,'bomb','Proximity Mines',3,'proximitymines'),(87,'bomb','Proton Bombs',5,'protonbombs'),(88,'cannon','Ion Cannon',3,'ioncannon'),(89,'cannon','AutoBlaster',5,'autoblaster'),(90,'cannon','Heavy Laser Cannon',7,'heavylasercannon'),(91,'title','Slave 1',0,'slave1'),(92,'title','Royal Guard TIE',0,'royalguardtie'),(93,'title','awing Test Pilot',0,'awingtestpilot'),(94,'title','Millennium Falcon',1,'millenniumfalcon'),(95,'title','Dauntless',2,'dauntless'),(96,'title','Moldy Crow',3,'moldycrow'),(97,'title','ST-321',3,'st321'),(98,'title','Outrider',5,'outrider'),(99,'missile','Chardaan Refit',-2,'chardaanrefit'),(100,'missile','Ion Pulse Missile',3,'ionpulsemissile'),(101,'missile','Proton Rockets',3,'protonrockets'),(102,'missile','Concussion Missiles',4,'concussionmissiles'),(103,'missile','Cluster Missiles',4,'clustermissiles'),(104,'missile','Assault Missiles',5,'assaultmissiles'),(105,'missile','Homing Missiles',5,'homingmissiles'),(106,'ept','Predator',3,'predator'),(107,'title','Millennium Falcon',1,'millenniumfalcon'),(108,'mod','Engine Upgrade',4,'engineupgrade'),(109,'crew','C-3PO',3,'c3po'),(110,'crew','Gunner',5,'gunner'),(111,'ept','Push the Limit',3,'pushthelimit'),(112,'mod','Hull Upgrade',2,'hullupgrade'),(113,'ept','Veteran Instincts',1,'veteraninstincts'),(114,'crew','Intelligence Agent',1,'intelligenceagent'),(115,'system','Fire-Control System',2,'firecontrolsystem'),(116,'mod','Advanced Cloaking Device',4,'advancedcloakingdevice'),(117,'ept','Veteran Instincts',1,'veteraninstincts'),(118,'amd','R2-D2',4,'r2d2'),(119,'ept','Opportunist',4,'opportunist'),(120,'ept','Predator',3,'predator'),(121,'amd','R3-A2',2,'r3a2'),(122,'ept','Veteran Instincts',1,'veteraninstincts'),(123,'mod','Autothrusters',2,'autothrusters'),(124,'samd','Genius',0,'genius'),(125,'samd','R4 Agromech',2,'r4agromech'),(126,'samd','R4-B11',3,'r4b11'),(127,'samd','Salvaged Astromech',2,'salvagedastromech'),(128,'samd','Unhinged Astromech',1,'unhingedastromech'),(129,'illicit','Hot Shot Blaster',3,'hotshotblaster'),(130,'illicit','Dead Mans Switch',2,'deadmansswitch'),(131,'illicit','Feedback Array',2,'feedbackarray'),(132,'illicit','Inertial Dampeners',1,'inertialdampeners'),(133,'title','IG-2000',0,'ig2000'),(134,'title','BTL-A4 Y-Wing',0,'btla4ywing'),(135,'title','Andrasta',0,'andrasta'),(136,'torpedo','Bomb Loadout',0,'bombloadout'),(137,'title','Virago',1,'virago');
/*!40000 ALTER TABLE `upgrade` ENABLE KEYS */;
UNLOCK TABLES;

--
-- Table structure for table `xwing_set`
--

DROP TABLE IF EXISTS `xwing_set`;
/*!40101 SET @saved_cs_client     = @@character_set_client */;
/*!40101 SET character_set_client = utf8 */;
CREATE TABLE `xwing_set` (
  `id` int(11) NOT NULL AUTO_INCREMENT,
  `set_name` varchar(128) DEFAULT NULL,
  PRIMARY KEY (`id`)
) ENGINE=InnoDB AUTO_INCREMENT=29 DEFAULT CHARSET=latin1;
/*!40101 SET character_set_client = @saved_cs_client */;

--
-- Dumping data for table `xwing_set`
--

LOCK TABLES `xwing_set` WRITE;
/*!40000 ALTER TABLE `xwing_set` DISABLE KEYS */;
INSERT INTO `xwing_set` VALUES (19,'GR-75 Expansion'),(20,'Core Set'),(21,'Wave 4'),(22,'CR90 Expansion'),(23,'Wave 1'),(24,'Imperial Aces Expansion'),(25,'Wave 3'),(26,'Wave 2'),(27,'Rebel Aces Expansion'),(28,'Wave 5');
/*!40000 ALTER TABLE `xwing_set` ENABLE KEYS */;
UNLOCK TABLES;
/*!40103 SET TIME_ZONE=@OLD_TIME_ZONE */;

/*!40101 SET SQL_MODE=@OLD_SQL_MODE */;
/*!40014 SET FOREIGN_KEY_CHECKS=@OLD_FOREIGN_KEY_CHECKS */;
/*!40014 SET UNIQUE_CHECKS=@OLD_UNIQUE_CHECKS */;
/*!40101 SET CHARACTER_SET_CLIENT=@OLD_CHARACTER_SET_CLIENT */;
/*!40101 SET CHARACTER_SET_RESULTS=@OLD_CHARACTER_SET_RESULTS */;
/*!40101 SET COLLATION_CONNECTION=@OLD_COLLATION_CONNECTION */;
/*!40111 SET SQL_NOTES=@OLD_SQL_NOTES */;

-- Dump completed on 2015-01-08 17:30:11
