-- MySQL dump 10.13  Distrib 5.5.41, for debian-linux-gnu (x86_64)
--
-- Host: mysql.server    Database: sozin$lists
-- ------------------------------------------------------
-- Server version	5.1.73-log

/*!40101 SET @OLD_CHARACTER_SET_CLIENT=@@CHARACTER_SET_CLIENT */;
/*!40101 SET @OLD_CHARACTER_SET_RESULTS=@@CHARACTER_SET_RESULTS */;
/*!40101 SET @OLD_COLLATION_CONNECTION=@@COLLATION_CONNECTION */;
/*!40101 SET NAMES utf8 */;
/*!40103 SET @OLD_TIME_ZONE=@@TIME_ZONE */;
/*!40103 SET TIME_ZONE='+00:00' */;
/*!40014 SET @OLD_UNIQUE_CHECKS=@@UNIQUE_CHECKS, UNIQUE_CHECKS=0 */;
/*!40014 SET @OLD_FOREIGN_KEY_CHECKS=@@FOREIGN_KEY_CHECKS, FOREIGN_KEY_CHECKS=0 */;
/*!40101 SET @OLD_SQL_MODE=@@SQL_MODE, SQL_MODE='NO_AUTO_VALUE_ON_ZERO' */;
/*!40111 SET @OLD_SQL_NOTES=@@SQL_NOTES, SQL_NOTES=0 */;

--
-- Current Database: `sozin$lists`
--

CREATE DATABASE /*!32312 IF NOT EXISTS*/ `sozin$lists` /*!40100 DEFAULT CHARACTER SET utf8 */;

USE `sozin$lists`;

--
-- Table structure for table `pilot`
--

DROP TABLE IF EXISTS `pilot`;
/*!40101 SET @saved_cs_client     = @@character_set_client */;
/*!40101 SET character_set_client = utf8 */;
CREATE TABLE `pilot` (
  `id` int(11) NOT NULL AUTO_INCREMENT,
  `name` varchar(128) DEFAULT NULL,
  `cost` int(11) DEFAULT NULL,
  `canon_name` varchar(128) DEFAULT NULL,
  PRIMARY KEY (`id`)
) ENGINE=InnoDB AUTO_INCREMENT=115 DEFAULT CHARSET=utf8;
/*!40101 SET character_set_client = @saved_cs_client */;

--
-- Dumping data for table `pilot`
--

LOCK TABLES `pilot` WRITE;
/*!40000 ALTER TABLE `pilot` DISABLE KEYS */;
INSERT INTO `pilot` VALUES (1,'Carnor Jax',26,'carnorjax'),(2,'Green Squadron Pilot',19,'greensquadronpilot'),(3,'Jan Ors',25,'janors'),(4,'Lando Calrissian',44,'landocalrissian'),(5,'Academy Pilot',12,'academypilot'),(6,'Red Squadron Pilot',23,'redsquadronpilot'),(7,'Obsidian Squadron Pilot',13,'obsidiansquadronpilot'),(8,'Gray Squadron Pilot',20,'graysquadronpilot'),(9,'Saber Squadron Pilot',21,'sabersquadronpilot'),(10,'Ibtisam',28,'ibtisam'),(11,'Royal Guard Pilot',22,'royalguardpilot'),(12,'Kyle Katarn',21,'kylekatarn'),(13,'Roark Garnet',19,'roarkgarnet'),(14,'Major Rhymer',26,'majorrhymer'),(15,'Keyan Farlander',29,'keyanfarlander'),(16,'Captain Yorr',24,'captainyorr'),(17,'Krassis Trelix',36,'krassistrelix'),(18,'Echo',30,'echo'),(19,'Night Beast',15,'nightbeast'),(20,'Etahn A\'Baht',32,'etahnabaht'),(21,'Han Solo',46,'hansolo'),(22,'Airen Cracken',19,'airencracken'),(23,'Lt. Blount',17,'lieutenantblount'),(24,'Boba Fett',39,'bobafett'),(25,'Kath Scarlet',38,'kathscarlet'),(26,'Mauler Mithel',17,'maulermithel'),(27,'Fel\'s Wrath',23,'felswrath'),(28,'Dagger Squadron Pilot',24,'daggersquadronpilot'),(29,'Biggs Darklighter',25,'biggsdarklighter'),(30,'Colonel Vessery',35,'colonelvessery'),(31,'Patrol Leader',40,'patrolleader'),(32,'Bounty Hunter',33,'bountyhunter'),(33,'Eaden Vrill',32,'eadenvrill'),(34,'Chewbacca',42,'chewbacca'),(35,'Gold Squadron Pilot',18,'goldsquadronpilot'),(36,'Delta Squadron Pilot',30,'deltasquadronpilot'),(37,'Black Squadron Pilot',14,'blacksquadronpilot'),(38,'Backstabber',16,'backstabber'),(39,'Colonel Jendon',26,'coloneljendon'),(40,'Rear Admiral Chiraneau',46,'rearadmiralchiraneau'),(41,'Corran Horn',35,'corranhorn'),(42,'Maarek Stele',27,'maarekstele'),(43,'Hobbie Klivian',25,'hobbieklivian'),(44,'Tetran Cowall',24,'tetrancowall'),(45,'Bandit Squadron Pilot',12,'banditsquadronpilot'),(46,'Garven Dreis',26,'garvendreis'),(47,'Sigma Squadron Pilot',25,'sigmasquadronpilot'),(48,'Rexler Brath',37,'rexlerbrath'),(49,'Horton Salm',25,'hortonsalm'),(50,'Blue Squadron Pilot',22,'bluesquadronpilot'),(51,'Storm Squadron Pilot',23,'stormsquadronpilot'),(52,'Shadow Squadron Pilot',27,'shadowsquadronpilot'),(53,'Alpha Squadron Pilot',18,'alphasquadronpilot'),(54,'Captain Oicunn',42,'captainoicunn'),(55,'Jek Porkins',26,'jekporkins'),(56,'Omicron Group Pilot',21,'omicrongrouppilot'),(57,'Lt. Lorrir',23,'ltlorrir'),(58,'Blackmoon Squadron Pilot',29,'blackmoonsquadronpilot'),(59,'Gemmer Sojan',22,'gemmersojan'),(60,'Gamma Squadron Pilot',18,'gammasquadronpilot'),(61,'Prototype Pilot',17,'prototypepilot'),(62,'Leebo',34,'leebo'),(63,'Tycho Celchu',26,'tychocelchu'),(64,'Darth Vader',29,'darthvader'),(65,'Howlrunner',18,'howlrunner'),(66,'Captain Kagi',27,'captainkagi'),(67,'Whisper',32,'whisper'),(68,'Commander Kenkirk',44,'commanderkenkirk'),(69,'Wild Space Fringer',30,'wildspacefringer'),(70,'Dark Curse',16,'darkcurse'),(71,'Outer Rim Smuggler',27,'outerrimsmuggler'),(72,'Ten Numb',31,'tennumb'),(73,'Soontir Fel',27,'soontirfel'),(74,'Arvel Crynyd',23,'arvelcrynyd'),(75,'Onyx Squadron Pilot',32,'onyxsquadronpilot'),(76,'Avenger Squadron Pilot',20,'avengersquadronpilot'),(77,'Rookie Pilot',21,'rookiepilot'),(78,'Winged Gundark',15,'wingedgundark'),(79,'Wes Janson',29,'wesjanson'),(80,'Luke Skywalker',28,'lukeskywalker'),(81,'Captain Jonus',22,'captainjonus'),(82,'Tarn Mison',23,'tarnmison'),(83,'Tala Squadron Pilot',13,'talasquadronpilot'),(84,'Nera Dantels',26,'neradantels'),(85,'Rebel Operative',16,'rebeloperative'),(86,'Jake Farrell',24,'jakefarrell'),(87,'Kir Kanos',24,'kirkanos'),(88,'Dash Rendar',36,'dashrendar'),(89,'Wedge Antilles',29,'wedgeantilles'),(90,'Knave Squadron Pilot',27,'knavesquadronpilot'),(91,'Scimitar Squadron Pilot',16,'scimitarsquadronpilot'),(92,'Dutch Vander',23,'dutchvander'),(93,'Turr Phennir',25,'turrphennir'),(94,'Tempest Squadron Pilot',21,'tempestsquadronpilot'),(95,'IG-88D',36,'ig88d'),(96,'Syndicate Thug',18,'syndicatethug'),(97,'Drea Renthal',22,'drearenthal'),(98,'Kavil',24,'kavil'),(99,'Mandalorian Mercenary',35,'mandalorianmercenary'),(100,'Emon Azzameen',36,'emonazzameen'),(101,'Torkil Mux',19,'torkilmux'),(102,'Dace Bonearm',23,'dacebonearm'),(103,'Palob Godalhi',20,'palobgodalhi'),(104,'Binayre Pirate',12,'binayrepirate'),(105,'Black Sun Soldier',13,'blacksunsoldier'),(106,'KaaTo Leeachos',15,'kaatoleeachos'),(107,'NDru Suhlak',17,'ndrusuhlak'),(108,'Black Sun Enforcer',25,'blacksunenforcer'),(109,'Black Sun Vigo',27,'blacksunvigo'),(110,'Guri',30,'guri'),(111,'Prince Xizor',31,'princexizor'),(112,'IG-88A',36,'ig88a'),(113,'IG-88B',36,'ig88b'),(114,'IG-88C',36,'ig88c');
/*!40000 ALTER TABLE `pilot` ENABLE KEYS */;
UNLOCK TABLES;

--
-- Table structure for table `round_result`
--

DROP TABLE IF EXISTS `round_result`;
/*!40101 SET @saved_cs_client     = @@character_set_client */;
/*!40101 SET character_set_client = utf8 */;
CREATE TABLE `round_result` (
  `id` int(11) NOT NULL AUTO_INCREMENT,
  `round_id` int(11) DEFAULT NULL,
  `list1_id` int(11) DEFAULT NULL,
  `list2_id` int(11) DEFAULT NULL,
  `winner_id` int(11) DEFAULT NULL,
  `loser_id` int(11) DEFAULT NULL,
  `list1_score` int(11) DEFAULT NULL,
  `list2_score` int(11) DEFAULT NULL,
  `bye` tinyint(1) DEFAULT NULL,
  `draw` tinyint(1) DEFAULT NULL,
  PRIMARY KEY (`id`),
  KEY `round_id` (`round_id`),
  KEY `list1_id` (`list1_id`),
  KEY `list2_id` (`list2_id`),
  KEY `winner_id` (`winner_id`),
  KEY `loser_id` (`loser_id`),
  CONSTRAINT `round_result_ibfk_1` FOREIGN KEY (`round_id`) REFERENCES `tourney_round` (`id`),
  CONSTRAINT `round_result_ibfk_2` FOREIGN KEY (`list1_id`) REFERENCES `tourney_list` (`id`),
  CONSTRAINT `round_result_ibfk_3` FOREIGN KEY (`list2_id`) REFERENCES `tourney_list` (`id`),
  CONSTRAINT `round_result_ibfk_4` FOREIGN KEY (`winner_id`) REFERENCES `tourney_list` (`id`),
  CONSTRAINT `round_result_ibfk_5` FOREIGN KEY (`loser_id`) REFERENCES `tourney_list` (`id`)
) ENGINE=InnoDB AUTO_INCREMENT=2013 DEFAULT CHARSET=latin1;
/*!40101 SET character_set_client = @saved_cs_client */;

--
-- Dumping data for table `round_result`
--

LOCK TABLES `round_result` WRITE;
/*!40000 ALTER TABLE `round_result` DISABLE KEYS */;
INSERT INTO `round_result` VALUES (173,70,380,379,380,379,100,0,0,0),(174,70,376,378,376,378,51,44,0,0),(175,70,382,381,381,382,51,100,0,0),(176,70,375,383,383,375,76,24,0,0),(177,71,380,377,380,377,100,0,0,0),(178,71,381,383,381,383,100,49,0,0),(179,71,376,375,376,375,78,45,0,0),(180,71,378,382,382,378,16,100,0,0),(181,72,380,381,381,380,51,100,0,0),(182,72,376,382,382,376,44,87,0,0),(183,72,377,383,377,383,100,30,0,0),(184,72,379,375,375,379,0,100,0,0),(185,73,381,377,381,377,100,0,0,0),(186,73,380,382,380,382,100,0,0,0),(187,73,376,379,376,379,100,12,0,0),(188,73,375,378,375,378,73,30,0,0),(201,77,445,447,447,445,0,100,0,0),(202,77,441,443,443,441,35,45,0,0),(203,77,448,444,448,444,52,0,0,0),(204,77,442,446,446,442,0,56,0,0),(205,78,447,446,447,446,62,0,0,0),(206,78,448,443,448,443,100,0,0,0),(207,78,441,442,441,442,38,0,0,0),(208,78,444,445,444,445,60,40,0,0),(209,79,447,448,448,447,42,100,0,0),(210,79,441,446,446,441,37,45,0,0),(211,79,444,443,444,443,63,52,0,0),(212,79,442,445,445,442,0,59,0,0),(332,106,540,548,540,548,100,48,0,0),(333,106,535,543,543,535,32,0,0,0),(334,106,547,544,544,547,18,100,0,0),(335,106,537,539,539,537,0,100,0,0),(336,106,546,545,546,545,99,34,0,0),(337,106,536,542,536,542,52,47,0,0),(338,106,534,533,534,533,100,24,0,0),(339,106,549,541,549,541,100,0,0,0),(340,106,549,NULL,NULL,NULL,NULL,NULL,1,0),(341,106,550,538,550,538,100,0,0,0),(342,107,539,550,539,550,99,44,0,0),(343,107,544,549,544,549,100,30,0,0),(344,107,545,534,534,545,24,100,0,0),(345,107,551,540,540,551,0,100,0,0),(346,107,536,543,543,536,33,100,0,0),(347,107,535,542,535,542,100,24,0,0),(348,107,548,546,548,546,99,0,0,0),(349,107,541,547,541,547,50,25,0,0),(350,107,537,533,533,537,79,64,0,0),(351,108,534,540,540,534,24,48,0,0),(352,108,539,544,544,539,52,56,0,0),(353,108,543,550,543,550,100,0,0,0),(354,108,548,535,548,535,100,0,0,0),(355,108,549,545,549,545,47,38,0,0),(356,108,541,536,541,536,100,0,0,0),(357,108,551,533,533,551,0,100,0,0),(358,108,547,537,537,547,NULL,NULL,0,1),(359,108,547,NULL,NULL,NULL,NULL,NULL,1,0),(360,109,540,544,540,544,70,24,0,0),(361,109,543,533,533,543,100,33,0,0),(362,109,548,539,548,539,100,0,0,0),(363,109,541,546,541,546,100,25,0,0),(364,109,534,550,534,550,99,24,0,0),(365,109,549,536,536,549,74,27,0,0),(366,109,551,547,547,551,100,0,0,0),(367,109,535,545,545,535,12,32,0,0),(368,109,535,NULL,NULL,NULL,NULL,NULL,1,0),(369,110,562,563,563,562,NULL,NULL,0,1),(370,110,554,556,554,556,68,26,0,0),(371,110,557,552,557,552,51,0,0,0),(372,110,553,558,553,558,66,0,0,0),(373,110,559,555,559,555,100,0,0,0),(374,111,559,557,559,557,64,48,0,0),(375,111,553,554,553,554,100,0,0,0),(376,111,562,558,562,558,50,25,0,0),(377,111,563,552,563,552,32,0,0,0),(378,111,556,555,556,555,100,50,0,0),(379,111,561,560,560,561,0,100,0,0),(380,112,553,559,559,553,12,58,0,0),(381,112,563,557,563,557,100,39,0,0),(382,112,562,560,560,562,50,77,0,0),(383,112,555,558,555,558,100,35,0,0),(384,112,552,554,554,552,13,100,0,0),(385,112,552,NULL,NULL,NULL,NULL,NULL,1,0),(386,113,590,564,564,590,12,52,0,0),(387,113,588,566,588,566,100,41,0,0),(388,113,570,573,573,570,37,67,0,0),(389,113,597,580,597,580,46,28,0,0),(390,113,569,568,569,568,100,73,0,0),(391,113,567,599,567,599,75,56,0,0),(392,113,572,585,585,572,20,48,0,0),(393,113,589,586,586,589,39,100,0,0),(394,113,565,571,565,571,100,0,0,0),(395,113,598,593,593,598,0,100,0,0),(396,113,579,574,579,574,72,42,0,0),(397,113,582,576,576,582,42,100,0,0),(398,113,584,578,584,578,100,0,0,0),(399,113,583,594,594,583,0,100,0,0),(400,113,581,577,577,581,0,100,0,0),(401,113,591,596,596,591,36,45,0,0),(402,113,587,575,575,587,0,100,0,0),(403,113,595,592,595,592,100,12,0,0),(404,114,594,565,565,594,77,100,0,0),(405,114,593,577,577,593,40,100,0,0),(406,114,584,575,584,575,100,0,0,0),(407,114,595,586,586,595,39,100,0,0),(408,114,588,576,588,576,100,41,0,0),(409,114,564,573,564,573,38,36,0,0),(410,114,579,585,579,585,40,26,0,0),(411,114,569,567,567,569,57,73,0,0),(412,114,597,596,596,597,24,42,0,0),(413,114,591,580,580,591,34,55,0,0),(414,114,599,568,568,599,50,100,0,0),(415,114,572,574,574,572,36,58,0,0),(416,114,570,590,590,570,20,100,0,0),(417,114,582,566,566,582,12,100,0,0),(418,114,589,592,589,592,100,19,0,0),(419,114,581,571,571,581,100,55,0,0),(420,114,583,598,598,583,0,100,0,0),(421,114,587,578,578,587,0,100,0,0),(422,115,584,577,577,584,0,100,0,0),(423,115,565,586,586,565,39,81,0,0),(424,115,588,579,588,579,100,0,0,0),(425,115,564,567,567,564,24,30,0,0),(426,115,596,594,594,596,27,100,0,0),(427,115,593,590,593,590,100,25,0,0),(428,115,566,573,573,566,25,100,0,0),(429,115,595,568,568,595,0,100,0,0),(430,115,589,585,585,589,40,100,0,0),(431,115,569,580,580,569,23,73,0,0),(432,115,597,578,578,597,0,29,0,0),(433,115,575,598,575,598,100,0,0,0),(434,115,576,574,574,576,13,100,0,0),(435,115,571,591,591,571,45,55,0,0),(436,115,572,599,599,572,25,100,0,0),(437,115,570,582,570,582,100,35,0,0),(438,115,592,583,583,592,0,100,0,0),(439,115,592,NULL,NULL,NULL,NULL,NULL,1,0),(440,116,577,588,588,577,0,100,0,0),(441,116,586,567,586,567,43,39,0,0),(442,116,594,568,568,594,0,100,0,0),(443,116,584,573,584,573,100,0,0,0),(444,116,593,575,575,593,0,100,0,0),(445,116,565,574,565,574,100,49,0,0),(446,116,585,580,580,585,12,100,0,0),(447,116,564,578,578,564,NULL,NULL,0,1),(448,116,579,596,596,579,12,100,0,0),(449,116,599,597,597,599,43,75,0,0),(450,116,590,569,569,590,25,100,0,0),(451,116,589,570,570,589,32,100,0,0),(452,116,566,595,566,595,100,32,0,0),(453,116,576,598,598,576,0,100,0,0),(454,116,583,591,583,591,100,0,0,0),(455,116,571,587,571,587,100,45,0,0),(456,116,572,582,582,572,0,100,0,0),(457,116,572,NULL,NULL,NULL,NULL,NULL,1,0),(458,117,588,586,586,588,39,41,0,0),(459,117,568,584,568,584,100,0,0,0),(460,117,575,577,575,577,40,0,0,0),(461,117,580,565,580,565,100,53,0,0),(462,117,596,564,596,564,100,52,0,0),(463,117,567,578,567,578,100,43,0,0),(464,117,594,569,569,594,48,100,0,0),(465,117,574,570,574,570,100,36,0,0),(466,117,566,593,566,593,100,32,0,0),(467,117,598,597,598,597,84,0,0,0),(468,117,573,583,583,573,0,100,0,0),(469,117,585,571,585,571,100,80,0,0),(470,117,579,599,579,599,100,42,0,0),(471,117,589,590,589,590,100,0,0,0),(472,117,582,595,582,595,100,42,0,0),(473,117,587,592,587,592,100,68,0,0),(474,117,591,572,591,572,58,21,0,0),(475,118,586,568,586,568,49,39,0,0),(476,118,588,575,588,575,100,0,0,0),(477,118,580,567,580,567,67,36,0,0),(478,118,596,577,596,577,100,0,0,0),(479,118,584,583,584,583,100,31,0,0),(480,118,574,566,566,574,32,100,0,0),(481,118,569,565,569,565,100,53,0,0),(482,118,598,585,598,585,20,0,0,0),(483,118,579,564,579,564,75,29,0,0),(484,118,578,594,594,578,64,100,0,0),(485,118,589,571,571,589,55,58,0,0),(486,118,593,582,593,582,100,56,0,0),(487,118,597,573,573,597,13,43,0,0),(488,118,570,587,570,587,100,67,0,0),(489,118,595,599,599,595,75,100,0,0),(490,118,591,592,592,591,0,51,0,0),(491,118,591,NULL,NULL,NULL,NULL,NULL,1,0),(492,119,588,575,588,575,100,0,0,0),(493,119,596,568,596,568,100,0,0,0),(494,119,586,584,584,586,0,100,0,0),(495,119,580,566,580,566,100,0,0,0),(496,120,588,596,588,596,100,0,0,0),(497,120,584,580,580,584,0,100,0,0),(498,121,588,580,580,588,0,100,0,0),(499,122,629,628,628,629,45,100,0,0),(500,122,625,627,625,627,57,33,0,0),(501,122,631,630,631,630,100,45,0,0),(502,122,624,626,626,624,0,100,0,0),(503,122,624,NULL,NULL,NULL,NULL,NULL,1,0),(504,123,625,631,631,625,45,66,0,0),(505,123,626,632,632,626,0,100,0,0),(506,123,628,627,628,627,100,32,0,0),(507,123,629,630,629,630,100,24,0,0),(508,123,629,NULL,NULL,NULL,NULL,NULL,1,0),(509,124,625,624,624,625,12,33,0,0),(510,124,631,632,632,631,100,0,0,0),(511,124,628,626,626,628,0,100,0,0),(512,124,629,627,629,627,100,12,0,0),(513,124,629,NULL,NULL,NULL,NULL,NULL,1,0),(737,166,794,815,815,794,0,100,0,0),(738,166,812,821,812,821,100,0,0,0),(739,166,819,793,793,819,44,100,0,0),(740,166,823,798,798,823,12,100,0,0),(741,166,807,813,807,813,100,31,0,0),(742,166,814,803,803,814,39,100,0,0),(743,166,801,824,824,801,44,100,0,0),(744,166,800,795,800,795,100,50,0,0),(745,166,797,805,805,797,0,100,0,0),(746,166,802,820,802,820,100,0,0,0),(747,166,808,791,808,791,100,31,0,0),(748,166,809,810,810,809,41,100,0,0),(749,166,818,822,818,822,48,42,0,0),(750,166,817,806,806,817,0,100,0,0),(751,166,792,811,811,792,54,100,0,0),(752,166,816,804,816,804,100,30,0,0),(753,166,799,796,796,799,40,48,0,0),(754,167,805,815,815,805,44,100,0,0),(755,167,802,806,806,802,0,100,0,0),(756,167,812,798,798,812,56,100,0,0),(757,167,816,807,816,807,100,0,0,0),(758,167,808,803,808,803,100,36,0,0),(759,167,810,793,810,793,100,58,0,0),(760,167,824,800,824,800,100,44,0,0),(761,167,822,796,822,796,60,48,0,0),(762,167,818,811,811,818,0,100,0,0),(763,167,799,792,799,792,41,24,0,0),(764,167,795,801,795,801,100,0,0,0),(765,167,819,809,819,809,100,31,0,0),(766,167,814,813,814,813,100,70,0,0),(767,167,791,804,804,791,NULL,NULL,0,1),(768,167,823,821,823,821,100,0,0,0),(769,167,797,820,820,797,74,100,0,0),(770,167,794,817,794,817,100,0,0,0),(771,168,806,816,806,816,100,44,0,0),(772,168,815,811,815,811,100,44,0,0),(773,168,808,798,808,798,100,36,0,0),(774,168,824,810,810,824,41,100,0,0),(775,168,812,795,812,795,100,24,0,0),(776,168,805,793,793,805,0,100,0,0),(777,168,819,799,819,799,100,46,0,0),(778,168,822,802,822,802,100,12,0,0),(779,168,823,794,823,794,100,51,0,0),(780,168,803,800,803,800,100,61,0,0),(781,168,807,814,814,807,0,100,0,0),(782,168,820,796,796,820,0,50,0,0),(783,168,818,791,791,818,63,100,0,0),(784,168,804,792,792,804,100,13,0,0),(785,168,813,801,813,801,100,0,0,0),(786,168,821,817,817,821,31,100,0,0),(787,169,806,815,806,815,100,0,0,0),(788,169,808,810,810,808,0,100,0,0),(789,169,812,793,793,812,42,100,0,0),(790,169,822,811,811,822,46,60,0,0),(791,169,814,798,798,814,54,100,0,0),(792,169,819,824,819,824,100,37,0,0),(793,169,823,803,803,823,0,100,0,0),(794,169,796,791,796,791,87,20,0,0),(795,169,813,795,795,813,50,100,0,0),(796,169,794,799,794,799,100,0,0,0),(797,169,800,805,800,805,100,0,0,0),(798,169,802,807,802,807,100,41,0,0),(799,169,817,792,792,817,39,100,0,0),(800,169,818,804,818,804,100,0,0,0),(801,169,818,NULL,NULL,NULL,NULL,NULL,1,0),(802,170,810,806,806,810,0,100,0,0),(803,170,803,793,793,803,44,100,0,0),(804,170,815,819,815,819,100,0,0,0),(805,170,798,811,798,811,100,42,0,0),(806,170,808,796,808,796,100,24,0,0),(807,170,822,812,812,822,43,100,0,0),(808,170,800,794,794,800,0,100,0,0),(809,170,814,824,824,814,0,100,0,0),(810,170,802,823,823,802,51,100,0,0),(811,170,792,818,792,818,100,61,0,0),(812,170,805,813,813,805,0,100,0,0),(813,170,801,807,801,807,100,0,0,0),(814,170,801,NULL,NULL,NULL,NULL,NULL,1,0),(815,171,806,793,806,793,100,44,0,0),(816,171,815,808,808,815,24,100,0,0),(817,171,798,810,798,810,100,0,0,0),(818,171,794,812,794,812,100,0,0,0),(819,171,824,803,824,803,100,0,0,0),(820,171,811,819,811,819,100,0,0,0),(821,171,823,792,823,792,13,100,0,0),(822,171,796,813,796,813,100,0,0,0),(823,171,800,814,800,814,100,50,0,0),(824,171,801,818,801,818,100,0,0,0),(825,171,804,805,805,804,39,75,0,0),(826,171,804,NULL,NULL,NULL,NULL,NULL,1,0),(842,177,844,850,844,850,100,0,0,0),(843,177,830,841,830,841,75,52,0,0),(844,177,832,843,832,843,100,18,0,0),(845,177,848,846,846,848,67,100,0,0),(846,177,835,834,835,834,48,31,0,0),(847,177,849,833,849,833,100,0,0,0),(848,177,838,842,842,838,0,100,0,0),(849,177,845,847,845,847,84,0,0,0),(850,177,831,836,831,836,100,0,0,0),(851,177,839,840,839,840,100,30,0,0),(852,177,837,NULL,NULL,NULL,NULL,NULL,1,0),(853,178,835,842,842,835,60,100,0,0),(854,178,849,844,844,849,0,100,0,0),(855,178,831,839,831,839,100,0,0,0),(856,178,832,845,845,832,51,100,0,0),(857,178,837,846,837,846,100,0,0,0),(858,178,830,834,830,834,48,40,0,0),(859,178,841,848,841,848,100,25,0,0),(860,178,840,843,840,843,100,53,0,0),(861,178,847,838,838,847,0,100,0,0),(862,178,836,850,836,850,54,12,0,0),(863,178,833,NULL,NULL,NULL,NULL,NULL,1,0),(864,179,831,844,831,844,100,22,0,0),(865,179,837,842,837,842,100,0,0,0),(866,179,845,830,830,845,40,49,0,0),(867,179,841,832,841,832,68,50,0,0),(868,179,849,838,838,849,0,100,0,0),(869,179,835,840,840,835,20,100,0,0),(870,179,839,833,839,833,100,0,0,0),(871,179,836,846,846,836,30,100,0,0),(872,179,834,843,834,843,100,18,0,0),(873,179,850,847,847,850,0,100,0,0),(874,180,831,841,841,831,75,100,0,0),(875,180,845,844,845,844,100,41,0,0),(876,180,830,838,838,830,40,100,0,0),(877,180,837,839,837,839,100,69,0,0),(878,181,841,845,841,845,100,50,0,0),(879,181,838,837,837,838,70,100,0,0),(880,182,841,837,841,837,100,75,0,0),(881,183,928,903,928,903,100,32,0,0),(882,183,922,905,905,922,36,100,0,0),(883,183,914,927,914,927,40,32,0,0),(884,183,904,923,904,923,100,0,0,0),(885,183,909,926,909,926,45,0,0,0),(886,183,911,913,913,911,0,100,0,0),(887,183,907,920,907,920,100,25,0,0),(888,183,925,916,916,925,26,100,0,0),(889,183,921,918,918,921,26,70,0,0),(890,183,924,912,912,924,0,100,0,0),(891,183,906,908,908,906,39,49,0,0),(892,183,910,917,910,917,56,0,0,0),(893,183,915,919,915,919,43,0,0,0),(894,184,913,904,913,904,100,54,0,0),(895,184,912,907,912,907,100,0,0,0),(896,184,916,928,916,928,68,39,0,0),(897,184,905,910,905,910,49,12,0,0),(898,184,909,918,909,918,100,0,0,0),(899,184,927,908,908,927,0,40,0,0),(900,184,914,915,915,914,46,56,0,0),(901,184,906,919,906,919,100,0,0,0),(902,184,921,926,921,926,68,33,0,0),(903,184,917,922,922,917,44,0,0,0),(904,184,903,925,903,925,100,0,0,0),(905,184,920,924,924,920,51,100,0,0),(906,184,911,923,923,911,47,60,0,0),(907,185,912,913,912,913,100,0,0,0),(908,185,918,916,918,916,99,68,0,0),(909,185,906,915,906,915,100,0,0,0),(910,185,908,905,905,908,12,39,0,0),(911,185,904,928,928,904,0,100,0,0),(912,185,903,910,903,910,49,0,0,0),(913,185,921,907,907,921,62,70,0,0),(914,185,924,909,924,909,100,0,0,0),(915,185,923,922,922,923,0,100,0,0),(916,185,914,917,914,917,28,0,0,0),(917,185,927,926,926,927,45,100,0,0),(918,185,911,920,920,911,65,100,0,0),(919,185,919,925,925,919,23,60,0,0),(920,186,912,905,912,905,87,40,0,0),(921,186,906,928,906,928,100,49,0,0),(922,186,903,916,916,903,39,54,0,0),(923,186,924,913,913,924,46,100,0,0),(924,186,909,922,909,922,39,0,0,0),(925,186,918,914,914,918,44,100,0,0),(926,186,908,907,908,907,36,0,0,0),(927,186,915,921,915,921,70,23,0,0),(928,186,926,910,926,910,100,30,0,0),(929,186,904,920,920,904,68,100,0,0),(930,186,925,923,925,923,100,42,0,0),(931,186,917,927,927,917,0,44,0,0),(932,186,911,919,911,919,100,0,0,0),(933,187,912,908,908,912,39,40,0,0),(934,187,916,909,909,916,0,39,0,0),(935,187,913,905,905,913,12,54,0,0),(936,187,906,914,906,914,88,49,0,0),(937,188,908,909,908,909,100,0,0,0),(938,188,905,906,906,905,0,100,0,0),(939,189,908,906,906,908,51,100,0,0),(940,190,936,934,936,934,86,56,0,0),(941,190,935,933,933,935,51,100,0,0),(942,190,937,938,937,938,100,0,0,0),(943,191,937,936,936,937,0,100,0,0),(944,191,933,934,933,934,98,49,0,0),(945,191,935,938,935,938,100,0,0,0),(946,192,936,933,936,933,100,44,0,0),(947,192,935,937,937,935,45,100,0,0),(948,192,934,938,934,938,100,12,0,0),(949,193,936,935,935,936,24,100,0,0),(950,193,934,937,934,937,100,56,0,0),(951,193,938,933,933,938,0,100,0,0),(952,194,948,951,948,951,100,69,0,0),(953,194,952,946,946,952,50,100,0,0),(954,194,955,947,955,947,100,38,0,0),(955,194,950,956,950,956,50,0,0,0),(956,194,957,940,940,957,37,100,0,0),(957,194,958,945,945,958,24,100,0,0),(958,194,953,949,949,953,39,100,0,0),(959,194,944,939,944,939,100,44,0,0),(960,194,941,960,941,960,100,12,0,0),(961,194,942,954,942,954,24,12,0,0),(962,194,943,959,943,959,100,0,0,0),(963,195,941,943,941,943,100,12,0,0),(964,195,940,945,940,945,100,37,0,0),(965,195,955,949,949,955,39,100,0,0),(966,195,944,950,950,944,0,100,0,0),(967,195,948,946,946,948,50,65,0,0),(968,195,942,951,942,951,100,42,0,0),(969,195,954,956,956,954,37,74,0,0),(970,195,952,939,939,952,36,100,0,0),(971,195,953,947,947,953,35,100,0,0),(972,195,957,958,957,958,100,37,0,0),(973,195,960,959,959,960,42,100,0,0),(974,196,941,950,950,941,46,100,0,0),(975,196,940,949,940,949,60,49,0,0),(976,196,942,946,942,946,100,57,0,0),(977,196,948,945,948,945,78,33,0,0),(978,196,943,939,939,943,0,100,0,0),(979,196,947,957,947,957,100,51,0,0),(980,196,955,956,955,956,100,38,0,0),(981,196,959,944,944,959,0,100,0,0),(982,196,954,951,951,954,18,100,0,0),(983,196,952,953,953,952,0,100,0,0),(984,196,958,960,958,960,59,58,0,0),(985,197,950,942,942,950,0,100,0,0),(986,197,940,941,940,941,100,12,0,0),(987,197,949,939,949,939,100,39,0,0),(988,197,955,948,948,955,31,100,0,0),(989,197,944,947,944,947,100,54,0,0),(990,197,946,951,951,946,80,100,0,0),(991,197,953,945,945,953,37,100,0,0),(992,197,957,956,956,957,12,100,0,0),(993,197,943,954,954,943,36,100,0,0),(994,197,959,952,959,952,100,49,0,0),(995,198,942,941,942,941,100,100,0,0),(996,198,948,950,950,948,0,100,0,0),(997,198,949,944,949,944,100,60,0,0),(998,198,940,939,940,939,100,12,0,0),(999,199,942,950,950,942,0,100,0,0),(1000,199,949,940,949,940,100,0,0,0),(1001,200,950,949,950,949,100,46,0,0),(1002,201,981,961,961,981,15,100,0,0),(1003,201,977,969,977,969,47,0,0,0),(1004,201,968,966,968,966,100,0,0,0),(1005,201,970,964,970,964,100,0,0,0),(1006,201,979,975,975,979,0,100,0,0),(1007,201,967,980,967,980,100,0,0,0),(1008,201,983,978,983,978,100,0,0,0),(1009,201,962,972,962,972,100,0,0,0),(1010,201,963,965,965,963,35,43,0,0),(1011,201,974,971,971,974,33,100,0,0),(1012,201,984,973,984,973,100,24,0,0),(1013,201,982,976,982,976,100,12,0,0),(1014,202,970,962,962,970,0,100,0,0),(1015,202,968,967,967,968,0,100,0,0),(1016,202,975,983,983,975,50,100,0,0),(1017,202,982,961,961,982,36,37,0,0),(1018,202,984,971,984,971,100,24,0,0),(1019,202,977,965,965,977,30,45,0,0),(1020,202,963,969,963,969,100,13,0,0),(1021,202,974,973,973,974,12,100,0,0),(1022,202,981,976,976,981,0,100,0,0),(1023,202,978,972,978,972,100,25,0,0),(1024,202,966,964,966,964,100,28,0,0),(1025,202,979,980,980,979,12,100,0,0),(1026,203,967,962,962,967,39,100,0,0),(1027,203,984,983,983,984,50,77,0,0),(1028,203,961,965,961,965,80,70,0,0),(1029,203,982,963,982,963,100,0,0,0),(1030,203,975,977,975,977,100,51,0,0),(1031,203,973,976,976,973,0,78,0,0),(1032,203,968,970,968,970,100,0,0,0),(1033,203,971,980,980,971,0,100,0,0),(1034,203,978,966,966,978,0,100,0,0),(1035,203,969,974,974,969,0,100,0,0),(1036,203,964,972,964,972,100,0,0,0),(1037,203,981,979,981,979,100,39,0,0),(1038,204,962,983,962,983,100,0,0,0),(1039,204,965,982,965,982,51,35,0,0),(1040,204,966,967,967,966,0,100,0,0),(1041,204,984,968,968,984,0,100,0,0),(1042,204,975,976,976,975,0,100,0,0),(1043,204,980,961,961,980,21,100,0,0),(1044,204,978,977,977,978,0,100,0,0),(1045,204,974,964,964,974,56,100,0,0),(1046,204,970,971,970,971,100,0,0,0),(1047,204,981,969,969,981,47,39,0,0),(1048,204,979,972,979,972,100,0,0,0),(1049,205,962,982,982,962,37,39,0,0),(1050,205,968,976,968,976,100,42,0,0),(1051,205,967,983,967,983,100,39,0,0),(1052,205,961,965,965,961,30,81,0,0),(1053,206,982,968,982,968,100,0,0,0),(1054,206,967,965,965,967,0,100,0,0),(1055,207,982,965,965,982,0,100,0,0),(1115,220,1020,1022,1020,1022,100,0,0,0),(1116,220,1021,1017,1017,1021,34,100,0,0),(1117,220,1019,1018,1019,1018,100,0,0,0),(1118,221,1017,1019,1017,1019,100,0,0,0),(1119,221,1020,1021,1020,1021,100,0,0,0),(1120,221,1022,1018,1022,1018,100,0,0,0),(1121,222,1020,1017,1017,1020,0,100,0,0),(1122,222,1019,1022,1022,1019,54,100,0,0),(1123,222,1021,1018,1021,1018,100,0,0,0),(1124,223,1019,1020,1020,1019,0,100,0,0),(1125,223,1022,1021,1021,1022,100,49,0,0),(1126,223,1017,1018,1017,1018,100,0,0,0),(1178,235,1103,1101,1103,1101,100,50,0,0),(1179,235,1104,1100,1100,1104,0,100,0,0),(1180,235,1099,1102,1099,1102,100,23,0,0),(1181,236,1103,1100,1103,1100,100,50,0,0),(1182,236,1099,1101,1099,1101,100,0,0,0),(1183,236,1102,1104,1102,1104,42,29,0,0),(1184,237,1099,1103,1103,1099,16,100,0,0),(1185,237,1100,1102,1102,1100,42,100,0,0),(1186,237,1104,1101,1101,1104,32,100,0,0),(1193,241,1121,1114,1114,1121,46,100,0,0),(1194,241,1118,1115,1118,1115,100,0,0,0),(1195,241,1111,1117,1117,1111,0,100,0,0),(1196,241,1116,1123,1123,1116,53,100,0,0),(1197,241,1120,1119,1119,1120,49,100,0,0),(1198,241,1113,1122,1122,1113,0,100,0,0),(1199,241,1112,NULL,NULL,NULL,NULL,NULL,1,0),(1200,242,1122,1118,1122,1118,100,48,0,0),(1201,242,1117,1114,1117,1114,100,0,0,0),(1202,242,1119,1123,1119,1123,100,0,0,0),(1203,242,1112,1116,1116,1112,62,100,0,0),(1204,242,1120,1121,1120,1121,88,66,0,0),(1205,242,1111,1113,1113,1111,63,100,0,0),(1206,243,1117,1122,1122,1117,0,100,0,0),(1207,243,1113,1118,1113,1118,100,62,0,0),(1208,243,1119,1112,1119,1112,100,0,0,0),(1209,243,1116,1120,1120,1116,66,100,0,0),(1210,243,1114,1123,1123,1114,46,100,0,0),(1211,243,1121,1111,1111,1121,30,100,0,0),(1212,244,1122,1119,1122,1119,100,52,0,0),(1213,244,1117,1120,1117,1120,100,0,0,0),(1214,244,1123,1113,1123,1113,100,46,0,0),(1215,244,1118,1116,1116,1118,0,100,0,0),(1216,244,1111,1114,1111,1114,100,59,0,0),(1217,244,1112,1121,1121,1112,44,100,0,0),(1218,245,1122,1123,1122,1123,100,52,0,0),(1219,245,1119,1117,1119,1117,100,0,0,0),(1220,246,1122,1119,1119,1122,0,100,0,0),(1221,247,1132,1136,1136,1132,34,58,0,0),(1222,247,1127,1133,1127,1133,76,42,0,0),(1223,247,1135,1129,1129,1135,0,100,0,0),(1224,247,1134,1139,1139,1134,0,100,0,0),(1225,247,1138,1131,1138,1131,100,0,0,0),(1226,247,1130,1128,1130,1128,100,0,0,0),(1227,247,1125,1126,1125,1126,100,0,0,0),(1228,247,1137,1124,1124,1137,27,65,0,0),(1229,248,1139,1129,1139,1129,100,22,0,0),(1230,248,1130,1125,1130,1125,100,60,0,0),(1231,248,1138,1124,1138,1124,77,0,0,0),(1232,248,1127,1136,1136,1127,33,100,0,0),(1233,248,1132,1133,1132,1133,27,21,0,0),(1234,248,1137,1135,1135,1137,0,100,0,0),(1235,248,1131,1126,1131,1126,100,0,0,0),(1236,248,1134,1128,1128,1134,0,100,0,0),(1237,249,1139,1138,1139,1138,63,56,0,0),(1238,249,1130,1136,1130,1136,100,47,0,0),(1239,249,1125,1129,1125,1129,100,0,0,0),(1240,249,1131,1128,1131,1128,100,0,0,0),(1241,249,1135,1127,1135,1127,100,0,0,0),(1242,249,1124,1132,1132,1124,42,50,0,0),(1243,249,1133,1137,1137,1133,12,100,0,0),(1244,249,1134,1126,1126,1134,0,100,0,0),(1245,250,1130,1125,1125,1130,0,100,0,0),(1246,250,1139,1138,1139,1138,100,22,0,0),(1247,251,1125,1139,1139,1125,56,100,0,0),(1248,252,1148,1141,1141,1148,13,40,0,0),(1249,252,1145,1146,1145,1146,97,0,0,0),(1250,252,1151,1150,1151,1150,100,0,0,0),(1251,252,1144,1143,1144,1143,60,42,0,0),(1252,252,1140,1142,1142,1140,0,100,0,0),(1253,252,1147,1149,1149,1147,22,44,0,0),(1254,253,1142,1151,1142,1151,48,0,0,0),(1255,253,1145,1141,1141,1145,27,100,0,0),(1256,253,1149,1144,1144,1149,30,100,0,0),(1257,253,1143,1147,1147,1143,0,60,0,0),(1258,253,1148,1140,1140,1148,34,100,0,0),(1259,253,1150,1146,1146,1150,33,99,0,0),(1260,254,1142,1141,1141,1142,40,79,0,0),(1261,254,1144,1151,1151,1144,23,100,0,0),(1262,254,1147,1145,1145,1147,0,99,0,0),(1263,254,1140,1146,1146,1140,33,100,0,0),(1264,254,1149,1143,1143,1149,NULL,NULL,0,1),(1265,254,1148,1150,1148,1150,67,0,0,0),(1266,255,1142,1145,1145,1142,57,100,0,0),(1267,255,1141,1151,1151,1141,25,100,0,0),(1268,255,1144,1146,1146,1144,0,100,0,0),(1269,255,1149,1148,1149,1148,77,0,0,0),(1270,255,1147,1140,1140,1147,0,99,0,0),(1271,255,1143,1150,1150,1143,27,99,0,0),(1303,262,1176,1166,1176,1166,84,0,0,0),(1304,262,1167,1175,1175,1167,24,100,0,0),(1305,262,1174,1169,1174,1169,99,50,0,0),(1306,262,1170,1173,1170,1173,49,44,0,0),(1307,262,1171,1179,1171,1179,100,0,0,0),(1308,262,1178,1172,1178,1172,100,24,0,0),(1309,262,1168,1177,1168,1177,39,13,0,0),(1310,263,1171,1176,1176,1171,27,100,0,0),(1311,263,1175,1178,1178,1175,50,99,0,0),(1312,263,1174,1170,1170,1174,22,50,0,0),(1313,263,1168,1173,1168,1173,88,39,0,0),(1314,263,1169,1177,1169,1177,100,0,0,0),(1315,263,1172,1167,1172,1167,100,36,0,0),(1316,263,1179,1166,1179,1166,88,0,0,0),(1317,264,1176,1178,1178,1176,74,100,0,0),(1318,264,1174,1168,1168,1174,29,77,0,0),(1319,264,1169,1171,1169,1171,100,49,0,0),(1320,264,1175,1172,1172,1175,36,99,0,0),(1321,264,1179,1170,1170,1179,0,100,0,0),(1322,264,1173,1177,1173,1177,67,26,0,0),(1323,264,1167,1166,1167,1166,100,22,0,0),(1324,265,1178,1168,1178,1168,87,50,0,0),(1325,265,1170,1176,1176,1170,39,66,0,0),(1326,265,1169,1172,1172,1169,36,100,0,0),(1327,265,1173,1171,1171,1173,0,62,0,0),(1328,265,1174,1175,1175,1174,53,100,0,0),(1329,265,1167,1179,1167,1179,100,22,0,0),(1330,265,1177,1166,1177,1166,40,13,0,0),(1331,266,1178,1168,1178,1168,100,39,0,0),(1332,266,1176,1172,1176,1172,100,39,0,0),(1333,267,1176,1168,1176,1168,100,39,0,0),(1334,268,1183,1182,1183,1182,100,60,0,0),(1335,268,1195,1200,1200,1195,44,98,0,0),(1336,268,1186,1185,1185,1186,0,0,0,1),(1337,268,1189,1192,1192,1189,0,58,0,0),(1338,268,1190,1193,1190,1193,100,0,0,0),(1339,268,1199,1196,1199,1196,100,26,0,0),(1340,268,1198,1181,1198,1181,42,18,0,0),(1341,268,1187,1184,1187,1184,100,46,0,0),(1342,268,1191,1188,1191,1188,100,0,0,0),(1343,268,1203,1201,1203,1201,77,0,0,0),(1344,268,1202,1197,1202,1197,100,0,0,0),(1345,268,1180,1194,1194,1180,100,33,0,0),(1346,269,1202,1190,1202,1190,100,22,0,0),(1347,269,1191,1203,1191,1203,100,0,0,0),(1348,269,1199,1180,1199,1180,100,26,0,0),(1349,269,1192,1200,1192,1200,100,24,0,0),(1350,269,1187,1183,1187,1183,100,46,0,0),(1351,269,1198,1185,1198,1185,99,18,0,0),(1352,269,1186,1181,1181,1186,42,49,0,0),(1353,269,1182,1184,1184,1182,42,42,0,1),(1354,269,1195,1189,1195,1189,100,12,0,0),(1355,269,1194,1196,1196,1194,47,100,0,0),(1356,269,1201,1193,1193,1201,40,100,0,0),(1357,269,1188,1197,1197,1188,55,76,0,0),(1358,270,1202,1199,1202,1199,100,24,0,0),(1359,270,1187,1198,1187,1198,100,0,0,0),(1360,270,1192,1203,1203,1192,40,100,0,0),(1361,270,1191,1200,1191,1200,100,0,0,0),(1362,270,1195,1190,1195,1190,100,12,0,0),(1363,270,1180,1183,1183,1180,60,100,0,0),(1364,270,1196,1193,1196,1193,100,32,0,0),(1365,270,1197,1181,1181,1197,0,50,0,0),(1366,270,1186,1182,1186,1182,100,12,0,0),(1367,270,1184,1185,1185,1184,60,100,0,0),(1368,270,1194,1188,1194,1188,100,66,0,0),(1369,270,1201,1189,1189,1201,100,23,0,0),(1370,271,1191,1202,1202,1191,12,52,0,0),(1371,271,1187,1195,1187,1195,100,46,0,0),(1372,271,1199,1203,1203,1199,0,100,0,0),(1373,271,1196,1183,1196,1183,100,47,0,0),(1374,271,1198,1192,1192,1198,76,98,0,0),(1375,271,1200,1186,1186,1200,12,100,0,0),(1376,271,1185,1181,1185,1181,100,0,0,0),(1377,271,1180,1201,1201,1180,29,100,0,0),(1378,271,1190,1194,1190,1194,100,0,0,0),(1379,271,1193,1197,1193,1197,100,0,0,0),(1380,271,1184,1188,1184,1188,100,57,0,0),(1381,271,1182,1189,1182,1189,100,0,0,0),(1382,272,1202,1187,1187,1202,0,100,0,0),(1383,272,1191,1192,1192,1191,12,98,0,0),(1384,272,1203,1196,1203,1196,100,0,0,0),(1385,272,1186,1195,1186,1195,98,76,0,0),(1386,272,1185,1190,1185,1190,100,39,0,0),(1387,272,1201,1198,1198,1201,98,23,0,0),(1388,272,1193,1183,1193,1183,100,40,0,0),(1389,272,1199,1181,1181,1199,0,99,0,0),(1390,272,1182,1180,1182,1180,100,42,0,0),(1391,272,1184,1194,1184,1194,100,0,0,0),(1392,272,1200,1197,1200,1197,53,44,0,0),(1393,272,1188,1189,1188,1189,42,21,0,0),(1394,273,1187,1201,1201,1187,0,100,0,0),(1395,273,1192,1186,1192,1186,100,88,0,0),(1396,273,1202,1185,1185,1202,0,100,0,0),(1397,273,1203,1191,1203,1191,100,40,0,0),(1398,274,1201,1192,1192,1201,0,100,0,0),(1399,274,1185,1203,1185,1203,100,0,0,0),(1400,275,1192,1185,1185,1192,0,100,0,0),(1401,276,1218,1215,1215,1218,36,80,0,0),(1402,276,1211,1209,1209,1211,49,100,0,0),(1403,276,1205,1207,1207,1205,0,100,0,0),(1404,276,1210,1217,1217,1210,44,100,0,0),(1405,276,1208,1214,1208,1214,39,0,0,0),(1406,276,1212,1216,1216,1212,65,71,0,0),(1407,276,1217,1204,1204,1217,0,100,0,0),(1408,276,1213,1206,1206,1213,48,100,0,0),(1409,277,1207,1204,1207,1204,100,0,0,0),(1410,277,1217,1206,1217,1206,48,0,0,0),(1411,277,1209,1215,1215,1209,12,100,0,0),(1412,277,1208,1216,1216,1208,23,41,0,0),(1413,277,1212,1214,1212,1214,84,71,0,0),(1414,277,1218,1211,1218,1211,100,40,0,0),(1415,277,1213,1210,1210,1213,0,100,0,0),(1416,277,1205,NULL,NULL,NULL,NULL,NULL,1,0),(1417,278,1207,1215,1215,1207,24,100,0,0),(1418,278,1217,1216,1217,1216,100,0,0,0),(1419,278,1210,1208,1210,1208,100,0,0,0),(1420,278,1218,1212,1218,1212,100,0,0,0),(1421,278,1206,1204,1204,1206,0,100,0,0),(1422,278,1209,1205,1209,1205,100,23,0,0),(1423,278,1214,1211,1211,1214,0,100,0,0),(1424,278,1213,NULL,NULL,NULL,NULL,NULL,1,0),(1425,279,1215,1217,1215,1217,44,12,0,0),(1426,279,1210,1207,1207,1210,0,100,0,0),(1427,279,1218,1204,1204,1218,44,100,0,0),(1428,279,1209,1216,1209,1216,100,0,0,0),(1429,279,1211,1208,1211,1208,100,27,0,0),(1430,279,1212,1206,1206,1212,16,100,0,0),(1431,279,1213,1205,1213,1205,100,0,0,0),(1432,280,1235,1225,1235,1225,100,73,0,0),(1433,280,1230,1224,1230,1224,100,0,0,0),(1434,280,1231,1226,1231,1226,37,24,0,0),(1435,280,1237,1232,1237,1232,74,50,0,0),(1436,280,1236,1241,1241,1236,25,55,0,0),(1437,280,1244,1245,1245,1244,15,24,0,0),(1438,280,1228,1229,1228,1229,100,47,0,0),(1439,280,1227,1234,1227,1234,100,0,0,0),(1440,280,1239,1233,1233,1239,0,59,0,0),(1441,280,1240,1243,1240,1243,54,24,0,0),(1442,280,1242,1238,1242,1238,100,0,0,0),(1443,281,1230,1242,1242,1230,25,100,0,0),(1444,281,1227,1233,1227,1233,100,0,0,0),(1445,281,1228,1241,1241,1228,38,100,0,0),(1446,281,1240,1235,1240,1235,100,36,0,0),(1447,281,1237,1231,1237,1231,100,0,0,0),(1448,281,1238,1244,1244,1238,12,100,0,0),(1449,281,1245,1226,1245,1226,63,54,0,0),(1450,281,1232,1225,1225,1232,52,63,0,0),(1451,281,1236,1229,1236,1229,67,0,0,0),(1452,281,1239,1224,1239,1224,100,59,0,0),(1453,281,1234,NULL,NULL,NULL,NULL,NULL,1,0),(1454,282,1227,1242,1242,1227,25,100,0,0),(1455,282,1237,1240,1237,1240,36,0,0,0),(1456,282,1241,1245,1241,1245,57,13,0,0),(1457,282,1244,1236,1244,1236,45,24,0,0),(1458,282,1230,1228,1230,1228,99,58,0,0),(1459,282,1239,1235,1239,1235,97,59,0,0),(1460,282,1233,1234,1234,1233,0,100,0,0),(1461,282,1231,1225,1231,1225,48,36,0,0),(1462,282,1226,1232,1226,1232,61,37,0,0),(1463,282,1229,1224,1229,1224,100,32,0,0),(1464,282,1238,NULL,NULL,NULL,NULL,NULL,1,0),(1465,283,1242,1237,1237,1242,0,100,0,0),(1466,283,1241,1227,1241,1227,100,38,0,0),(1467,283,1244,1230,1244,1230,100,36,0,0),(1468,283,1240,1234,1234,1240,0,100,0,0),(1469,283,1239,1231,1231,1239,12,100,0,0),(1470,283,1245,1236,1236,1245,30,33,0,0),(1471,283,1226,1228,1226,1228,84,37,0,0),(1472,283,1229,1235,1235,1229,0,100,0,0),(1473,283,1238,1232,1232,1238,38,100,0,0),(1474,283,1225,1224,1225,1224,100,0,0,0),(1475,283,1233,NULL,NULL,NULL,NULL,NULL,1,0),(1476,284,1237,1241,1237,1241,100,0,0,0),(1477,284,1244,1242,1244,1242,100,36,0,0),(1478,284,1234,1231,1231,1234,100,100,0,1),(1479,284,1227,1226,1227,1226,100,39,0,0),(1480,284,1235,1230,1235,1230,100,0,0,0),(1481,284,1240,1239,1240,1239,100,24,0,0),(1482,284,1225,1236,1225,1236,100,0,0,0),(1483,284,1245,1232,1245,1232,88,24,0,0),(1484,284,1228,1238,1228,1238,100,52,0,0),(1485,284,1224,NULL,NULL,NULL,NULL,NULL,1,0),(1486,285,1237,1242,1242,1237,0,0,0,0),(1487,285,1234,1231,1231,1234,0,0,0,0),(1488,285,1241,1235,1235,1241,0,0,0,0),(1489,285,1244,1227,1227,1244,0,0,0,0),(1490,286,1242,1231,1231,1242,0,0,0,0),(1491,286,1241,1227,1227,1241,0,0,0,0),(1492,287,1231,1241,1241,1231,0,0,0,0),(1493,288,1250,1251,1250,1251,100,55,0,0),(1494,288,1247,1261,1261,1247,0,100,0,0),(1495,288,1265,1253,1265,1253,100,42,0,0),(1496,288,1262,1267,1262,1267,72,13,0,0),(1497,288,1257,1270,1270,1257,60,100,0,0),(1498,288,1248,1269,1269,1248,36,64,0,0),(1499,288,1258,1266,1258,1266,100,46,0,0),(1500,288,1249,1256,1249,1256,100,27,0,0),(1501,288,1263,1246,1246,1263,0,100,0,0),(1502,288,1254,1255,1254,1255,100,69,0,0),(1503,288,1264,1268,1264,1268,100,24,0,0),(1504,288,1252,1260,1252,1260,100,0,0,0),(1505,288,1259,NULL,NULL,NULL,NULL,NULL,1,0),(1506,289,1269,1261,1261,1269,65,75,0,0),(1507,289,1252,1246,1252,1246,100,39,0,0),(1508,289,1264,1249,1264,1249,100,48,0,0),(1509,289,1262,1265,1265,1262,57,61,0,0),(1510,289,1258,1259,1259,1258,33,100,0,0),(1511,289,1250,1270,1250,1270,100,0,0,0),(1512,289,1254,1248,1248,1254,64,100,0,0),(1513,289,1255,1257,1255,1257,100,0,0,0),(1514,289,1251,1266,1251,1266,100,0,0,0),(1515,289,1253,1267,1267,1253,24,100,0,0),(1516,289,1256,1268,1268,1256,0,100,0,0),(1517,289,1247,1260,1247,1260,48,22,0,0),(1518,289,1263,NULL,NULL,NULL,NULL,NULL,1,0),(1519,290,1252,1250,1250,1252,55,100,0,0),(1520,290,1264,1259,1264,1259,100,24,0,0),(1521,290,1261,1265,1265,1261,0,100,0,0),(1522,290,1255,1262,1255,1262,100,52,0,0),(1523,290,1251,1246,1251,1246,100,0,0,0),(1524,290,1268,1249,1249,1268,100,72,0,0),(1525,290,1269,1267,1267,1269,48,100,0,0),(1526,290,1248,1258,1248,1258,100,0,0,0),(1527,290,1254,1263,1254,1263,100,30,0,0),(1528,290,1270,1247,1270,1247,100,0,0,0),(1529,290,1260,1253,1253,1260,100,0,0,0),(1530,290,1257,1266,1257,1266,100,37,0,0),(1531,290,1256,NULL,NULL,NULL,NULL,NULL,1,0),(1532,291,1264,1250,1264,1250,100,24,0,0),(1533,291,1265,1251,1265,1251,100,42,0,0),(1534,291,1255,1252,1252,1255,0,100,0,0),(1535,291,1248,1267,1267,1248,52,100,0,0),(1536,291,1254,1259,1254,1259,100,24,0,0),(1537,291,1270,1249,1249,1270,100,0,0,0),(1538,291,1261,1268,1268,1261,100,38,0,0),(1539,291,1253,1262,1253,1262,100,33,0,0),(1540,291,1269,1246,1269,1246,100,0,0,0),(1541,291,1257,1258,1257,1258,100,0,0,0),(1542,291,1263,1256,1256,1263,100,0,0,0),(1543,291,1247,1266,1266,1247,0,100,0,0),(1544,291,1260,NULL,NULL,NULL,NULL,NULL,1,0),(1545,292,1264,1269,1264,1269,100,48,0,0),(1546,292,1254,1267,1254,1267,100,24,0,0),(1547,292,1252,1250,1250,1252,0,100,0,0),(1548,292,1265,1249,1265,1249,100,0,0,0),(1549,293,1264,1254,1254,1264,0,100,0,0),(1550,293,1250,1265,1250,1265,100,0,0,0),(1551,294,1254,1250,1250,1254,55,100,0,0),(1552,295,1275,1272,1272,1275,27,29,0,0),(1553,295,1274,1276,1276,1274,0,100,0,0),(1554,295,1271,1273,1273,1271,0,42,0,0),(1555,296,1276,1273,1273,1276,60,79,0,0),(1556,296,1272,1274,1272,1274,100,27,0,0),(1557,296,1271,1275,1271,1275,84,32,0,0),(1558,297,1273,1272,1273,1272,100,0,0,0),(1559,297,1276,1271,1271,1276,20,85,0,0),(1560,297,1275,1274,1274,1275,0,100,0,0),(1579,304,1293,1298,1298,1293,0,100,0,0),(1580,304,1299,1294,1294,1299,0,100,0,0),(1581,304,1300,1295,1300,1295,45,22,0,0),(1582,304,1297,1296,1296,1297,0,100,0,0),(1583,305,1298,1296,1298,1296,100,68,0,0),(1584,305,1294,1300,1300,1294,31,100,0,0),(1585,305,1295,1297,1297,1295,0,100,0,0),(1586,305,1299,1293,1299,1293,100,66,0,0),(1587,306,1298,1300,1300,1298,31,68,0,0),(1588,306,1296,1294,1294,1296,0,100,0,0),(1589,306,1297,1299,1299,1297,0,100,0,0),(1590,306,1295,1293,1293,1295,61,85,0,0),(1591,307,1307,1301,1301,1307,0,37,0,0),(1592,307,1309,1311,1311,1309,49,51,0,0),(1593,307,1310,1302,1302,1310,33,100,0,0),(1594,307,1305,1308,1305,1308,100,0,0,0),(1595,307,1303,1304,1304,1303,0,0,0,1),(1596,307,1306,1312,1306,1312,74,12,0,0),(1597,308,1305,1302,1302,1305,0,66,0,0),(1598,308,1306,1301,1301,1306,0,36,0,0),(1599,308,1311,1304,1311,1304,100,0,0,0),(1600,308,1303,1309,1309,1303,0,100,0,0),(1601,308,1307,1312,1307,1312,74,37,0,0),(1602,308,1310,1308,1308,1310,0,100,0,0),(1603,309,1302,1311,1311,1302,0,100,0,0),(1604,309,1301,1309,1301,1309,49,35,0,0),(1605,309,1305,1306,1306,1305,24,34,0,0),(1606,309,1307,1308,1307,1308,47,37,0,0),(1607,309,1304,1312,1304,1312,75,51,0,0),(1608,309,1303,1310,1310,1303,0,100,0,0),(1609,310,1311,1301,1311,1301,65,49,0,0),(1610,310,1306,1302,1306,1302,100,36,0,0),(1611,310,1307,1304,1307,1304,100,0,0,0),(1612,310,1309,1308,1308,1309,0,100,0,0),(1613,310,1305,1310,1305,1310,67,44,0,0),(1614,310,1303,1312,1312,1303,49,100,0,0),(1615,311,1311,1301,1301,1311,0,100,0,0),(1616,311,1307,1306,1307,1306,100,0,0,0),(1617,312,1301,1307,1307,1301,0,100,0,0),(1618,313,1313,1318,1318,1313,54,100,0,0),(1619,313,1328,1326,1328,1326,100,0,0,0),(1620,313,1325,1321,1325,1321,100,67,0,0),(1621,313,1320,1324,1320,1324,100,24,0,0),(1622,313,1323,1315,1323,1315,100,41,0,0),(1623,313,1316,1327,1316,1327,100,0,0,0),(1624,313,1317,1322,1317,1322,100,50,0,0),(1625,313,1314,1319,1314,1319,45,35,0,0),(1626,314,1316,1323,1316,1323,100,0,0,0),(1627,314,1328,1320,1328,1320,100,0,0,0),(1628,314,1317,1318,1317,1318,100,42,0,0),(1629,314,1325,1314,1325,1314,100,60,0,0),(1630,314,1319,1321,1321,1319,46,100,0,0),(1631,314,1313,1322,1313,1322,100,36,0,0),(1632,314,1324,1326,1324,1326,100,40,0,0),(1633,314,1327,1315,1327,1315,100,39,0,0),(1634,315,1316,1328,1316,1328,100,53,0,0),(1635,315,1317,1325,1317,1325,100,0,0,0),(1636,315,1313,1321,1321,1313,46,100,0,0),(1637,315,1323,1327,1323,1327,100,0,0,0),(1638,315,1324,1318,1318,1324,65,100,0,0),(1639,315,1320,1314,1314,1320,34,100,0,0),(1640,315,1319,1322,1322,1319,0,0,0,1),(1641,315,1326,1315,1315,1326,0,0,0,1),(1642,316,1316,1317,1316,1317,100,53,0,0),(1643,316,1328,1323,1323,1328,41,100,0,0),(1644,316,1318,1325,1318,1325,100,36,0,0),(1645,316,1321,1314,1321,1314,100,54,0,0),(1646,316,1313,1324,1313,1324,100,55,0,0),(1647,316,1320,1327,1320,1327,100,66,0,0),(1648,316,1319,1326,1326,1319,0,0,0,1),(1649,316,1322,1315,1315,1322,0,0,0,1),(1650,317,1316,1323,1316,1323,100,47,0,0),(1651,317,1317,1321,1317,1321,100,42,0,0),(1652,318,1316,1317,1316,1317,100,47,0,0),(1785,357,1880,1875,1875,1880,69,100,0,0),(1786,357,1877,1872,1872,1877,46,100,0,0),(1787,357,1873,1874,1873,1874,100,24,0,0),(1788,357,1876,1878,1878,1876,59,100,0,0),(1789,357,1879,NULL,NULL,NULL,NULL,NULL,1,0),(1790,358,1873,1872,1873,1872,100,12,0,0),(1791,358,1879,1875,1879,1875,100,22,0,0),(1792,358,1878,1880,1878,1880,100,51,0,0),(1793,358,1876,1877,1876,1877,100,61,0,0),(1794,358,1874,NULL,NULL,NULL,NULL,NULL,1,0),(1795,359,1873,1878,1873,1878,100,12,0,0),(1796,359,1872,1875,1875,1872,53,100,0,0),(1797,359,1879,1874,1879,1874,100,0,0,0),(1798,359,1876,1880,1880,1876,33,100,0,0),(1799,359,1877,NULL,NULL,NULL,NULL,NULL,1,0),(1800,360,1873,1875,1873,1875,100,12,0,0),(1801,360,1879,1878,1879,1878,100,34,0,0),(1802,361,1873,1879,1873,1879,100,36,0,0),(1803,362,1892,1883,1892,1883,68,41,0,0),(1804,362,1887,1884,1887,1884,100,0,0,0),(1805,362,1889,1890,1890,1889,0,100,0,0),(1806,362,1893,1885,1893,1885,100,0,0,0),(1807,362,1882,1888,1882,1888,100,64,0,0),(1808,362,1886,1891,1891,1886,40,100,0,0),(1809,362,1881,NULL,NULL,NULL,NULL,NULL,1,0),(1810,363,1892,1882,1892,1882,100,41,0,0),(1811,363,1887,1893,1887,1893,100,0,0,0),(1812,363,1891,1881,1881,1891,53,100,0,0),(1813,363,1883,NULL,NULL,NULL,NULL,NULL,1,0),(1814,363,1888,1889,1889,1888,12,100,0,0),(1815,363,1885,1884,1884,1885,0,100,0,0),(1816,363,1886,1890,1890,1886,52,100,0,0),(1817,364,1881,1890,1881,1890,100,53,0,0),(1818,364,1887,1892,1892,1887,41,100,0,0),(1819,364,1883,1891,1891,1883,40,100,0,0),(1820,364,1884,1882,1884,1882,100,22,0,0),(1821,364,1889,1893,1889,1893,100,54,0,0),(1822,364,1886,1888,1886,1888,100,0,0,0),(1823,364,1885,NULL,NULL,NULL,NULL,NULL,1,0),(1824,365,1917,1922,1917,1922,100,33,0,0),(1825,365,1921,1929,1929,1921,0,100,0,0),(1826,365,1925,1915,1925,1915,100,0,0,0),(1827,365,1936,1935,1935,1936,0,100,0,0),(1828,365,1920,1924,1920,1924,36,13,0,0),(1829,365,1934,1927,1927,1934,25,100,0,0),(1830,365,1933,1931,1931,1933,22,24,0,0),(1831,365,1916,1928,1928,1916,38,99,0,0),(1832,365,1926,1918,1918,1926,12,100,0,0),(1833,365,1919,1923,1923,1919,60,100,0,0),(1834,365,1932,1930,1930,1932,0,100,0,0),(1835,366,1935,1930,1930,1935,25,100,0,0),(1836,366,1929,1925,1929,1925,100,0,0,0),(1837,366,1918,1927,1918,1927,100,52,0,0),(1838,366,1917,1928,1928,1917,0,99,0,0),(1839,366,1923,1920,1920,1923,39,39,0,1),(1840,366,1915,1933,1933,1915,44,100,0,0),(1841,366,1931,1924,1931,1924,100,0,0,0),(1842,366,1919,1916,1916,1919,50,60,0,0),(1843,366,1922,1934,1922,1934,100,0,0,0),(1844,366,1926,1936,1926,1936,100,0,0,0),(1845,366,1932,1921,1921,1932,0,100,0,0),(1846,367,1929,1930,1930,1929,48,99,0,0),(1847,367,1928,1918,1918,1928,0,100,0,0),(1848,367,1931,1923,1923,1931,0,100,0,0),(1849,367,1920,1933,1920,1933,44,39,0,0),(1850,367,1922,1927,1927,1922,46,100,0,0),(1851,367,1935,1926,1926,1935,0,100,0,0),(1852,367,1921,1925,1921,1925,100,0,0,0),(1853,367,1917,1916,1917,1916,61,33,0,0),(1854,367,1919,1924,1924,1919,34,60,0,0),(1855,367,1915,1934,1915,1934,100,17,0,0),(1856,367,1932,1936,1932,1936,100,38,0,0),(1857,368,1918,1930,1918,1930,77,52,0,0),(1858,368,1923,1929,1923,1929,99,0,0,0),(1859,368,1926,1921,1926,1921,100,0,0,0),(1860,368,1927,1928,1928,1927,68,98,0,0),(1861,368,1917,1920,1920,1917,39,66,0,0),(1862,368,1932,1933,1933,1932,44,100,0,0),(1863,368,1931,1922,1931,1922,100,59,0,0),(1864,368,1915,1935,1915,1935,55,50,0,0),(1865,368,1924,1925,1924,1925,44,34,0,0),(1866,368,1936,1919,1919,1936,36,56,0,0),(1867,368,1916,1934,1916,1934,37,0,0,0),(1868,369,1923,1918,1923,1918,100,0,0,0),(1869,369,1926,1930,1930,1926,48,100,0,0),(1870,369,1928,1920,1920,1928,39,100,0,0),(1871,369,1921,1933,1921,1933,100,0,0,0),(1872,369,1931,1927,1927,1931,21,63,0,0),(1873,369,1929,1917,1929,1917,99,0,0,0),(1874,369,1915,1924,1915,1924,100,34,0,0),(1875,369,1919,1922,1922,1919,24,100,0,0),(1876,369,1935,1925,1925,1935,22,100,0,0),(1877,369,1932,1934,1932,1934,29,0,0,0),(1878,369,1916,1936,1936,1916,44,50,0,0),(1879,370,2084,2108,2108,2084,56,100,0,0),(1880,370,2089,2099,2099,2089,12,100,0,0),(1881,370,2093,2087,2087,2093,0,100,0,0),(1882,370,2103,2091,2103,2091,100,0,0,0),(1883,370,2100,2096,2100,2096,100,19,0,0),(1884,370,2104,2083,2083,2104,36,50,0,0),(1885,370,2095,2097,2095,2097,83,0,0,0),(1886,370,2105,2085,2105,2085,100,0,0,0),(1887,370,2092,2101,2092,2101,100,48,0,0),(1888,370,2094,2098,2094,2098,100,26,0,0),(1889,370,2086,2109,2109,2086,42,100,0,0),(1890,370,2088,2102,2102,2088,24,82,0,0),(1891,370,2107,2106,2107,2106,100,0,0,0),(1892,370,2090,NULL,NULL,NULL,NULL,NULL,1,0),(1893,371,2103,2087,2103,2087,100,37,0,0),(1894,371,2105,2107,2105,2107,100,50,0,0),(1895,371,2099,2095,2099,2095,100,30,0,0),(1896,371,2100,2094,2100,2094,100,30,0,0),(1897,371,2109,2102,2109,2102,74,56,0,0),(1898,371,2092,2090,2092,2090,100,0,0,0),(1899,371,2108,2083,2108,2083,100,0,0,0),(1900,371,2104,2084,2104,2084,57,0,0,0),(1901,371,2101,2086,2086,2101,60,100,0,0),(1902,371,2088,2098,2088,2098,100,23,0,0),(1903,371,2096,2097,2097,2096,45,100,0,0),(1904,371,2089,2106,2089,2106,100,0,0,0),(1905,371,2085,2091,2085,2091,100,12,0,0),(1906,371,2093,NULL,NULL,NULL,NULL,NULL,1,0),(1907,372,2103,2099,2103,2099,100,0,0,0),(1908,372,2092,2100,2100,2092,70,100,0,0),(1909,372,2105,2108,2108,2105,0,100,0,0),(1910,372,2109,2107,2109,2107,100,0,0,0),(1911,372,2104,2102,2102,2104,26,100,0,0),(1912,372,2087,2088,2087,2088,100,35,0,0),(1913,372,2095,2089,2095,2089,100,0,0,0),(1914,372,2094,2085,2085,2094,60,100,0,0),(1915,372,2086,2097,2097,2086,0,100,0,0),(1916,372,2090,2093,2090,2093,100,0,0,0),(1917,372,2083,2101,2083,2101,100,36,0,0),(1918,372,2084,2096,2084,2096,100,15,0,0),(1919,372,2098,2091,2098,2091,100,0,0,0),(1920,372,2106,NULL,NULL,NULL,NULL,NULL,1,0),(1921,373,2103,2108,2108,2103,0,100,0,0),(1922,373,2100,2109,2100,2109,100,19,0,0),(1923,373,2092,2102,2102,2092,52,100,0,0),(1924,373,2095,2087,2087,2095,0,100,0,0),(1925,373,2097,2099,2099,2097,12,100,0,0),(1926,373,2105,2090,2105,2090,100,50,0,0),(1927,373,2085,2083,2085,2083,76,64,0,0),(1928,373,2084,2094,2094,2084,13,100,0,0),(1929,373,2104,2088,2104,2088,62,50,0,0),(1930,373,2107,2098,2107,2098,100,0,0,0),(1931,373,2089,2093,2093,2089,16,100,0,0),(1932,373,2106,2101,2101,2106,0,100,0,0),(1933,373,2096,2091,2096,2091,100,0,0,0),(1934,374,2108,2085,2108,2085,100,56,0,0),(1935,374,2103,2102,2103,2102,76,0,0,0),(1936,374,2087,2105,2087,2105,50,35,0,0),(1937,374,2100,2109,2100,2109,100,56,0,0),(1938,375,2108,2103,2108,2103,100,42,0,0),(1939,375,2087,2109,2109,2087,0,100,0,0),(1940,376,2108,2109,2108,2109,100,42,0,0);
/*!40000 ALTER TABLE `round_result` ENABLE KEYS */;
UNLOCK TABLES;

--
-- Table structure for table `ship`
--

DROP TABLE IF EXISTS `ship`;
/*!40101 SET @saved_cs_client     = @@character_set_client */;
/*!40101 SET character_set_client = utf8 */;
CREATE TABLE `ship` (
  `id` int(11) NOT NULL AUTO_INCREMENT,
  `ship_pilot_id` int(11) DEFAULT NULL,
  `tlist_id` int(11) DEFAULT NULL,
  PRIMARY KEY (`id`),
  KEY `ship_pilot_id` (`ship_pilot_id`),
  KEY `tlist_id` (`tlist_id`),
  CONSTRAINT `ship_ibfk_1` FOREIGN KEY (`ship_pilot_id`) REFERENCES `ship_pilot` (`id`),
  CONSTRAINT `ship_ibfk_2` FOREIGN KEY (`tlist_id`) REFERENCES `tourney_list` (`id`)
) ENGINE=InnoDB AUTO_INCREMENT=3810 DEFAULT CHARSET=utf8;
/*!40101 SET character_set_client = @saved_cs_client */;

--
-- Dumping data for table `ship`
--

LOCK TABLES `ship` WRITE;
/*!40000 ALTER TABLE `ship` DISABLE KEYS */;
INSERT INTO `ship` VALUES (1,84,1),(2,83,1),(3,83,1),(4,53,1),(5,80,2),(6,80,2),(7,80,2),(8,72,2),(9,45,2),(10,83,3),(11,83,3),(12,83,3),(13,53,3),(14,15,4),(15,16,4),(16,9,4),(17,81,4),(18,48,5),(19,48,5),(20,46,5),(21,80,6),(22,79,6),(23,79,6),(24,79,6),(25,78,6),(26,75,6),(27,72,6),(28,84,7),(29,84,7),(30,84,7),(31,53,7),(32,52,8),(33,36,8),(34,36,8),(35,36,8),(36,45,9),(37,72,9),(38,80,9),(39,80,9),(40,80,9),(41,36,10),(42,36,10),(43,36,10),(44,84,10),(45,84,10),(46,40,11),(47,45,11),(48,57,11),(49,52,12),(50,36,12),(51,36,12),(52,36,12),(53,27,13),(54,53,13),(55,79,14),(56,79,14),(57,79,14),(58,79,14),(59,79,14),(60,75,14),(61,72,14),(62,16,15),(63,54,15),(64,9,15),(65,40,16),(66,80,16),(67,80,16),(68,80,16),(69,80,16),(70,80,16),(71,72,16),(72,80,17),(73,80,17),(74,79,17),(75,79,17),(76,78,17),(77,74,17),(78,72,17),(79,83,18),(80,84,18),(81,29,18),(82,54,18),(83,83,19),(84,35,19),(85,53,19),(86,84,20),(87,84,20),(88,36,20),(89,36,20),(90,36,20),(91,45,21),(92,40,21),(93,44,21),(94,74,22),(95,46,22),(96,45,22),(97,54,23),(98,83,23),(99,83,23),(100,83,23),(101,40,24),(102,57,24),(103,23,24),(104,84,25),(105,84,25),(106,84,25),(107,84,25),(108,84,25),(109,84,25),(110,84,25),(111,84,25),(112,54,26),(113,83,26),(114,83,26),(115,84,26),(116,32,27),(117,16,27),(118,10,27),(119,83,28),(120,83,28),(121,17,28),(122,1,28),(123,80,29),(124,80,29),(125,80,29),(126,80,29),(127,79,29),(128,79,29),(129,79,29),(130,79,29),(131,84,30),(132,52,30),(133,15,30),(134,36,30),(135,36,30),(136,83,31),(137,83,31),(138,83,31),(139,53,31),(140,80,32),(141,80,32),(142,80,32),(143,80,32),(144,78,32),(145,78,32),(146,72,32),(147,54,33),(148,55,33),(149,40,34),(150,92,34),(151,57,34),(152,40,35),(153,71,35),(154,71,35),(155,71,35),(156,71,35),(157,84,36),(158,84,36),(159,36,36),(160,36,36),(161,36,36),(162,46,37),(163,80,37),(164,80,37),(165,80,37),(166,80,37),(167,72,37),(168,40,38),(169,44,38),(170,46,38),(171,83,39),(172,83,39),(173,83,39),(174,53,39),(175,84,40),(176,13,40),(177,13,40),(178,32,40),(179,84,41),(180,83,41),(181,83,41),(182,53,41),(183,36,42),(184,36,42),(185,36,42),(186,36,42),(187,45,43),(188,58,43),(189,57,43),(190,84,44),(191,84,44),(192,36,44),(193,36,44),(194,36,44),(195,45,45),(196,57,45),(197,58,45),(198,27,46),(199,54,46),(200,52,47),(201,51,47),(202,36,47),(203,36,47),(204,32,48),(205,53,48),(206,40,49),(207,44,49),(208,46,49),(209,80,50),(210,40,50),(211,40,50),(212,45,50),(213,88,51),(214,88,51),(215,83,51),(216,83,51),(217,1,51),(218,2,52),(219,10,52),(220,9,52),(221,80,53),(222,78,53),(223,73,53),(224,72,53),(225,58,53),(226,84,54),(227,32,54),(228,55,54),(229,36,55),(230,86,55),(231,32,55),(232,18,55),(233,58,56),(234,92,56),(235,40,56),(236,54,57),(237,16,57),(238,18,57),(239,84,58),(240,84,58),(241,90,58),(242,54,58),(243,32,59),(244,10,59),(245,90,59),(246,80,60),(247,80,60),(248,75,60),(249,72,60),(250,91,60),(251,16,61),(252,27,61),(253,9,61),(254,84,62),(255,84,62),(256,15,62),(257,36,62),(258,90,62),(259,83,63),(260,83,63),(261,83,63),(262,83,63),(263,83,63),(264,10,63),(265,18,64),(266,88,64),(267,29,64),(268,32,64),(269,35,65),(270,35,65),(271,15,65),(272,16,65),(273,84,66),(274,36,66),(275,36,66),(276,36,66),(277,36,66),(278,94,67),(279,44,67),(280,44,67),(281,54,68),(282,53,68),(283,15,69),(284,36,69),(285,51,69),(286,90,69),(287,44,70),(288,44,70),(289,44,70),(290,84,71),(291,84,71),(292,36,71),(293,36,71),(294,36,71),(295,2,72),(296,10,72),(297,9,72),(298,36,73),(299,36,73),(300,36,73),(301,84,73),(302,83,74),(303,83,74),(304,83,74),(305,2,74),(306,18,74),(307,84,75),(308,16,75),(309,9,75),(310,11,75),(311,78,76),(312,78,76),(313,78,76),(314,73,76),(315,57,76),(316,84,77),(317,36,77),(318,36,77),(319,36,77),(320,36,77),(321,40,78),(322,92,78),(323,45,78),(324,30,79),(325,52,79),(326,53,79),(327,74,80),(328,78,80),(329,78,80),(330,78,80),(331,23,80),(332,32,81),(333,36,81),(334,90,81),(335,55,82),(336,54,82),(337,74,83),(338,45,83),(339,92,83),(340,37,84),(341,92,84),(342,58,84),(343,80,85),(344,80,85),(345,80,85),(346,80,85),(347,41,85),(348,88,86),(349,29,86),(350,81,86),(351,34,86),(352,84,87),(353,84,87),(354,84,87),(355,53,87),(356,94,88),(357,94,88),(358,69,88),(359,44,89),(360,44,89),(361,23,89),(362,78,90),(363,78,90),(364,78,90),(365,78,90),(366,57,90),(367,84,91),(368,84,91),(369,32,91),(370,1,91),(371,1,92),(372,54,92),(373,84,93),(374,84,93),(375,36,93),(376,36,93),(377,36,93),(378,79,94),(379,79,94),(380,79,94),(381,79,94),(382,57,94),(383,72,94),(384,90,95),(385,36,95),(386,32,95),(387,40,96),(388,40,96),(389,40,96),(390,57,96),(391,92,97),(392,45,97),(393,75,97),(394,90,98),(395,35,98),(396,35,98),(397,35,98),(398,36,99),(399,36,99),(400,53,99),(401,94,100),(402,94,100),(403,91,100),(404,41,101),(405,45,101),(406,80,101),(407,36,102),(408,84,102),(409,84,102),(410,84,102),(411,10,102),(412,36,103),(413,88,103),(414,16,103),(415,81,103),(416,88,104),(417,88,104),(418,88,104),(419,88,104),(420,49,104),(421,40,105),(422,42,105),(423,46,105),(424,88,106),(425,16,106),(426,53,106),(427,84,107),(428,86,107),(429,86,107),(430,1,107),(431,40,108),(432,40,108),(433,40,108),(434,41,109),(435,43,109),(436,16,110),(437,9,110),(438,53,110),(439,58,111),(440,59,111),(441,38,111),(442,1,112),(443,53,112),(444,79,113),(445,79,113),(446,80,113),(447,80,113),(448,78,113),(449,74,113),(450,72,113),(451,53,114),(452,83,114),(453,83,114),(454,83,114),(455,54,115),(456,53,115),(457,84,116),(458,36,116),(459,36,116),(460,36,116),(461,36,116),(462,29,117),(463,81,117),(464,36,117),(465,36,117),(466,79,118),(467,79,118),(468,79,118),(469,79,118),(470,79,118),(471,79,118),(472,72,118),(473,80,119),(474,80,119),(475,80,119),(476,79,119),(477,79,119),(478,75,119),(479,72,119),(480,84,120),(481,84,120),(482,16,120),(483,1,120),(484,84,121),(485,84,121),(486,84,121),(487,53,121),(488,83,122),(489,54,122),(490,83,122),(491,84,122),(492,80,123),(493,80,123),(494,80,123),(495,80,123),(496,78,123),(497,78,123),(498,72,123),(499,53,124),(500,27,124),(501,83,125),(502,83,125),(503,84,125),(504,53,125),(505,1,126),(506,53,126),(507,54,127),(508,84,127),(509,84,127),(510,84,127),(511,84,127),(512,75,128),(513,40,128),(514,48,128),(515,57,128),(516,40,129),(517,44,129),(518,45,129),(519,83,130),(520,83,130),(521,83,130),(522,53,130),(523,83,131),(524,83,131),(525,83,131),(526,53,131),(527,80,132),(528,80,132),(529,80,132),(530,80,132),(531,79,132),(532,79,132),(533,79,132),(534,79,132),(535,40,133),(536,46,133),(537,45,133),(538,15,134),(539,52,134),(540,29,134),(541,34,134),(542,84,135),(543,16,135),(544,10,135),(545,9,135),(546,80,136),(547,80,136),(548,80,136),(549,72,136),(550,45,136),(551,83,137),(552,83,137),(553,83,137),(554,53,137),(555,79,138),(556,79,138),(557,74,138),(558,45,138),(559,75,138),(560,36,139),(561,36,139),(562,84,139),(563,84,139),(564,81,139),(565,52,140),(566,84,140),(567,36,140),(568,36,140),(569,15,140),(570,84,141),(571,84,141),(572,84,141),(573,53,141),(574,83,142),(575,83,142),(576,83,142),(577,54,142),(578,29,143),(579,34,143),(580,16,143),(581,83,143),(582,84,144),(583,84,144),(584,84,144),(585,84,144),(586,84,144),(587,84,144),(588,84,144),(589,84,144),(590,40,145),(591,71,145),(592,71,145),(593,71,145),(594,71,145),(595,84,146),(596,88,146),(597,88,146),(598,53,146),(599,54,147),(600,53,147),(601,84,148),(602,83,148),(603,83,148),(604,53,148),(605,40,149),(606,40,149),(607,40,149),(608,57,149),(609,36,150),(610,36,150),(611,36,150),(612,36,150),(613,45,151),(614,57,151),(615,58,151),(616,90,152),(617,85,152),(618,53,152),(619,88,153),(620,88,153),(621,88,153),(622,53,153),(623,1,154),(624,53,154),(625,84,155),(626,84,155),(627,84,155),(628,53,155),(629,83,156),(630,35,156),(631,53,156),(632,27,157),(633,54,157),(634,79,158),(635,79,158),(636,79,158),(637,72,158),(638,45,158),(639,54,159),(640,53,159),(641,84,160),(642,84,160),(643,35,160),(644,35,160),(645,35,160),(646,84,161),(647,84,161),(648,86,161),(649,1,161),(650,79,162),(651,79,162),(652,79,162),(653,79,162),(654,78,162),(655,77,162),(656,72,162),(657,88,163),(658,88,163),(659,88,163),(660,88,163),(661,88,163),(662,85,163),(663,91,164),(664,94,164),(665,94,164),(666,80,165),(667,92,165),(668,45,165),(669,53,166),(670,49,166),(671,40,167),(672,92,167),(673,45,167),(674,40,168),(675,44,168),(676,45,168),(677,55,169),(678,54,169),(679,84,170),(680,84,170),(681,84,170),(682,2,170),(683,11,170),(684,69,171),(685,93,171),(686,93,171),(687,36,172),(688,36,172),(689,35,172),(690,35,172),(691,78,173),(692,78,173),(693,78,173),(694,78,173),(695,78,173),(696,78,173),(697,84,174),(698,84,174),(699,36,174),(700,36,174),(701,36,174),(702,84,175),(703,83,175),(704,83,175),(705,53,175),(706,52,176),(707,36,176),(708,36,176),(709,36,176),(710,79,177),(711,79,177),(712,79,177),(713,80,177),(714,91,177),(715,17,178),(716,14,178),(717,81,178),(718,29,178),(719,18,179),(720,16,179),(721,54,179),(722,40,180),(723,45,180),(724,57,180),(725,70,181),(726,78,181),(727,73,181),(728,92,181),(729,84,182),(730,84,182),(731,36,182),(732,36,182),(733,36,182),(734,84,183),(735,36,183),(736,36,183),(737,36,183),(738,36,183),(739,46,184),(740,45,184),(741,75,184),(742,40,185),(743,80,185),(744,80,185),(745,80,185),(746,80,185),(747,80,185),(748,84,186),(749,84,186),(750,84,186),(751,10,186),(752,9,186),(753,59,187),(754,57,187),(755,45,187),(756,83,188),(757,83,188),(758,84,188),(759,53,188),(760,54,189),(761,55,189),(762,80,190),(763,80,190),(764,79,190),(765,79,190),(766,79,190),(767,72,190),(768,75,190),(769,79,191),(770,79,191),(771,67,191),(772,67,191),(773,91,191),(774,40,192),(775,92,192),(776,57,192),(777,84,193),(778,13,193),(779,13,193),(780,32,193),(781,84,194),(782,84,194),(783,36,194),(784,36,194),(785,52,194),(786,84,195),(787,84,195),(788,84,195),(789,36,195),(790,10,195),(791,29,196),(792,30,196),(793,54,196),(794,58,197),(795,64,197),(796,37,197),(797,40,197),(798,16,198),(799,36,198),(800,36,198),(801,45,199),(802,57,199),(803,80,199),(804,80,199),(805,80,200),(806,80,200),(807,44,200),(808,45,200),(809,52,201),(810,52,201),(811,49,201),(812,46,202),(813,44,202),(814,40,202),(815,80,203),(816,80,203),(817,80,203),(818,72,203),(819,43,203),(820,2,204),(821,9,204),(822,10,204),(823,84,205),(824,15,205),(825,15,205),(826,15,205),(827,16,205),(828,32,206),(829,16,206),(830,10,206),(831,86,207),(832,86,207),(833,86,207),(834,1,207),(835,80,208),(836,79,208),(837,79,208),(838,79,208),(839,78,208),(840,75,208),(841,72,208),(842,41,209),(843,45,209),(844,80,209),(845,80,210),(846,80,210),(847,57,210),(848,45,210),(849,88,211),(850,56,211),(851,84,211),(852,84,211),(853,27,211),(854,1,212),(855,54,212),(856,79,213),(857,79,213),(858,79,213),(859,79,213),(860,42,213),(861,84,214),(862,15,214),(863,32,214),(864,90,214),(865,28,215),(866,54,215),(867,13,216),(868,14,216),(869,51,216),(870,82,216),(871,72,217),(872,73,217),(873,74,217),(874,75,217),(875,77,217),(876,80,217),(877,83,218),(878,83,218),(879,1,218),(880,90,218),(881,72,219),(882,42,219),(883,45,219),(884,80,220),(885,79,220),(886,79,220),(887,79,220),(888,78,220),(889,75,220),(890,72,220),(891,44,221),(892,44,221),(893,38,221),(894,9,222),(895,53,222),(896,40,223),(897,64,223),(898,64,223),(899,64,223),(900,52,224),(901,52,224),(902,36,224),(903,36,224),(904,83,225),(905,29,225),(906,34,225),(907,16,225),(908,32,226),(909,53,226),(910,74,227),(911,69,227),(912,42,227),(913,2,228),(914,10,228),(915,9,228),(916,80,229),(917,74,229),(918,75,229),(919,72,229),(920,23,229),(921,84,230),(922,84,230),(923,84,230),(924,84,230),(925,53,230),(926,40,231),(927,43,231),(928,57,231),(929,83,232),(930,83,232),(931,83,232),(932,53,232),(933,72,233),(934,75,233),(935,79,233),(936,79,233),(937,79,233),(938,80,233),(939,80,233),(943,83,235),(944,10,235),(945,9,235),(946,11,235),(947,80,236),(948,80,236),(949,80,236),(950,40,236),(951,45,236),(952,57,237),(953,91,237),(954,40,237),(955,83,238),(956,16,238),(957,53,238),(958,84,239),(959,84,239),(960,84,239),(961,36,239),(962,54,239),(963,79,240),(964,79,240),(965,79,240),(966,79,240),(967,79,240),(968,78,240),(969,72,240),(970,23,241),(971,64,241),(972,64,241),(973,57,243),(974,75,243),(975,77,243),(976,74,243),(977,72,243),(978,45,244),(979,80,244),(980,80,244),(981,80,244),(982,80,244),(983,80,244),(984,10,245),(985,9,245),(986,11,245),(1040,80,376),(1041,80,376),(1042,80,376),(1043,80,376),(1044,80,376),(1045,73,376),(1046,72,376),(1047,40,383),(1048,44,383),(1049,22,383),(1068,88,375),(1069,88,375),(1070,36,375),(1071,36,375),(1072,36,375),(1079,54,377),(1080,88,377),(1081,88,377),(1082,88,377),(1089,44,378),(1090,79,378),(1091,79,378),(1092,79,378),(1093,72,378),(1101,84,382),(1102,84,382),(1103,2,382),(1104,14,382),(1105,54,381),(1106,6,381),(1110,21,379),(1111,45,379),(1127,36,398),(1128,36,398),(1129,81,398),(1130,29,398),(1131,40,400),(1132,71,400),(1133,71,400),(1134,71,400),(1135,71,400),(1151,80,405),(1152,80,405),(1153,80,405),(1154,80,405),(1155,80,405),(1156,80,405),(1157,80,405),(1158,74,405),(1172,57,403),(1173,72,403),(1174,80,403),(1175,80,403),(1176,80,403),(1177,80,403),(1180,6,415),(1181,32,415),(1182,46,419),(1183,21,419),(1184,6,416),(1185,53,416),(1197,92,408),(1198,19,408),(1199,72,409),(1200,45,409),(1201,80,409),(1202,80,409),(1203,80,409),(1204,92,414),(1205,46,414),(1206,75,414),(1207,21,411),(1208,92,411),(1209,19,407),(1210,41,407),(1211,20,410),(1212,45,410),(1213,32,418),(1214,5,418),(1215,79,417),(1216,79,417),(1217,79,417),(1218,79,417),(1219,80,417),(1220,80,417),(1221,80,417),(1222,80,417),(1223,80,413),(1224,80,413),(1225,80,413),(1226,80,413),(1227,80,413),(1228,45,413),(1229,20,406),(1230,46,406),(1231,1,412),(1232,54,412),(1239,57,395),(1240,58,395),(1241,59,395),(1242,57,404),(1243,40,404),(1244,45,404),(1245,57,402),(1246,46,402),(1247,67,402),(1248,96,401),(1249,96,401),(1250,96,401),(1251,96,401),(1252,57,399),(1253,21,399),(1254,80,399),(1255,52,396),(1256,81,396),(1257,29,396),(1258,36,396),(1262,44,397),(1263,44,397),(1264,48,397),(1269,60,426),(1270,65,426),(1271,59,426),(1272,62,426),(1273,36,423),(1274,90,423),(1275,36,423),(1276,36,423),(1278,36,420),(1279,52,420),(1280,36,420),(1281,36,420),(1282,48,429),(1283,40,429),(1284,91,429),(1289,31,425),(1290,43,422),(1291,21,422),(1292,84,428),(1293,84,428),(1294,84,428),(1295,84,428),(1296,84,428),(1297,2,428),(1298,64,424),(1299,92,424),(1300,57,424),(1301,40,432),(1302,44,432),(1303,45,432),(1304,65,430),(1305,72,430),(1306,78,430),(1307,78,430),(1308,78,430),(1309,78,430),(1310,42,421),(1311,80,421),(1312,45,421),(1313,9,431),(1314,11,431),(1315,2,431),(1316,74,427),(1317,45,427),(1318,46,427),(1319,5,441),(1320,7,441),(1321,32,445),(1322,16,445),(1323,9,445),(1326,89,446),(1327,32,446),(1328,2,446),(1332,58,447),(1333,57,447),(1334,46,447),(1336,2,442),(1337,53,442),(1338,1,444),(1339,16,444),(1340,84,444),(1341,84,444),(1342,45,448),(1343,20,448),(1361,36,549),(1362,36,549),(1363,84,549),(1364,84,549),(1365,29,549),(1366,21,546),(1367,45,546),(1368,36,541),(1369,36,541),(1370,36,541),(1371,36,541),(1372,46,550),(1373,19,550),(1374,84,551),(1375,84,551),(1376,1,551),(1377,28,551),(1378,29,540),(1379,81,540),(1380,36,540),(1381,36,540),(1382,36,537),(1383,36,537),(1384,15,537),(1385,16,537),(1386,93,535),(1387,44,535),(1388,57,535),(1389,46,548),(1390,19,548),(1391,35,538),(1392,35,538),(1393,16,538),(1394,84,538),(1395,6,536),(1396,54,536),(1397,57,543),(1398,44,543),(1399,44,543),(1400,90,534),(1401,36,534),(1402,36,534),(1403,36,534),(1404,45,539),(1405,20,539),(1406,84,545),(1407,84,545),(1408,36,545),(1409,5,545),(1410,53,547),(1411,54,547),(1412,27,533),(1413,31,533),(1414,16,533),(1415,83,542),(1416,83,542),(1417,83,542),(1418,83,542),(1419,83,542),(1420,10,542),(1421,67,544),(1422,67,544),(1423,67,544),(1424,80,544),(1425,75,544),(1426,72,544),(1427,72,443),(1428,58,443),(1429,93,443),(1430,1,588),(1431,5,588),(1432,84,580),(1433,84,580),(1434,84,580),(1435,36,580),(1436,32,580),(1444,80,596),(1445,80,596),(1446,80,596),(1447,80,596),(1448,21,596),(1449,89,562),(1450,32,562),(1451,2,562),(1452,37,584),(1453,58,584),(1454,57,584),(1455,90,563),(1456,53,563),(1457,84,563),(1458,5,568),(1459,54,568),(1460,48,575),(1461,48,575),(1462,58,575),(1463,83,586),(1464,83,586),(1465,83,586),(1466,53,586),(1467,80,566),(1468,80,566),(1469,80,566),(1470,80,566),(1471,72,566),(1472,57,566),(1473,11,581),(1474,16,581),(1475,32,581),(1476,36,569),(1477,15,569),(1478,52,569),(1479,16,569),(1480,80,591),(1481,80,591),(1482,80,591),(1483,80,591),(1484,74,591),(1485,72,591),(1486,83,592),(1487,16,592),(1488,35,592),(1489,35,592),(1490,46,555),(1491,19,555),(1492,80,560),(1493,80,560),(1494,46,560),(1495,45,560),(1496,83,595),(1497,81,595),(1498,32,595),(1499,9,595),(1500,35,572),(1501,35,572),(1502,7,572),(1503,19,600),(1504,45,600),(1505,84,576),(1506,18,576),(1507,9,576),(1508,11,576),(1509,44,578),(1510,19,578),(1511,83,579),(1512,83,579),(1513,83,579),(1514,5,579),(1515,52,599),(1516,36,599),(1517,36,599),(1518,36,599),(1519,83,589),(1520,82,589),(1521,81,589),(1522,9,589),(1523,36,587),(1524,32,587),(1525,84,587),(1526,52,587),(1527,1,604),(1528,5,604),(1529,3,618),(1530,15,618),(1531,90,618),(1532,29,618),(1533,20,622),(1534,45,622),(1535,58,623),(1536,19,623),(1537,83,573),(1538,84,573),(1539,84,573),(1540,83,573),(1541,54,573),(1542,53,610),(1543,55,610),(1550,81,590),(1551,16,590),(1552,1,590),(1555,84,593),(1556,16,593),(1557,9,593),(1558,10,593),(1559,84,594),(1560,18,594),(1561,17,594),(1562,9,594),(1563,53,614),(1564,83,614),(1565,83,614),(1566,83,614),(1567,53,602),(1568,84,602),(1569,84,602),(1570,84,602),(1571,9,570),(1572,10,570),(1573,11,570),(1574,45,621),(1575,44,621),(1576,79,621),(1577,79,621),(1578,15,613),(1579,15,613),(1580,84,613),(1581,84,613),(1582,85,613),(1583,19,616),(1584,45,616),(1585,45,603),(1586,80,603),(1587,80,603),(1588,80,603),(1589,80,603),(1590,80,603),(1591,45,582),(1592,20,582),(1593,72,612),(1594,73,612),(1595,80,612),(1596,80,612),(1597,80,612),(1598,80,612),(1599,80,612),(1600,10,617),(1601,2,617),(1602,89,617),(1603,2,615),(1604,90,615),(1605,14,615),(1606,72,605),(1607,80,605),(1608,80,605),(1609,80,605),(1610,80,605),(1611,57,605),(1612,80,577),(1613,80,577),(1614,74,577),(1615,20,577),(1616,10,619),(1617,14,619),(1618,15,619),(1619,15,619),(1620,19,607),(1621,75,607),(1622,74,607),(1623,77,607),(1624,41,608),(1625,46,608),(1626,45,606),(1627,80,606),(1628,80,606),(1629,80,606),(1630,80,606),(1631,80,606),(1633,81,565),(1634,18,565),(1635,16,565),(1636,11,565),(1637,88,585),(1638,88,585),(1639,88,585),(1640,88,585),(1641,88,585),(1642,41,571),(1643,19,571),(1644,54,611),(1645,6,611),(1646,53,609),(1647,83,609),(1648,83,609),(1649,83,609),(1650,19,601),(1651,57,601),(1652,45,620),(1653,80,620),(1654,80,620),(1655,80,620),(1656,80,620),(1657,80,620),(1658,1,583),(1659,5,583),(1660,45,598),(1661,19,598),(1662,78,597),(1663,78,597),(1664,78,597),(1665,78,597),(1666,78,597),(1667,78,597),(1668,77,597),(1669,80,564),(1670,80,564),(1671,80,564),(1672,80,564),(1673,72,564),(1674,57,564),(1675,40,567),(1676,92,567),(1677,57,567),(1678,83,574),(1679,83,574),(1680,83,574),(1681,53,574),(1685,14,558),(1686,28,558),(1687,36,558),(1688,36,558),(1690,80,559),(1691,80,559),(1692,80,559),(1693,80,559),(1694,80,559),(1695,80,559),(1696,72,559),(1700,83,629),(1701,83,629),(1702,83,629),(1703,35,629),(1704,35,629),(1705,33,630),(1706,32,630),(1707,34,630),(1708,5,628),(1709,85,628),(1710,83,628),(1711,58,627),(1712,62,627),(1713,46,627),(1714,1,632),(1715,5,632),(1716,54,631),(1717,53,631),(1726,80,554),(1727,80,554),(1728,58,554),(1729,19,554),(1731,19,634),(1732,45,634),(1733,19,639),(1734,46,639),(1735,8,648),(1736,10,648),(1737,27,648),(1738,2,635),(1739,81,635),(1740,15,635),(1741,15,635),(1742,90,643),(1743,85,643),(1744,6,643),(1745,19,640),(1746,40,640),(1747,80,640),(1748,5,642),(1749,54,642),(1750,2,645),(1751,9,645),(1752,89,645),(1753,53,636),(1754,84,636),(1755,83,636),(1756,83,636),(1757,84,644),(1758,84,644),(1759,16,644),(1760,1,644),(1761,19,638),(1762,78,638),(1763,79,638),(1764,79,638),(1765,43,647),(1766,91,647),(1767,78,647),(1768,19,633),(1769,92,633),(1770,93,646),(1771,93,646),(1772,57,646),(1773,86,641),(1774,83,641),(1775,17,641),(1776,7,641),(1777,10,649),(1778,28,649),(1779,81,649),(1780,35,649),(1781,45,637),(1782,59,637),(1783,58,637),(1784,4,760),(1785,4,760),(1786,88,760),(1787,88,760),(1788,88,760),(1789,19,758),(1790,46,758),(1791,86,759),(1792,86,759),(1793,1,759),(1794,32,756),(1795,54,756),(1796,5,757),(1797,30,757),(1798,35,757),(1799,21,557),(1800,91,557),(1801,45,234),(1802,23,234),(1803,75,234),(1804,10,552),(1805,85,552),(1806,1,552),(1807,94,556),(1808,58,556),(1809,72,556),(1814,5,553),(1815,6,553),(1816,1,561),(1817,16,561),(1818,84,561),(1819,84,561),(1826,23,769),(1827,57,769),(1828,48,769),(1829,110,763),(1830,107,763),(1831,104,763),(1832,104,763),(1833,53,767),(1834,8,767),(1835,95,768),(1836,114,768),(1837,113,770),(1838,95,770),(1839,45,771),(1840,46,771),(1841,74,771),(1842,99,772),(1843,99,772),(1844,19,766),(1845,46,766),(1846,26,764),(1847,24,764),(1848,23,764),(1849,72,764),(1850,21,761),(1851,45,761),(1852,23,762),(1853,26,762),(1854,26,762),(1855,26,762),(1856,22,765),(1857,26,765),(1858,57,765),(1859,46,776),(1860,19,776),(1861,80,777),(1862,80,777),(1863,80,777),(1864,72,777),(1865,91,777),(1866,91,789),(1867,58,789),(1868,57,789),(1869,84,778),(1870,82,778),(1871,88,778),(1872,90,778),(1873,9,778),(1874,80,781),(1875,80,781),(1876,80,781),(1877,72,781),(1878,91,781),(1879,88,773),(1880,15,773),(1881,16,773),(1882,9,773),(1883,79,774),(1884,79,774),(1885,79,774),(1886,79,774),(1887,79,774),(1888,79,774),(1889,72,774),(1890,44,779),(1891,44,779),(1892,44,779),(1893,80,783),(1894,73,783),(1895,72,783),(1896,91,783),(1897,89,790),(1898,90,790),(1899,87,790),(1900,85,790),(1901,36,785),(1902,36,785),(1903,36,785),(1904,32,785),(1906,15,818),(1907,15,818),(1908,53,818),(1909,6,800),(1910,54,800),(1911,5,810),(1912,27,810),(1915,54,795),(1916,6,795),(1917,84,795),(1918,94,816),(1919,80,816),(1920,21,816),(1921,80,798),(1922,46,798),(1923,45,798),(1924,79,792),(1925,79,792),(1926,79,792),(1927,79,792),(1928,79,792),(1929,78,792),(1930,72,792),(1931,84,809),(1932,84,809),(1933,84,809),(1934,84,809),(1935,84,809),(1936,8,809),(1937,6,794),(1938,54,794),(1939,84,817),(1940,15,817),(1941,35,817),(1942,49,817),(1943,40,805),(1944,46,805),(1945,45,805),(1946,46,793),(1947,45,793),(1948,84,821),(1949,84,821),(1950,84,821),(1951,36,821),(1952,10,821),(1953,21,813),(1954,43,813),(1955,86,796),(1956,86,796),(1957,53,796),(1958,84,791),(1959,84,791),(1960,84,791),(1961,35,791),(1962,27,791),(1967,5,823),(1968,1,823),(1969,27,802),(1970,53,802),(1971,45,801),(1972,19,801),(1973,84,799),(1974,84,799),(1975,84,799),(1976,84,799),(1977,6,799),(1978,45,803),(1979,19,803),(1980,40,812),(1981,44,812),(1982,21,812),(1983,1,811),(1984,54,811),(1985,83,819),(1986,83,819),(1987,54,819),(1988,81,819),(1989,46,815),(1990,45,815),(1991,43,814),(1992,59,814),(1993,57,814),(1994,1,806),(1995,53,806),(1996,28,804),(1997,90,804),(1998,32,804),(1999,85,797),(2000,49,797),(2001,9,797),(2002,84,820),(2003,84,820),(2004,83,820),(2005,83,820),(2006,1,820),(2007,84,822),(2008,84,822),(2009,84,822),(2010,84,822),(2011,84,822),(2012,84,822),(2013,84,822),(2014,84,822),(2015,1,807),(2016,81,807),(2017,10,807),(2018,7,824),(2019,54,824),(2020,80,808),(2021,80,808),(2022,80,808),(2023,80,808),(2024,71,808),(2025,94,808),(2026,80,786),(2027,80,786),(2028,45,786),(2029,57,786),(2030,84,782),(2031,84,782),(2032,84,782),(2033,29,782),(2034,7,782),(2035,15,788),(2036,15,788),(2037,52,788),(2038,9,788),(2039,15,784),(2040,15,784),(2041,53,784),(2044,88,780),(2045,86,780),(2046,36,780),(2047,32,780),(2056,20,844),(2057,46,844),(2058,6,845),(2059,54,845),(2060,84,851),(2061,84,851),(2062,84,851),(2063,36,851),(2064,15,851),(2065,15,851),(2066,53,852),(2067,8,852),(2068,35,860),(2069,35,860),(2070,13,860),(2071,18,860),(2072,19,854),(2073,92,854),(2074,19,861),(2075,41,861),(2076,5,870),(2077,55,870),(2078,45,858),(2079,20,858),(2080,35,853),(2081,35,853),(2082,35,853),(2083,83,853),(2084,83,853),(2085,9,864),(2086,36,864),(2087,36,864),(2088,36,864),(2089,36,865),(2090,36,865),(2091,53,865),(2092,53,859),(2093,84,859),(2094,84,859),(2095,84,859),(2096,1,856),(2097,5,856),(2098,32,868),(2099,81,868),(2100,83,868),(2101,27,868),(2102,41,855),(2103,19,855),(2104,59,869),(2105,76,869),(2106,75,869),(2107,77,869),(2108,74,869),(2109,53,866),(2110,54,866),(2111,1,857),(2112,54,857),(2113,84,867),(2114,36,867),(2115,36,867),(2116,36,867),(2117,36,867),(2118,36,862),(2119,52,862),(2120,52,862),(2121,15,862),(2122,15,862),(2123,80,863),(2124,80,863),(2125,80,863),(2126,72,863),(2127,46,863),(2128,45,848),(2129,19,848),(2130,57,839),(2131,45,839),(2132,37,839),(2133,75,832),(2134,74,832),(2135,72,832),(2136,58,832),(2137,61,832),(2138,79,840),(2139,76,840),(2140,72,840),(2141,43,840),(2142,73,831),(2143,45,831),(2144,58,831),(2145,36,837),(2146,36,837),(2147,34,837),(2148,88,838),(2149,88,838),(2150,53,838),(2151,16,830),(2152,84,830),(2153,84,830),(2154,1,830),(2156,45,877),(2157,19,877),(2158,45,878),(2159,77,878),(2160,42,878),(2161,45,879),(2162,19,879),(2163,1,880),(2164,53,880),(2216,45,903),(2217,21,903),(2218,53,908),(2219,83,908),(2220,83,908),(2221,83,908),(2222,87,919),(2223,88,919),(2224,36,919),(2225,36,919),(2226,84,919),(2227,40,915),(2228,19,915),(2229,40,915),(2230,1,913),(2231,5,913),(2232,54,923),(2233,84,923),(2234,84,923),(2235,18,923),(2237,54,906),(2238,53,906),(2239,32,914),(2240,54,914),(2241,84,914),(2242,84,914),(2243,58,928),(2244,48,928),(2245,48,928),(2246,57,921),(2247,91,921),(2248,44,921),(2249,79,910),(2250,44,910),(2251,20,910),(2252,84,905),(2253,84,905),(2254,84,905),(2255,84,905),(2256,5,905),(2257,40,907),(2258,79,907),(2259,79,907),(2260,79,907),(2261,79,907),(2262,80,907),(2263,80,907),(2264,19,912),(2265,46,912),(2266,45,911),(2267,19,911),(2268,5,909),(2269,1,909),(2270,54,924),(2271,6,924),(2272,19,922),(2273,45,922),(2274,20,904),(2275,91,904),(2276,71,917),(2277,71,917),(2278,80,917),(2279,80,917),(2280,71,917),(2281,80,917),(2282,71,917),(2283,53,916),(2284,83,916),(2285,83,916),(2286,83,916),(2291,69,927),(2292,44,927),(2293,44,927),(2294,88,926),(2295,88,926),(2296,88,926),(2297,5,926),(2298,8,920),(2299,8,920),(2300,8,920),(2301,19,925),(2302,74,925),(2303,72,925),(2304,11,918),(2305,32,918),(2306,16,918),(2317,54,933),(2318,5,933),(2319,15,935),(2320,36,935),(2321,9,935),(2322,29,935),(2323,53,937),(2324,8,937),(2325,20,936),(2326,45,936),(2327,45,934),(2328,57,934),(2329,80,934),(2330,80,934),(2331,5,957),(2332,10,957),(2333,1,958),(2334,90,958),(2335,85,958),(2336,19,949),(2337,45,949),(2338,54,950),(2339,1,950),(2340,92,953),(2341,74,953),(2342,43,953),(2343,27,943),(2344,53,943),(2345,84,954),(2346,84,954),(2347,84,954),(2348,53,954),(2349,45,944),(2350,19,944),(2351,52,946),(2352,36,946),(2353,36,946),(2354,29,946),(2355,45,960),(2356,43,960),(2357,74,960),(2358,88,945),(2359,88,945),(2360,36,945),(2361,36,945),(2362,36,945),(2363,57,939),(2364,19,939),(2365,84,956),(2366,84,956),(2367,36,956),(2368,36,956),(2369,36,956),(2370,84,941),(2371,10,941),(2372,11,941),(2373,9,941),(2374,84,940),(2375,84,940),(2376,36,940),(2377,36,940),(2378,36,940),(2379,74,947),(2380,73,947),(2381,72,947),(2382,41,947),(2383,64,955),(2384,75,955),(2385,20,955),(2386,23,948),(2387,57,948),(2388,59,948),(2389,80,942),(2390,91,942),(2391,45,942),(2392,73,951),(2393,57,951),(2394,22,951),(2395,15,959),(2396,15,959),(2397,53,959),(2398,22,952),(2399,59,952),(2400,57,952),(2401,64,978),(2402,64,978),(2403,64,978),(2404,40,978),(2405,54,969),(2406,5,969),(2407,18,971),(2408,85,971),(2409,34,971),(2410,6,972),(2411,54,972),(2412,84,963),(2413,84,963),(2414,83,963),(2415,83,963),(2416,83,963),(2417,16,963),(2418,91,976),(2419,41,976),(2420,36,982),(2421,36,982),(2422,84,982),(2423,84,982),(2424,90,982),(2425,72,961),(2426,74,961),(2427,80,961),(2428,80,961),(2429,80,961),(2430,80,961),(2431,88,965),(2432,88,965),(2433,88,965),(2434,88,965),(2435,86,965),(2436,86,965),(2437,45,968),(2438,19,968),(2439,5,981),(2440,83,981),(2441,83,981),(2442,83,981),(2443,57,984),(2444,45,984),(2445,40,984),(2446,45,967),(2447,19,967),(2448,21,983),(2449,40,983),(2450,40,983),(2451,5,970),(2452,55,970),(2453,45,962),(2454,19,962),(2455,54,975),(2456,1,975),(2457,53,974),(2458,83,974),(2459,83,974),(2460,83,974),(2461,6,977),(2462,53,977),(2463,21,964),(2464,43,964),(2465,45,966),(2466,57,966),(2467,58,966),(2468,45,979),(2469,91,979),(2470,73,979),(2471,84,973),(2472,36,973),(2473,36,973),(2474,36,973),(2475,36,973),(2476,21,980),(2477,78,980),(2478,78,980),(2479,78,980),(2481,54,987),(2482,5,987),(2485,52,985),(2486,52,985),(2487,36,985),(2488,36,985),(2489,45,986),(2490,21,986),(2491,55,990),(2492,5,990),(2493,36,991),(2494,36,991),(2495,84,991),(2496,84,991),(2497,29,991),(2498,81,992),(2499,16,992),(2500,15,992),(2501,15,992),(2502,84,988),(2503,36,988),(2504,86,988),(2505,81,988),(2506,29,988),(2507,45,989),(2508,19,989),(2509,54,1021),(2510,6,1021),(2515,42,1018),(2516,64,1018),(2517,64,1018),(2518,84,1017),(2519,36,1017),(2520,36,1017),(2521,36,1017),(2522,36,1017),(2523,31,1019),(2524,10,1019),(2525,9,1019),(2526,45,1020),(2527,21,1020),(2528,20,1022),(2529,91,1022),(2530,45,1024),(2531,19,1024),(2532,45,1030),(2533,21,1030),(2534,36,1028),(2535,36,1028),(2536,36,1028),(2537,36,1028),(2538,84,1028),(2539,21,1023),(2540,45,1023),(2541,15,1029),(2542,15,1029),(2543,36,1029),(2544,36,1029),(2545,84,1029),(2546,19,1026),(2547,45,1026),(2548,19,1025),(2549,23,1025),(2550,1,1027),(2551,5,1027),(2552,114,1090),(2553,96,1090),(2554,96,1090),(2555,98,1091),(2556,104,1091),(2557,104,1091),(2558,104,1091),(2559,104,1091),(2560,104,1091),(2561,57,1092),(2562,22,1092),(2563,26,1092),(2564,48,1089),(2565,48,1089),(2566,58,1089),(2567,57,1084),(2568,74,1084),(2569,80,1084),(2570,80,1084),(2571,80,1084),(2572,80,1084),(2573,42,1093),(2574,72,1093),(2575,80,1093),(2576,80,1093),(2577,80,1093),(2578,113,1094),(2579,95,1094),(2580,19,1083),(2581,23,1083),(2582,113,1086),(2583,105,1086),(2584,105,1086),(2585,105,1086),(2586,105,1086),(2587,18,1088),(2588,84,1088),(2589,84,1088),(2590,84,1088),(2591,84,1088),(2592,84,1088),(2593,84,1088),(2594,94,1087),(2595,80,1087),(2596,80,1087),(2597,80,1087),(2598,72,1087),(2599,80,1087),(2600,40,1085),(2601,92,1085),(2602,57,1085),(2607,52,1075),(2608,52,1075),(2609,52,1075),(2610,52,1075),(2611,72,1074),(2612,73,1074),(2613,74,1074),(2614,75,1074),(2615,57,1074),(2616,19,1077),(2617,46,1077),(2618,57,1072),(2619,74,1072),(2620,80,1072),(2621,80,1072),(2622,80,1072),(2623,80,1072),(2624,19,1081),(2625,46,1081),(2626,42,1073),(2627,72,1073),(2628,80,1073),(2629,80,1073),(2630,80,1073),(2631,19,1071),(2632,23,1071),(2633,113,1082),(2634,95,1082),(2635,42,1078),(2636,98,1078),(2637,103,1078),(2638,48,1080),(2639,48,1080),(2640,48,1080),(2641,48,1080),(2642,98,1079),(2643,104,1079),(2644,104,1079),(2645,104,1079),(2646,104,1079),(2647,104,1079),(2655,18,1076),(2656,84,1076),(2657,84,1076),(2658,84,1076),(2659,84,1076),(2660,84,1076),(2661,84,1076),(2668,54,380),(2669,6,380),(2709,32,1115),(2710,27,1115),(2711,81,1115),(2712,5,1122),(2713,1,1122),(2714,6,1119),(2715,54,1119),(2716,88,1118),(2717,88,1118),(2718,88,1118),(2719,88,1118),(2720,88,1118),(2721,6,1117),(2722,55,1117),(2723,84,1112),(2724,84,1112),(2725,15,1112),(2726,27,1112),(2727,89,1112),(2728,32,1116),(2729,2,1116),(2730,1,1116),(2731,39,1111),(2732,45,1111),(2733,57,1111),(2734,43,1121),(2735,80,1121),(2736,80,1121),(2737,80,1121),(2738,72,1121),(2739,21,1120),(2740,74,1120),(2741,75,1120),(2742,73,1120),(2743,39,1113),(2744,46,1113),(2745,45,1113),(2746,43,1123),(2747,20,1123),(2748,53,1114),(2749,6,1114),(2750,79,1130),(2751,79,1130),(2752,75,1130),(2753,73,1130),(2754,46,1130),(2755,84,1139),(2756,36,1139),(2757,36,1139),(2758,36,1139),(2759,36,1139),(2760,23,1138),(2761,19,1138),(2762,45,1125),(2763,19,1125),(2764,5,1128),(2765,54,1128),(2766,54,1135),(2767,6,1135),(2768,52,1133),(2769,52,1133),(2770,36,1133),(2771,36,1133),(2772,71,1132),(2773,40,1132),(2774,40,1132),(2775,40,1132),(2776,40,1132),(2777,91,1129),(2778,21,1129),(2779,19,1131),(2780,21,1131),(2788,7,1032),(2789,34,1032),(2790,35,1032),(2791,89,1151),(2792,18,1151),(2793,54,1151),(2794,32,1148),(2795,89,1148),(2796,9,1148),(2797,16,1146),(2798,53,1146),(2799,39,1144),(2800,57,1144),(2801,45,1144),(2802,79,1141),(2803,79,1141),(2804,58,1141),(2805,19,1141),(2806,16,1140),(2807,27,1140),(2808,9,1140),(2809,31,1143),(2810,14,1143),(2811,2,1143),(2812,3,1142),(2813,15,1142),(2814,9,1142),(2815,15,1142),(2816,71,1150),(2817,71,1150),(2818,46,1150),(2819,45,1145),(2820,57,1145),(2821,40,1145),(2822,73,1149),(2823,57,1149),(2824,45,1149),(2825,41,1147),(2826,45,1147),(2841,72,1167),(2842,79,1167),(2843,79,1167),(2844,79,1167),(2845,79,1167),(2846,79,1167),(2847,79,1167),(2855,35,1178),(2856,35,1178),(2857,35,1178),(2858,35,1178),(2859,36,1175),(2860,36,1175),(2861,29,1175),(2862,15,1175),(2863,53,1176),(2864,17,1176),(2865,84,1176),(2866,23,1166),(2867,78,1166),(2868,78,1166),(2869,78,1166),(2870,78,1166),(2871,54,1172),(2872,84,1172),(2873,84,1172),(2874,84,1172),(2875,84,1172),(2876,84,1170),(2877,36,1170),(2878,36,1170),(2879,36,1170),(2880,36,1170),(2881,46,1171),(2882,45,1171),(2883,39,1179),(2884,60,1179),(2885,57,1179),(2886,72,1173),(2887,79,1173),(2888,79,1173),(2889,79,1173),(2890,80,1173),(2891,80,1173),(2892,75,1173),(2893,45,1168),(2894,79,1168),(2895,79,1168),(2896,79,1168),(2897,75,1168),(2898,6,1169),(2899,54,1169),(2900,56,1177),(2901,8,1177),(2902,83,1177),(2903,83,1177),(2904,83,1177),(2905,36,1174),(2906,36,1174),(2907,52,1174),(2908,52,1174),(2909,54,1187),(2910,1,1187),(2911,46,1203),(2912,19,1203),(2913,32,1202),(2914,36,1202),(2915,84,1202),(2916,84,1202),(2917,84,1202),(2918,45,1192),(2919,80,1192),(2920,80,1192),(2921,80,1192),(2922,80,1192),(2923,80,1192),(2924,72,1186),(2925,73,1186),(2926,78,1186),(2927,80,1186),(2928,80,1186),(2929,80,1186),(2930,80,1186),(2931,19,1185),(2932,45,1185),(2934,36,1201),(2935,36,1201),(2936,9,1201),(2937,52,1201),(2938,19,1193),(2939,44,1193),(2940,54,1196),(2941,9,1196),(2942,88,1196),(2943,5,1181),(2944,54,1181),(2945,19,1184),(2946,45,1184),(2947,5,1182),(2948,1,1182),(2949,45,1195),(2950,91,1195),(2951,80,1195),(2952,1,1190),(2953,5,1190),(2954,19,1183),(2955,45,1183),(2956,53,1198),(2957,88,1198),(2958,88,1198),(2959,53,1199),(2960,83,1199),(2961,83,1199),(2962,83,1199),(2963,53,1200),(2964,88,1200),(2965,88,1200),(2966,11,1180),(2967,27,1180),(2968,9,1180),(2969,9,1188),(2970,14,1188),(2971,15,1188),(2972,15,1188),(2973,71,1197),(2974,71,1197),(2975,71,1197),(2976,40,1197),(2977,11,1194),(2978,9,1194),(2979,2,1194),(2980,5,1189),(2981,1,1189),(2987,41,1191),(2988,46,1191),(2990,83,1214),(2991,83,1214),(2992,83,1214),(2993,5,1214),(2994,53,1215),(2995,84,1215),(2996,84,1215),(2997,84,1215),(2998,53,1207),(2999,90,1207),(3005,41,1219),(3006,57,1219),(3007,80,1219),(3008,80,1219),(3009,20,1223),(3010,46,1223),(3011,36,1221),(3012,36,1221),(3013,36,1221),(3014,36,1221),(3015,84,1221),(3016,19,1222),(3017,40,1222),(3018,67,1222),(3019,53,1220),(3020,9,1220),(3021,36,1220),(3022,45,1208),(3023,20,1208),(3024,52,1242),(3025,36,1242),(3026,36,1242),(3027,36,1242),(3028,84,1231),(3029,84,1231),(3030,84,1231),(3031,53,1231),(3032,84,1241),(3033,84,1241),(3034,83,1241),(3035,53,1241),(3036,45,1227),(3037,19,1227),(3038,54,1237),(3039,53,1237),(3040,84,1244),(3041,84,1244),(3042,84,1244),(3043,53,1244),(3044,1,1234),(3045,5,1234),(3046,84,1235),(3047,84,1235),(3048,84,1235),(3049,53,1235),(3050,46,1257),(3051,19,1257),(3052,36,1264),(3053,36,1264),(3054,5,1264),(3055,72,1262),(3056,77,1262),(3057,79,1262),(3058,79,1262),(3059,79,1262),(3060,79,1262),(3061,79,1262),(3062,5,1250),(3063,54,1250),(3064,19,1246),(3065,46,1246),(3069,20,1266),(3070,41,1266),(3071,8,1261),(3072,84,1261),(3073,54,1261),(3074,81,1254),(3075,36,1254),(3076,36,1254),(3077,29,1254),(3078,54,1249),(3079,35,1249),(3080,35,1249),(3081,75,1269),(3082,72,1269),(3083,80,1269),(3084,80,1269),(3085,80,1269),(3086,80,1269),(3087,80,1269),(3088,45,1260),(3089,80,1260),(3090,80,1260),(3091,80,1260),(3092,80,1260),(3093,80,1260),(3094,19,1251),(3095,57,1251),(3096,19,1270),(3097,45,1270),(3098,50,1267),(3099,36,1267),(3100,36,1267),(3101,36,1267),(3102,28,1253),(3103,12,1253),(3104,9,1253),(3105,19,1252),(3106,45,1252),(3107,29,1256),(3108,11,1256),(3109,36,1256),(3110,45,1265),(3111,21,1265),(3112,4,1247),(3113,4,1247),(3114,36,1247),(3115,36,1247),(3116,40,1255),(3117,69,1255),(3118,43,1255),(3119,5,1258),(3120,54,1258),(3121,22,1248),(3122,44,1248),(3123,40,1248),(3124,84,1268),(3125,84,1268),(3126,32,1268),(3127,9,1268),(3128,94,1259),(3129,94,1259),(3130,94,1259),(3131,46,1263),(3132,45,1263),(3133,1,1273),(3134,53,1273),(3135,9,1276),(3136,88,1276),(3137,15,1276),(3138,16,1276),(3139,10,1272),(3140,49,1272),(3141,1,1272),(3142,45,1271),(3143,72,1271),(3144,80,1271),(3145,80,1271),(3146,80,1271),(3147,23,1274),(3148,21,1274),(3149,80,1274),(3150,80,1274),(3151,23,1275),(3152,73,1275),(3153,74,1275),(3154,47,1275),(3155,36,1300),(3156,36,1300),(3157,18,1300),(3158,90,1300),(3159,45,1292),(3160,20,1292),(3161,19,1294),(3162,45,1294),(3164,90,1298),(3165,28,1298),(3166,6,1298),(3167,44,1299),(3168,44,1299),(3169,44,1299),(3170,5,1296),(3171,1,1296),(3172,19,1297),(3173,45,1297),(3174,84,1289),(3175,84,1289),(3176,84,1289),(3177,7,1289),(3178,18,1289),(3179,8,1293),(3180,16,1293),(3181,1,1293),(3182,19,1295),(3183,74,1295),(3184,77,1295),(3185,78,1295),(3186,54,1290),(3187,49,1290),(3188,83,1291),(3189,83,1291),(3190,83,1291),(3191,53,1291),(3192,54,1304),(3193,5,1304),(3194,53,1307),(3195,10,1307),(3196,57,1301),(3197,19,1301),(3198,5,1309),(3199,53,1309),(3200,1,1311),(3201,5,1311),(3202,5,1308),(3203,55,1308),(3204,5,1316),(3205,1,1316),(3206,84,1306),(3207,84,1306),(3208,84,1306),(3209,53,1306),(3210,5,1317),(3211,32,1317),(3212,55,1321),(3213,8,1321),(3214,40,1310),(3215,80,1310),(3216,80,1310),(3217,19,1310),(3218,1,1323),(3219,53,1323),(3220,44,1302),(3221,44,1302),(3222,57,1302),(3223,45,1328),(3224,19,1328),(3225,36,1305),(3226,36,1305),(3227,36,1305),(3228,36,1305),(3229,84,1305),(3230,53,1303),(3231,16,1303),(3232,84,1312),(3233,84,1312),(3234,83,1312),(3235,29,1312),(3236,27,1312),(3237,75,1313),(3238,57,1313),(3239,43,1313),(3240,57,1320),(3241,80,1320),(3242,80,1320),(3243,80,1320),(3244,80,1320),(3245,72,1320),(3246,54,1325),(3247,84,1325),(3248,84,1325),(3249,84,1325),(3250,84,1325),(3251,53,1330),(3252,83,1330),(3253,83,1330),(3254,83,1330),(3255,36,1331),(3256,52,1331),(3257,29,1331),(3258,36,1331),(3259,6,1329),(3260,83,1329),(3261,83,1329),(3262,83,1329),(3263,83,1329),(3264,8,1332),(3265,5,1332),(3266,54,1333),(3267,6,1333),(3268,88,1334),(3269,88,1334),(3270,36,1334),(3271,84,1334),(3272,84,1334),(3273,84,1334),(3274,84,1334),(3275,83,1335),(3276,83,1335),(3277,83,1335),(3278,5,1335),(3279,20,1336),(3280,19,1336),(3281,41,1337),(3282,43,1337),(3283,90,1338),(3284,88,1338),(3285,53,1338),(3286,4,1339),(3287,4,1339),(3288,4,1339),(3289,81,1339),(3290,44,1340),(3291,44,1340),(3292,57,1340),(3293,54,1341),(3294,6,1341),(3295,19,1342),(3296,79,1342),(3297,79,1342),(3298,72,1342),(3299,9,1343),(3300,11,1343),(3301,36,1343),(3302,84,1343),(3303,49,1344),(3304,16,1344),(3305,9,1344),(3308,91,1345),(3309,41,1345),(3310,88,1346),(3311,88,1346),(3312,88,1346),(3313,88,1346),(3314,88,1346),(3315,44,775),(3316,19,775),(3328,45,1383),(3329,21,1383),(3330,45,1432),(3331,21,1432),(3332,23,1433),(3333,57,1433),(3334,45,1433),(3335,12,1434),(3336,10,1434),(3337,16,1434),(3338,57,1435),(3339,40,1435),(3340,21,1435),(3341,45,1436),(3342,26,1436),(3343,26,1436),(3344,26,1436),(3346,42,1437),(3347,105,1437),(3348,105,1437),(3349,105,1437),(3350,105,1437),(3351,42,1438),(3352,104,1438),(3353,104,1438),(3354,101,1438),(3355,22,1439),(3356,72,1439),(3357,80,1439),(3358,80,1439),(3359,80,1439),(3360,5,1440),(3361,83,1440),(3362,83,1440),(3363,83,1440),(3364,67,1441),(3365,67,1441),(3366,21,1441),(3367,88,1442),(3368,88,1442),(3369,88,1442),(3370,88,1442),(3371,88,1442),(3372,56,1443),(3373,52,1443),(3374,52,1443),(3375,52,1443),(3376,36,1547),(3377,36,1547),(3378,36,1547),(3379,36,1547),(3382,80,1789),(3383,80,1789),(3384,80,1789),(3385,80,1789),(3386,80,1789),(3387,46,1789),(3388,42,1790),(3389,45,1790),(3390,55,1798),(3391,54,1798),(3392,40,1799),(3393,40,1799),(3394,39,1799),(3395,44,1799),(3396,36,1792),(3397,36,1792),(3398,36,1792),(3399,52,1792),(3400,36,1797),(3401,84,1797),(3402,84,1797),(3403,4,1797),(3404,4,1797),(3408,44,1800),(3409,42,1800),(3410,72,1800),(3411,21,1796),(3412,46,1796),(3413,19,1791),(3414,46,1791),(3415,90,1793),(3416,14,1793),(3417,36,1793),(3418,36,1793),(3419,59,1794),(3420,57,1794),(3421,74,1794),(3422,75,1794),(3423,84,1795),(3424,35,1795),(3425,36,1795),(3426,16,1795),(3428,32,1846),(3429,27,1846),(3430,16,1846),(3431,91,1847),(3432,19,1847),(3433,6,1848),(3434,54,1848),(3435,84,1849),(3436,84,1849),(3437,54,1849),(3438,32,1849),(3439,80,1850),(3440,92,1850),(3441,45,1850),(3442,31,1872),(3443,16,1872),(3444,88,1872),(3445,88,1872),(3446,88,1851),(3447,88,1851),(3448,84,1851),(3449,5,1851),(3450,40,1852),(3451,40,1852),(3452,21,1852),(3453,58,1877),(3454,77,1877),(3455,39,1877),(3456,65,1877),(3457,78,1877),(3458,15,1880),(3459,15,1880),(3460,15,1880),(3461,84,1880),(3462,84,1880),(3463,84,1880),(3464,45,1853),(3465,41,1853),(3466,53,1874),(3467,1,1874),(3468,57,1875),(3469,64,1875),(3470,64,1875),(3471,64,1875),(3472,9,1876),(3473,1,1876),(3474,81,1876),(3475,19,1878),(3476,44,1878),(3477,36,1879),(3478,36,1879),(3479,36,1879),(3480,36,1879),(3481,84,1879),(3482,53,1873),(3483,84,1873),(3484,84,1873),(3485,84,1873),(3486,40,1855),(3487,38,1855),(3488,69,1855),(3489,31,1892),(3490,53,1892),(3491,65,1884),(3492,92,1884),(3493,91,1884),(3494,10,1883),(3495,83,1883),(3496,83,1883),(3497,83,1883),(3498,16,1883),(3499,91,1881),(3500,19,1881),(3501,8,1890),(3502,29,1890),(3503,51,1890),(3504,42,1887),(3505,46,1887),(3506,74,1887),(3507,45,1891),(3508,46,1891),(3509,80,1891),(3510,80,1888),(3511,80,1888),(3512,80,1888),(3513,58,1888),(3514,57,1888),(3515,5,1893),(3516,27,1893),(3517,62,1885),(3518,58,1885),(3519,57,1885),(3520,45,1886),(3521,80,1886),(3522,80,1886),(3523,80,1886),(3524,72,1886),(3525,60,1882),(3526,91,1882),(3527,92,1882),(3528,45,1889),(3529,46,1889),(3530,80,1889),(3531,45,1894),(3532,19,1894),(3533,19,1895),(3534,23,1895),(3535,44,1896),(3536,71,1896),(3537,46,1896),(3538,84,1897),(3539,84,1897),(3540,36,1897),(3541,36,1897),(3542,36,1897),(3543,84,1901),(3544,84,1901),(3545,84,1901),(3546,84,1901),(3547,53,1901),(3548,57,1902),(3549,21,1902),(3550,80,1902),(3551,45,1937),(3552,20,1937),(3553,14,1971),(3554,10,1971),(3555,9,1971),(3556,83,1970),(3557,83,1970),(3558,83,1970),(3559,83,1970),(3560,84,1970),(3561,84,1970),(3562,84,1970),(3563,84,1970),(3564,32,1944),(3565,11,1944),(3566,16,1944),(3567,15,1956),(3568,15,1956),(3569,53,1956),(3570,20,1964),(3571,21,1964),(3572,7,1976),(3573,6,1976),(3574,45,1942),(3575,19,1942),(3576,1,1941),(3577,5,1941),(3578,1,1951),(3579,5,1951),(3580,84,1947),(3581,84,1947),(3582,84,1947),(3583,90,1947),(3584,32,1947),(3585,41,1943),(3586,45,1943),(3587,5,1960),(3588,1,1960),(3589,84,1958),(3590,84,1958),(3591,16,1958),(3592,1,1958),(3593,29,1939),(3594,36,1939),(3595,54,1939),(3596,36,1961),(3597,56,1961),(3598,15,1961),(3599,36,1961),(3600,65,1972),(3601,65,1972),(3602,71,1972),(3603,69,1972),(3604,5,1974),(3605,54,1974),(3606,84,1952),(3607,84,1952),(3608,32,1952),(3609,11,1952),(3610,40,1966),(3611,75,1966),(3612,73,1966),(3613,44,1966),(3614,80,1975),(3615,92,1975),(3616,41,1975),(3617,91,1968),(3618,41,1968),(3619,84,1965),(3620,84,1965),(3621,15,1965),(3622,6,1965),(3623,32,1945),(3624,11,1945),(3625,9,1945),(3626,46,1963),(3627,72,1963),(3628,23,1963),(3629,15,1950),(3630,15,1950),(3631,36,1950),(3632,36,1950),(3633,74,1967),(3634,57,1967),(3635,92,1967),(3636,21,1938),(3637,45,1938),(3638,86,1552),(3639,86,1552),(3640,88,1552),(3641,88,1552),(3642,88,1552),(3643,88,1552),(3644,80,1940),(3645,80,1940),(3646,80,1940),(3647,19,1940),(3648,83,1553),(3649,83,1553),(3650,83,1553),(3651,53,1553),(3652,84,1554),(3653,84,1554),(3654,84,1554),(3655,32,1554),(3656,9,1554),(3657,77,1555),(3658,57,1555),(3659,21,1555),(3660,36,1556),(3661,36,1556),(3662,54,1556),(3663,45,1557),(3664,19,1557),(3665,84,1558),(3666,84,1558),(3667,90,1558),(3668,6,1558),(3669,84,1559),(3670,84,1559),(3671,88,1559),(3672,53,1559),(3673,45,1955),(3674,19,1955),(3675,8,1854),(3676,53,1854),(3677,23,2082),(3678,45,2082),(3679,57,2082),(3680,36,2076),(3681,36,2076),(3682,29,2076),(3683,81,2076),(3684,114,2078),(3685,95,2078),(3686,5,2080),(3687,8,2080),(3690,72,2074),(3691,80,2074),(3692,80,2074),(3693,80,2074),(3694,40,2074),(3695,40,2074),(3696,21,2071),(3697,19,2071),(3698,90,2073),(3699,15,2073),(3700,36,2073),(3701,36,2073),(3704,84,2077),(3705,83,2077),(3706,83,2077),(3707,83,2077),(3708,83,2077),(3709,51,2077),(3710,23,2081),(3711,45,2081),(3712,80,2081),(3713,80,2081),(3714,57,2079),(3715,19,2079),(3716,36,2075),(3717,36,2075),(3718,36,2075),(3719,36,2075),(3720,84,2075),(3721,36,2072),(3722,36,2072),(3723,36,2072),(3724,36,2072),(3725,84,2072),(3726,45,2136),(3727,19,2136),(3728,86,1729),(3729,86,1729),(3730,53,1729),(3731,45,1923),(3732,19,1923),(3734,45,1918),(3735,46,1918),(3736,80,1918),(3737,52,1930),(3738,52,1930),(3739,16,1930),(3740,9,1930),(3741,83,1920),(3742,83,1920),(3743,83,1920),(3744,53,1920),(3745,6,1926),(3746,54,1926),(3747,19,1929),(3748,45,1929),(3749,37,1932),(3750,21,1932),(3751,1,1936),(3752,5,1936),(3753,89,1933),(3754,36,1933),(3755,53,1933),(3756,9,1927),(3757,16,1927),(3758,15,1927),(3759,15,1927),(3760,88,1924),(3761,88,1924),(3762,8,1924),(3763,2,1924),(3764,36,1931),(3765,36,1931),(3766,88,1931),(3767,7,1931),(3768,88,1928),(3769,88,1928),(3770,33,1928),(3771,9,1928),(3772,94,1917),(3773,94,1917),(3774,94,1917),(3775,80,1922),(3776,80,1922),(3777,40,1922),(3778,19,1922),(3779,55,1921),(3780,5,1921),(3781,94,1915),(3782,94,1915),(3783,78,1915),(3784,78,1915),(3785,73,1935),(3786,57,1935),(3787,41,1935),(3788,53,1925),(3789,36,1925),(3790,36,1925),(3791,84,1916),(3792,83,1916),(3793,83,1916),(3794,84,1916),(3795,6,1916),(3796,32,1934),(3797,49,1934),(3798,9,1934),(3799,80,1919),(3800,80,1919),(3801,44,1919),(3802,23,1919);
/*!40000 ALTER TABLE `ship` ENABLE KEYS */;
UNLOCK TABLES;

--
-- Table structure for table `ship_pilot`
--

DROP TABLE IF EXISTS `ship_pilot`;
/*!40101 SET @saved_cs_client     = @@character_set_client */;
/*!40101 SET character_set_client = utf8 */;
CREATE TABLE `ship_pilot` (
  `id` int(11) NOT NULL AUTO_INCREMENT,
  `ship_type` enum('ewing','hwk290','yt2400freighter','xwing','tieadvanced','yt1300','bwing','tieinterceptor','lambdaclassshuttle','tiephantom','ywing','vt49decimator','firespray31','tiebomber','tiefighter','z95headhunter','awing','tiedefender','starviper','aggressor','m3ainterceptor') DEFAULT NULL,
  `pilot_id` int(11) DEFAULT NULL,
  PRIMARY KEY (`id`),
  KEY `pilot_id` (`pilot_id`),
  CONSTRAINT `ship_pilot_ibfk_1` FOREIGN KEY (`pilot_id`) REFERENCES `pilot` (`id`)
) ENGINE=InnoDB AUTO_INCREMENT=115 DEFAULT CHARSET=utf8;
/*!40101 SET character_set_client = @saved_cs_client */;

--
-- Dumping data for table `ship_pilot`
--

LOCK TABLES `ship_pilot` WRITE;
/*!40000 ALTER TABLE `ship_pilot` DISABLE KEYS */;
INSERT INTO `ship_pilot` VALUES (1,'ewing',41),(2,'ewing',20),(3,'ewing',58),(4,'ewing',90),(5,'yt2400freighter',88),(6,'yt2400freighter',62),(7,'yt2400freighter',33),(8,'yt2400freighter',69),(9,'xwing',89),(10,'xwing',80),(11,'xwing',79),(12,'xwing',55),(13,'xwing',6),(14,'xwing',46),(15,'xwing',77),(16,'xwing',29),(17,'xwing',43),(18,'xwing',82),(19,'vt49decimator',40),(20,'vt49decimator',68),(21,'vt49decimator',54),(22,'vt49decimator',31),(23,'tieadvanced',64),(24,'tieadvanced',42),(25,'tieadvanced',51),(26,'tieadvanced',94),(27,'hwk290',3),(28,'hwk290',12),(29,'hwk290',13),(30,'hwk290',85),(31,'bwing',72),(32,'bwing',15),(33,'bwing',10),(34,'bwing',84),(35,'bwing',28),(36,'bwing',50),(37,'lambdaclassshuttle',66),(38,'lambdaclassshuttle',39),(39,'lambdaclassshuttle',16),(40,'lambdaclassshuttle',56),(41,'firespray31',24),(42,'firespray31',25),(43,'firespray31',17),(44,'firespray31',32),(45,'tiephantom',67),(46,'tiephantom',18),(47,'tiephantom',52),(48,'tiephantom',47),(49,'ywing',49),(50,'ywing',8),(51,'ywing',92),(52,'ywing',35),(53,'yt1300',21),(54,'yt1300',34),(55,'yt1300',4),(56,'yt1300',71),(57,'tieinterceptor',73),(58,'tieinterceptor',1),(59,'tieinterceptor',93),(60,'tieinterceptor',44),(61,'tieinterceptor',87),(62,'tieinterceptor',57),(63,'tieinterceptor',27),(64,'tieinterceptor',11),(65,'tieinterceptor',9),(66,'tieinterceptor',76),(67,'tieinterceptor',53),(68,'tiebomber',14),(69,'tiebomber',81),(70,'tiebomber',60),(71,'tiebomber',91),(72,'tiefighter',65),(73,'tiefighter',26),(74,'tiefighter',70),(75,'tiefighter',38),(76,'tiefighter',78),(77,'tiefighter',19),(78,'tiefighter',37),(79,'tiefighter',7),(80,'tiefighter',5),(81,'z95headhunter',22),(82,'z95headhunter',23),(83,'z95headhunter',83),(84,'z95headhunter',45),(85,'awing',63),(86,'awing',2),(87,'awing',74),(88,'awing',61),(89,'awing',59),(90,'awing',86),(91,'tiedefender',48),(92,'tiedefender',30),(93,'tiedefender',75),(94,'tiedefender',36),(95,'aggressor',95),(96,'ywing',96),(97,'ywing',97),(98,'ywing',98),(99,'firespray31',99),(100,'firespray31',100),(101,'hwk290',101),(102,'hwk290',102),(103,'hwk290',103),(104,'z95headhunter',104),(105,'z95headhunter',105),(106,'z95headhunter',106),(107,'z95headhunter',107),(108,'starviper',108),(109,'starviper',109),(110,'starviper',110),(111,'starviper',111),(112,'aggressor',112),(113,'aggressor',113),(114,'aggressor',114);
/*!40000 ALTER TABLE `ship_pilot` ENABLE KEYS */;
UNLOCK TABLES;

--
-- Table structure for table `ship_upgrade`
--

DROP TABLE IF EXISTS `ship_upgrade`;
/*!40101 SET @saved_cs_client     = @@character_set_client */;
/*!40101 SET character_set_client = utf8 */;
CREATE TABLE `ship_upgrade` (
  `id` int(11) NOT NULL AUTO_INCREMENT,
  `ship_id` int(11) DEFAULT NULL,
  `upgrade_id` int(11) DEFAULT NULL,
  PRIMARY KEY (`id`),
  KEY `ship2_id` (`ship_id`),
  KEY `upgrade_id` (`upgrade_id`),
  CONSTRAINT `ship_upgrade_ibfk_2` FOREIGN KEY (`upgrade_id`) REFERENCES `upgrade` (`id`)
) ENGINE=InnoDB AUTO_INCREMENT=5942 DEFAULT CHARSET=utf8;
/*!40101 SET character_set_client = @saved_cs_client */;

--
-- Dumping data for table `ship_upgrade`
--

LOCK TABLES `ship_upgrade` WRITE;
/*!40000 ALTER TABLE `ship_upgrade` DISABLE KEYS */;
INSERT INTO `ship_upgrade` VALUES (1,4,106),(2,4,107),(3,4,108),(4,4,109),(5,4,110),(6,8,64),(7,9,42),(8,9,16),(9,9,51),(10,9,63),(11,13,63),(12,13,94),(13,13,58),(14,13,27),(15,13,33),(16,16,12),(17,16,62),(18,17,63),(19,18,19),(20,18,15),(21,18,50),(22,19,19),(23,19,15),(24,19,50),(25,20,42),(26,20,18),(27,20,51),(28,20,63),(29,25,62),(30,31,77),(31,31,94),(32,31,58),(33,31,39),(34,31,33),(35,32,5),(36,32,14),(37,33,53),(38,33,22),(39,34,53),(40,34,22),(41,35,53),(42,35,22),(43,36,24),(44,36,17),(45,36,51),(46,36,63),(47,41,17),(48,42,17),(49,43,17),(50,46,41),(51,47,27),(52,47,16),(53,47,51),(54,47,63),(55,48,73),(56,49,5),(57,49,14),(58,50,53),(59,50,22),(60,51,53),(61,51,22),(62,52,53),(63,52,22),(64,53,63),(65,53,13),(66,53,24),(67,53,96),(68,53,58),(69,54,73),(70,54,94),(71,54,58),(72,54,34),(73,54,33),(74,63,62),(75,64,64),(76,65,15),(77,76,62),(78,81,14),(79,81,28),(80,82,77),(81,82,30),(82,82,24),(83,84,17),(84,85,73),(85,85,94),(86,85,58),(87,85,33),(88,85,34),(89,88,17),(90,89,17),(91,90,17),(92,91,42),(93,91,16),(94,91,51),(95,91,63),(96,92,41),(97,94,54),(98,95,24),(99,95,16),(100,95,51),(101,95,63),(102,96,16),(103,96,51),(104,96,63),(105,97,77),(106,97,94),(107,97,33),(108,97,39),(109,98,104),(110,101,16),(111,101,19),(112,102,92),(113,102,73),(114,102,55),(115,102,56),(116,103,101),(117,103,76),(118,103,58),(119,112,77),(120,112,94),(121,112,39),(122,112,33),(123,113,104),(124,113,46),(125,116,90),(126,116,73),(127,117,3),(128,118,5),(129,118,58),(130,118,63),(131,121,5),(132,122,12),(133,122,16),(134,122,63),(135,122,58),(136,132,14),(137,139,77),(138,139,94),(139,139,39),(140,139,33),(141,144,62),(142,145,62),(143,146,63),(144,146,55),(145,147,62),(146,147,24),(147,147,33),(148,148,73),(149,148,94),(150,148,30),(151,148,28),(152,149,41),(153,150,90),(154,150,63),(155,151,73),(156,151,48),(157,152,41),(158,153,86),(159,154,86),(160,155,86),(161,156,86),(162,159,17),(163,160,17),(164,161,17),(165,162,51),(166,168,19),(167,169,90),(168,169,19),(169,170,16),(170,170,51),(171,170,63),(172,174,63),(173,174,94),(174,174,58),(175,174,33),(176,174,27),(177,175,104),(178,178,17),(179,178,63),(180,178,58),(181,182,63),(182,182,94),(183,182,58),(184,182,33),(185,182,39),(186,183,17),(187,184,17),(188,185,17),(189,186,17),(190,187,16),(191,187,51),(192,187,63),(193,188,73),(194,189,73),(195,192,17),(196,193,17),(197,194,17),(198,195,18),(199,195,51),(200,195,63),(201,196,73),(202,197,63),(203,198,65),(204,198,13),(205,198,24),(206,198,96),(207,198,54),(208,199,77),(209,199,102),(210,199,94),(211,199,55),(212,199,33),(213,199,38),(214,200,2),(215,200,14),(216,201,6),(217,201,14),(218,202,16),(219,204,17),(220,204,73),(221,204,53),(222,204,30),(223,205,63),(224,205,94),(225,205,58),(226,205,39),(227,205,33),(228,206,15),(229,206,41),(230,206,19),(231,207,19),(232,208,42),(233,208,16),(234,208,51),(235,208,63),(236,212,42),(237,212,18),(238,212,51),(239,212,63),(240,213,99),(241,214,99),(242,217,12),(243,217,16),(244,217,73),(245,218,77),(246,219,1),(247,219,77),(248,220,1),(249,220,77),(250,222,62),(251,223,63),(252,224,64),(253,225,92),(254,225,73),(255,225,54),(256,225,55),(257,227,17),(258,227,73),(259,228,73),(260,228,94),(261,228,24),(262,228,30),(263,230,99),(264,230,73),(265,231,17),(266,231,63),(267,232,6),(268,233,92),(269,233,73),(270,233,55),(271,233,54),(272,234,90),(273,234,68),(274,236,73),(275,236,94),(276,236,33),(277,236,28),(278,238,6),(279,241,99),(280,241,76),(281,242,77),(282,242,94),(283,242,27),(284,243,17),(285,243,73),(286,244,12),(287,244,58),(288,244,77),(289,245,93),(290,245,99),(291,245,63),(292,245,76),(293,249,64),(294,250,77),(295,251,12),(296,251,56),(297,252,63),(298,252,14),(299,252,34),(300,253,4),(301,253,63),(302,256,5),(303,257,16),(304,258,93),(305,258,99),(306,258,63),(307,258,55),(308,258,73),(309,264,5),(310,264,58),(311,264,63),(312,265,6),(313,266,99),(314,267,14),(315,268,73),(316,268,58),(317,269,17),(318,270,17),(319,278,88),(320,281,77),(321,282,63),(322,282,94),(323,282,39),(324,285,14),(325,286,93),(326,286,99),(327,286,73),(328,286,76),(329,292,17),(330,293,17),(331,294,17),(332,295,77),(333,296,77),(334,297,77),(335,298,16),(336,298,53),(337,298,27),(338,299,16),(339,299,53),(340,299,27),(341,300,16),(342,300,88),(343,305,1),(344,305,73),(345,306,6),(346,308,3),(347,309,77),(348,310,63),(349,311,77),(350,312,77),(351,313,77),(352,314,63),(353,315,73),(354,322,76),(355,323,19),(356,323,16),(357,323,51),(358,323,63),(359,324,14),(360,324,30),(361,325,14),(362,326,61),(363,326,33),(364,326,24),(365,328,77),(366,329,77),(367,330,77),(368,331,101),(369,331,63),(370,332,73),(371,332,53),(372,332,30),(373,333,16),(374,333,53),(375,333,39),(376,334,93),(377,334,101),(378,334,63),(379,334,46),(380,334,76),(381,335,73),(382,335,94),(383,335,28),(384,335,33),(385,336,63),(386,336,30),(387,336,24),(388,337,54),(389,338,23),(390,338,16),(391,338,51),(392,338,63),(393,339,88),(394,339,63),(395,340,16),(396,341,63),(397,342,92),(398,342,73),(399,342,54),(400,342,55),(401,347,86),(402,347,63),(403,347,58),(404,347,25),(405,348,101),(406,349,14),(407,350,64),(408,351,84),(409,351,81),(410,351,60),(411,355,77),(412,355,94),(413,355,58),(414,355,33),(415,355,38),(416,356,90),(417,357,90),(418,358,55),(419,358,62),(420,361,101),(421,361,63),(422,362,77),(423,363,77),(424,364,77),(425,365,77),(426,366,73),(427,366,48),(428,369,73),(429,369,58),(430,370,16),(431,370,74),(432,371,12),(433,371,16),(434,371,73),(435,372,77),(436,372,33),(437,372,39),(438,375,17),(439,376,17),(440,377,17),(441,382,73),(442,384,93),(443,384,101),(444,384,63),(445,384,73),(446,385,90),(447,386,17),(448,386,90),(449,386,63),(450,388,16),(451,389,16),(452,390,92),(453,390,73),(454,390,54),(455,391,88),(456,391,63),(457,392,23),(458,392,16),(459,392,51),(460,392,63),(461,393,54),(462,394,93),(463,394,99),(464,394,73),(465,394,77),(466,398,17),(467,399,17),(468,400,38),(469,403,77),(470,404,63),(471,404,25),(472,405,25),(473,405,16),(474,405,51),(475,405,63),(476,407,90),(477,411,5),(478,411,58),(479,411,63),(480,412,15),(481,412,53),(482,412,33),(483,413,101),(484,414,12),(485,415,101),(486,415,61),(487,415,46),(488,416,99),(489,417,99),(490,418,99),(491,419,99),(492,420,11),(493,420,82),(494,420,14),(495,420,58),(496,420,63),(497,421,41),(498,423,42),(499,423,51),(500,423,63),(501,424,99),(502,426,63),(503,426,94),(504,426,58),(505,426,33),(506,426,27),(507,428,99),(508,428,73),(509,429,99),(510,429,73),(511,430,12),(512,430,81),(513,430,16),(514,430,63),(515,430,58),(516,431,16),(517,431,27),(518,431,58),(519,432,16),(520,432,27),(521,432,22),(522,432,58),(523,433,16),(524,433,27),(525,433,22),(526,433,58),(527,434,90),(528,434,63),(529,434,25),(530,435,90),(531,435,27),(532,439,73),(533,439,48),(534,440,74),(535,440,48),(536,441,16),(537,441,88),(538,441,23),(539,441,42),(540,441,49),(541,442,12),(542,442,77),(543,442,58),(544,443,73),(545,443,94),(546,443,33),(547,448,62),(548,451,77),(549,451,94),(550,451,58),(551,451,38),(552,451,33),(553,455,77),(554,455,30),(555,455,24),(556,456,63),(557,456,24),(558,462,13),(559,462,36),(560,462,96),(561,463,64),(562,464,16),(563,465,16),(564,472,73),(565,479,77),(566,482,55),(567,483,12),(568,483,16),(569,483,73),(570,483,56),(571,487,77),(572,487,94),(573,487,58),(574,487,33),(575,487,27),(576,489,77),(577,489,94),(578,489,33),(579,489,39),(580,490,104),(581,490,46),(582,496,62),(583,497,62),(584,498,63),(585,498,55),(586,499,73),(587,499,94),(588,499,58),(589,499,33),(590,499,34),(591,500,63),(592,500,13),(593,500,24),(594,500,96),(595,500,58),(596,504,63),(597,504,94),(598,504,58),(599,504,39),(600,504,33),(601,505,12),(602,505,16),(603,505,73),(604,506,63),(605,506,94),(606,506,27),(607,506,33),(608,507,77),(609,507,94),(610,507,55),(611,507,33),(612,513,16),(613,514,16),(614,514,50),(615,515,73),(616,515,48),(617,516,41),(618,518,42),(619,518,16),(620,518,51),(621,518,63),(622,522,77),(623,522,94),(624,522,39),(625,522,33),(626,526,63),(627,526,94),(628,526,58),(629,526,33),(630,526,27),(631,535,41),(632,536,24),(633,536,51),(634,536,63),(635,537,51),(636,537,63),(637,538,5),(638,539,14),(639,540,14),(640,541,81),(641,541,60),(642,541,46),(643,544,77),(644,545,77),(645,549,64),(646,549,55),(647,550,16),(648,550,51),(649,550,63),(650,554,63),(651,554,94),(652,554,58),(653,554,27),(654,554,33),(655,558,42),(656,558,16),(657,558,51),(658,558,63),(659,560,16),(660,561,16),(661,562,101),(662,563,101),(663,564,64),(664,565,14),(665,573,77),(666,573,94),(667,573,58),(668,573,39),(669,573,33),(670,576,104),(671,577,77),(672,577,94),(673,577,33),(674,577,39),(675,578,13),(676,578,36),(677,578,96),(678,579,81),(679,579,81),(680,579,60),(681,579,46),(682,590,41),(683,591,86),(684,592,86),(685,593,86),(686,594,86),(687,596,99),(688,597,99),(689,598,73),(690,598,94),(691,598,33),(692,598,27),(693,599,33),(694,599,27),(695,600,64),(696,600,30),(697,604,63),(698,604,94),(699,604,58),(700,604,39),(701,604,33),(702,605,16),(703,606,16),(704,608,92),(705,608,73),(706,608,54),(707,609,16),(708,609,53),(709,609,30),(710,610,16),(711,611,16),(712,612,16),(713,613,18),(714,613,51),(715,613,63),(716,614,73),(717,615,63),(718,616,99),(719,616,73),(720,617,93),(721,617,99),(722,617,63),(723,617,73),(724,618,63),(725,619,99),(726,620,99),(727,621,99),(728,622,63),(729,622,33),(730,622,27),(731,623,12),(732,623,17),(733,623,73),(734,623,58),(735,624,63),(736,624,94),(737,624,33),(738,628,77),(739,628,94),(740,628,58),(741,628,33),(742,628,39),(743,630,17),(744,631,73),(745,631,94),(746,631,58),(747,631,33),(748,631,34),(749,632,65),(750,632,13),(751,632,24),(752,632,96),(753,632,54),(754,633,77),(755,633,102),(756,633,94),(757,633,55),(758,633,38),(759,633,33),(760,638,42),(761,638,16),(762,638,51),(763,638,63),(764,639,77),(765,639,30),(766,639,24),(767,640,64),(768,643,15),(769,644,15),(770,645,15),(771,646,104),(772,646,46),(773,647,100),(774,647,46),(775,648,99),(776,648,76),(777,649,12),(778,649,16),(779,649,63),(780,649,58),(781,654,62),(782,657,99),(783,658,99),(784,659,99),(785,660,99),(786,661,99),(787,662,99),(788,662,63),(789,663,77),(790,666,48),(791,667,90),(792,667,76),(793,668,16),(794,668,51),(795,668,63),(796,669,61),(797,669,94),(798,669,58),(799,669,33),(800,669,27),(801,670,11),(802,670,82),(803,670,14),(804,670,58),(805,670,63),(806,673,16),(807,673,51),(808,673,63),(809,674,41),(810,676,42),(811,676,16),(812,676,51),(813,676,63),(814,677,63),(815,677,30),(816,677,24),(817,678,73),(818,678,94),(819,678,28),(820,678,33),(821,683,5),(822,683,63),(823,685,90),(824,686,90),(825,687,16),(826,688,16),(827,689,16),(828,690,16),(829,691,77),(830,692,77),(831,693,77),(832,694,77),(833,695,77),(834,696,62),(835,699,17),(836,700,17),(837,701,17),(838,705,77),(839,705,94),(840,705,58),(841,705,33),(842,705,27),(843,706,5),(844,706,14),(845,707,53),(846,707,22),(847,708,53),(848,708,22),(849,709,53),(850,709,22),(851,714,90),(852,714,58),(853,714,63),(854,717,64),(855,718,14),(856,719,6),(857,721,94),(858,721,38),(859,721,33),(860,722,41),(861,723,24),(862,723,16),(863,723,51),(864,723,63),(865,724,73),(866,724,48),(867,725,103),(868,725,100),(869,726,62),(870,726,48),(871,727,65),(872,728,103),(873,731,17),(874,732,17),(875,733,17),(876,739,24),(877,739,16),(878,739,51),(879,739,63),(880,740,27),(881,740,16),(882,740,51),(883,740,63),(884,742,17),(885,742,90),(886,742,42),(887,742,22),(888,742,58),(889,751,77),(890,752,77),(891,753,63),(892,753,48),(893,754,73),(894,754,55),(895,755,16),(896,755,51),(897,755,63),(898,759,77),(899,759,94),(900,759,58),(901,759,27),(902,759,33),(903,760,94),(904,760,27),(905,761,33),(906,761,27),(907,767,64),(908,773,63),(909,774,41),(910,775,90),(911,775,63),(912,776,73),(913,776,48),(914,777,104),(915,780,17),(916,780,63),(917,780,58),(918,783,17),(919,784,17),(920,785,5),(921,785,14),(922,789,90),(923,790,5),(924,790,58),(925,790,63),(926,791,13),(927,791,24),(928,792,13),(929,792,24),(930,793,73),(931,793,94),(932,793,34),(933,793,30),(934,794,63),(935,795,73),(936,798,12),(937,798,56),(938,799,16),(939,799,90),(940,800,16),(941,800,90),(942,800,53),(943,800,30),(944,801,19),(945,801,16),(946,801,51),(947,801,63),(948,802,92),(949,802,73),(950,802,54),(951,802,48),(952,807,27),(953,808,51),(954,808,63),(955,809,2),(956,809,14),(957,809,58),(958,810,2),(959,810,14),(960,810,58),(961,811,11),(962,811,82),(963,811,82),(964,811,14),(965,811,58),(966,811,63),(967,812,42),(968,812,16),(969,812,51),(970,812,63),(971,813,19),(972,814,15),(973,814,19),(974,814,41),(975,819,90),(976,819,24),(977,820,77),(978,821,1),(979,821,77),(980,822,1),(981,822,77),(982,828,90),(983,828,73),(984,829,3),(985,830,5),(986,830,58),(987,830,63),(988,831,99),(989,832,99),(990,833,99),(991,834,12),(992,834,81),(993,834,16),(994,834,63),(995,834,58),(996,839,62),(997,842,63),(998,842,58),(999,842,42),(1000,843,16),(1001,843,51),(1002,843,63),(1003,847,73),(1004,847,48),(1005,848,25),(1006,848,16),(1007,848,51),(1008,848,63),(1009,849,99),(1010,850,94),(1011,850,49),(1012,853,14),(1013,853,28),(1014,854,6),(1015,854,16),(1016,854,63),(1017,855,73),(1018,855,94),(1019,855,58),(1020,855,39),(1021,855,30),(1022,860,77),(1023,860,58),(1024,860,42),(1025,863,73),(1026,863,58),(1027,864,93),(1028,864,99),(1029,864,76),(1030,864,54),(1031,864,77),(1032,865,65),(1033,865,13),(1034,865,30),(1035,865,96),(1036,865,56),(1037,866,77),(1038,866,103),(1039,866,94),(1040,866,56),(1041,866,39),(1042,866,24),(1043,869,14),(1044,870,104),(1045,870,63),(1046,871,64),(1047,872,64),(1048,879,12),(1049,879,16),(1050,879,73),(1051,879,58),(1052,880,93),(1053,880,99),(1054,880,73),(1055,880,63),(1056,882,103),(1057,882,42),(1058,883,51),(1059,883,63),(1060,888,62),(1061,891,22),(1062,892,22),(1063,893,97),(1064,894,5),(1065,894,58),(1066,894,63),(1067,895,77),(1068,895,94),(1069,895,58),(1070,895,33),(1071,895,39),(1072,896,41),(1073,896,19),(1074,897,73),(1075,898,73),(1076,899,73),(1077,900,7),(1078,900,14),(1079,901,13),(1080,902,88),(1081,903,16),(1082,903,53),(1083,903,30),(1084,904,102),(1085,905,14),(1086,906,16),(1087,906,81),(1088,906,81),(1089,906,60),(1090,906,46),(1091,908,17),(1092,908,90),(1093,908,77),(1094,909,73),(1095,909,94),(1096,909,58),(1097,909,30),(1098,909,28),(1099,910,54),(1100,911,104),(1101,911,46),(1102,912,90),(1103,912,54),(1104,912,27),(1105,913,77),(1106,914,77),(1107,915,77),(1108,919,64),(1109,920,103),(1110,920,65),(1111,925,63),(1112,925,94),(1113,925,33),(1114,926,41),(1115,927,90),(1116,927,24),(1117,928,73),(1118,932,63),(1119,932,94),(1120,932,58),(1121,932,27),(1122,932,33),(1123,933,54),(1131,946,63),(1132,950,41),(1133,951,42),(1134,951,51),(1135,951,63),(1136,952,73),(1137,952,48),(1138,953,77),(1139,954,16),(1140,954,27),(1141,957,63),(1142,957,94),(1143,957,58),(1144,957,33),(1145,957,39),(1146,968,62),(1147,969,64),(1148,970,102),(1149,970,64),(1150,970,46),(1151,971,92),(1152,971,77),(1153,971,55),(1154,971,56),(1155,972,92),(1156,972,59),(1157,972,56),(1158,972,55),(1159,973,111),(1160,973,112),(1161,977,113),(1162,978,114),(1163,978,115),(1164,978,116),(1165,978,117),(1166,984,118),(1167,984,119),(1168,985,120),(1169,986,121),(1170,986,122),(1171,NULL,100),(1172,NULL,89),(1173,NULL,86),(1174,NULL,61),(1175,NULL,91),(1176,NULL,55),(1177,NULL,27),(1190,NULL,50),(1191,NULL,19),(1192,NULL,50),(1193,NULL,19),(1194,NULL,50),(1195,NULL,19),(1196,NULL,58),(1197,NULL,27),(1198,NULL,66),(1199,NULL,66),(1200,NULL,65),(1201,NULL,103),(1202,NULL,64),(1203,NULL,1),(1204,NULL,14),(1205,NULL,2),(1222,NULL,14),(1223,NULL,2),(1226,NULL,103),(1227,NULL,103),(1228,1045,64),(1229,1046,64),(1230,1047,41),(1231,1049,42),(1260,1068,99),(1261,1069,99),(1262,1071,16),(1263,1072,16),(1274,1079,33),(1275,1079,35),(1276,1080,99),(1277,1081,99),(1278,1082,104),(1289,1089,27),(1290,1093,61),(1291,1093,54),(1305,1101,103),(1306,1102,103),(1307,1103,73),(1308,1103,1),(1309,1103,58),(1310,1104,5),(1311,1105,77),(1313,1105,27),(1314,1106,90),(1315,1106,77),(1316,1106,98),(1317,NULL,90),(1318,NULL,70),(1319,NULL,63),(1320,NULL,51),(1321,NULL,16),(1322,NULL,42),(1323,1110,73),(1324,1110,87),(1325,1110,84),(1326,1110,27),(1327,1110,23),(1328,1111,73),(1342,1127,16),(1343,1128,16),(1344,1129,64),(1345,1130,13),(1346,1130,36),(1347,1130,96),(1348,1131,41),(1349,1132,86),(1350,1133,86),(1351,1134,86),(1352,1135,86),(1406,1172,73),(1407,1172,92),(1408,1172,48),(1409,1172,123),(1418,1180,70),(1419,1180,90),(1420,1180,31),(1421,1180,98),(1422,1180,58),(1423,1181,16),(1424,1181,90),(1425,1181,80),(1427,1181,20),(1428,1182,22),(1429,1182,16),(1430,1182,51),(1431,1182,63),(1432,1183,22),(1433,1183,42),(1434,1183,27),(1435,1183,95),(1436,1183,58),(1437,1183,77),(1438,1184,61),(1439,1184,90),(1440,1184,31),(1441,1184,98),(1442,1185,64),(1443,1185,35),(1452,1197,70),(1453,1198,41),(1454,1198,27),(1455,1198,42),(1456,1198,58),(1457,1198,63),(1458,1199,64),(1459,1200,42),(1460,1200,16),(1461,1200,51),(1462,1200,63),(1463,1204,90),(1464,1204,70),(1465,1205,63),(1466,1205,51),(1467,1205,16),(1468,1205,42),(1469,1207,41),(1470,1207,27),(1471,1207,40),(1472,1207,95),(1473,1207,72),(1474,1208,90),(1475,1208,68),(1476,1209,77),(1477,1209,58),(1478,1209,19),(1479,1210,77),(1480,1210,58),(1481,1211,45),(1482,1211,27),(1483,1211,77),(1484,1212,42),(1485,1212,16),(1486,1212,51),(1487,1212,63),(1488,1213,16),(1489,1213,90),(1490,1213,73),(1491,1213,58),(1492,1214,63),(1493,1214,90),(1494,1214,35),(1495,1214,98),(1496,1214,52),(1497,1228,16),(1498,1228,51),(1499,1228,63),(1500,1229,70),(1501,1229,58),(1502,1229,45),(1503,1229,27),(1504,1229,42),(1505,1230,63),(1506,1230,51),(1507,1230,22),(1508,1231,9),(1509,1231,16),(1510,1231,63),(1511,1231,55),(1512,1232,77),(1513,1232,94),(1514,1232,55),(1515,1232,33),(1516,1232,38),(1517,NULL,90),(1518,NULL,70),(1519,NULL,63),(1520,NULL,51),(1521,NULL,16),(1522,NULL,42),(1533,1239,73),(1534,1239,92),(1535,1239,123),(1536,1239,55),(1537,1240,73),(1538,1240,92),(1539,1240,123),(1540,1240,55),(1541,1241,73),(1542,1241,123),(1543,1242,73),(1544,1242,92),(1545,1242,54),(1546,1242,123),(1547,1243,16),(1548,1243,41),(1549,1244,63),(1550,1244,16),(1551,1244,51),(1552,1245,73),(1553,1245,92),(1554,1245,123),(1555,1245,54),(1556,1246,73),(1557,1246,51),(1558,1246,17),(1559,1246,44),(1560,1247,123),(1561,1248,14),(1562,1248,134),(1563,1248,125),(1564,1249,14),(1565,1249,134),(1566,1249,125),(1567,1250,14),(1568,1250,134),(1569,1250,125),(1570,1251,14),(1571,1251,134),(1572,1251,125),(1573,1252,73),(1574,1252,92),(1575,1252,123),(1576,1252,54),(1577,1253,77),(1578,1253,27),(1579,1253,42),(1580,1255,14),(1581,1255,5),(1582,1255,134),(1583,1256,64),(1584,1257,13),(1585,1257,96),(1586,1257,36),(1587,1258,16),(1588,NULL,73),(1589,NULL,129),(1590,NULL,58),(1591,NULL,19),(1592,NULL,73),(1593,NULL,137),(1594,NULL,16),(1595,1262,22),(1596,1263,22),(1597,1264,50),(1598,1264,44),(1604,1269,73),(1605,1271,73),(1606,1273,16),(1607,1274,NULL),(1608,1274,99),(1609,1274,63),(1610,1274,73),(1611,1275,17),(1612,1276,17),(1614,1278,17),(1615,1279,5),(1616,1279,14),(1617,1280,17),(1618,1281,17),(1619,1282,50),(1620,1283,17),(1621,1283,44),(1622,1283,21),(1623,1283,58),(1624,1284,70),(1633,1290,90),(1634,1291,27),(1635,1291,45),(1636,1291,95),(1637,1291,79),(1638,1297,12),(1639,1297,16),(1640,1297,63),(1641,1298,73),(1642,1298,54),(1643,1299,54),(1644,1300,73),(1645,1300,54),(1646,1301,41),(1647,1302,27),(1648,1303,51),(1649,1303,63),(1650,1304,66),(1651,1305,64),(1652,1310,77),(1653,1310,58),(1654,1310,42),(1655,1312,16),(1656,1312,51),(1657,1312,63),(1658,1313,1),(1659,1313,68),(1660,1314,63),(1661,1315,1),(1662,1315,16),(1663,1315,73),(1664,1316,54),(1665,1317,42),(1666,1317,51),(1667,1317,63),(1668,1318,24),(1669,1318,16),(1670,1318,51),(1671,1318,63),(1672,1319,90),(1673,1319,71),(1674,1319,98),(1675,1319,58),(1676,1319,28),(1677,1320,90),(1678,1320,27),(1679,1321,73),(1680,1322,9),(1681,1323,12),(1682,1323,56),(1683,1323,73),(1688,1326,54),(1689,1326,99),(1690,1326,70),(1691,1326,93),(1692,1327,67),(1693,1327,34),(1694,1327,16),(1695,1327,53),(1696,1328,12),(1697,1328,16),(1707,1332,73),(1708,1332,48),(1709,1333,73),(1710,1333,48),(1711,1334,77),(1712,1334,51),(1714,1336,17),(1715,1336,73),(1716,1337,73),(1717,1337,94),(1718,1337,58),(1719,1337,20),(1720,1337,27),(1721,1338,73),(1722,1338,56),(1723,1338,12),(1724,1338,16),(1725,1339,55),(1726,1342,63),(1727,1342,51),(1728,1342,16),(1729,1342,44),(1730,1343,27),(1731,1343,42),(1732,1343,45),(1743,NULL,73),(1744,NULL,54),(1745,NULL,102),(1746,NULL,73),(1747,NULL,54),(1748,NULL,99),(1749,NULL,73),(1750,NULL,54),(1751,NULL,17),(1752,NULL,12),(1753,NULL,73),(1754,NULL,54),(1755,NULL,102),(1756,NULL,73),(1757,NULL,54),(1758,NULL,99),(1759,NULL,73),(1760,NULL,54),(1761,NULL,17),(1762,NULL,12),(1763,NULL,90),(1764,NULL,73),(1765,NULL,53),(1766,NULL,17),(1767,NULL,30),(1768,NULL,94),(1769,NULL,77),(1770,NULL,52),(1771,NULL,32),(1772,NULL,35),(1773,NULL,61),(1774,NULL,58),(1775,NULL,42),(1776,NULL,27),(1777,NULL,45),(1778,NULL,63),(1779,NULL,16),(1780,NULL,51),(1781,NULL,99),(1782,NULL,99),(1783,NULL,99),(1784,1361,16),(1785,1361,81),(1786,1362,16),(1787,1362,81),(1788,1365,14),(1789,1366,45),(1790,1366,27),(1791,1366,95),(1792,1366,49),(1793,1366,78),(1794,1367,22),(1795,1367,16),(1796,1367,51),(1797,1367,63),(1798,1368,88),(1799,1369,88),(1800,1370,88),(1801,1371,88),(1802,1372,24),(1803,1372,16),(1804,1372,51),(1805,1372,63),(1806,1373,19),(1807,1373,44),(1808,1373,40),(1809,1373,52),(1810,1373,79),(1811,1376,1),(1812,1376,73),(1813,1377,63),(1814,1377,14),(1815,1377,35),(1816,1377,96),(1817,1377,58),(1818,1378,13),(1819,1378,36),(1820,1378,96),(1821,1379,64),(1822,1380,16),(1823,1381,16),(1824,1382,88),(1825,1383,88),(1826,1385,12),(1827,1387,42),(1828,1388,73),(1829,1388,48),(1830,1389,24),(1831,1389,16),(1832,1389,51),(1833,1389,63),(1834,1390,41),(1835,1390,27),(1836,1390,58),(1837,1390,63),(1838,1391,17),(1839,1391,88),(1840,1392,17),(1841,1392,88),(1842,1393,7),(1843,1395,61),(1844,1395,90),(1845,1395,98),(1846,1396,77),(1847,1396,94),(1848,1396,33),(1849,1396,38),(1850,1397,73),(1851,1397,48),(1852,1400,NULL),(1853,1400,99),(1854,1400,73),(1855,1400,63),(1856,1401,16),(1857,1402,16),(1858,1403,16),(1859,1404,27),(1860,1404,16),(1861,1404,51),(1862,1404,63),(1863,1405,27),(1864,1405,45),(1865,1405,42),(1866,1409,63),(1867,1409,90),(1868,1409,98),(1869,1409,58),(1870,1410,28),(1871,1410,33),(1872,1411,63),(1873,1411,39),(1874,1412,61),(1875,1412,13),(1876,1412,28),(1877,1413,16),(1878,1413,74),(1879,1414,12),(1880,1414,56),(1881,1420,12),(1882,1420,77),(1883,1427,76),(1884,1427,56),(1885,1428,92),(1886,1428,73),(1887,1428,56),(1888,1428,55),(1889,1429,88),(1890,1429,56),(1891,1430,12),(1892,1430,16),(1893,1431,73),(1894,1431,90),(1895,1431,34),(1896,1431,98),(1897,1431,58),(1898,1436,17),(1899,1436,90),(1900,1436,71),(1902,1448,42),(1903,1448,45),(1904,1448,95),(1905,1448,61),(1906,1449,54),(1907,1449,99),(1908,1449,70),(1909,1449,93),(1910,1450,67),(1911,1450,34),(1912,1450,16),(1913,1450,53),(1914,1451,12),(1915,1451,16),(1916,1452,18),(1917,1453,92),(1918,1453,73),(1919,1453,54),(1920,1453,48),(1921,1454,92),(1922,1454,73),(1923,1454,48),(1924,1454,54),(1925,1455,73),(1926,1455,63),(1927,1455,99),(1928,1455,93),(1929,1456,73),(1930,1456,94),(1931,1456,58),(1932,1456,27),(1933,1456,33),(1934,1458,63),(1935,1458,90),(1936,1458,98),(1937,1459,73),(1938,1459,94),(1939,1459,28),(1940,1459,34),(1941,1460,19),(1942,1460,18),(1943,1460,50),(1944,1461,44),(1945,1461,18),(1946,1461,50),(1947,1462,92),(1948,1462,73),(1949,1462,48),(1950,1462,54),(1951,1466,77),(1952,1466,94),(1953,1466,58),(1954,1466,33),(1955,1466,38),(1956,1471,64),(1957,1472,73),(1958,1472,48),(1959,1473,5),(1960,1473,63),(1961,1474,3),(1962,1475,16),(1963,1475,90),(1964,1475,80),(1965,1476,NULL),(1966,1476,22),(1967,1477,5),(1968,1478,12),(1969,1478,14),(1970,1480,54),(1971,1481,54),(1972,1482,54),(1973,1483,54),(1974,1484,54),(1975,1485,54),(1976,1487,12),(1977,1487,56),(1978,1488,17),(1979,1489,17),(1980,1490,27),(1981,1490,51),(1982,1490,63),(1983,1491,27),(1984,1491,45),(1985,1491,79),(1986,1494,16),(1987,1494,51),(1988,1494,63),(1989,1495,16),(1990,1495,51),(1991,1495,63),(1992,1497,64),(1993,1498,17),(1994,1498,71),(1995,1499,64),(1996,1500,16),(1997,1500,NULL),(1998,1500,22),(1999,1501,16),(2000,1501,NULL),(2001,1501,22),(2002,1502,104),(2003,1502,27),(2004,1503,63),(2005,1503,58),(2006,1503,40),(2007,1503,45),(2008,1503,42),(2009,1504,63),(2010,1504,16),(2011,1504,51),(2012,1506,6),(2013,1507,1),(2014,1507,73),(2015,1508,63),(2016,1509,90),(2017,1509,22),(2018,1510,45),(2019,1510,44),(2020,1510,95),(2021,1510,77),(2022,1511,55),(2023,1514,73),(2024,1514,90),(2025,1514,34),(2026,1514,98),(2027,1514,58),(2028,1515,5),(2029,1515,14),(2030,1516,NULL),(2031,1516,22),(2032,1517,NULL),(2033,1517,22),(2034,1518,NULL),(2035,1518,22),(2036,1519,104),(2037,1519,46),(2038,1520,104),(2039,1520,63),(2040,1521,104),(2041,1521,46),(2042,1522,81),(2043,1522,64),(2044,1524,90),(2045,1524,73),(2046,1525,103),(2047,1526,13),(2048,1527,73),(2049,1527,58),(2050,1527,12),(2051,1527,16),(2052,1528,90),(2053,1528,63),(2054,1528,98),(2055,1528,24),(2056,1529,17),(2057,1531,63),(2058,1531,99),(2059,1532,14),(2060,1533,77),(2061,1533,55),(2062,1533,45),(2063,1533,24),(2064,1533,42),(2065,1534,63),(2066,1534,16),(2067,1534,51),(2068,1535,73),(2069,1535,92),(2070,1535,56),(2071,1535,55),(2072,1536,63),(2073,1536,58),(2074,1536,81),(2075,1536,25),(2076,1536,27),(2077,1536,42),(2078,1541,63),(2079,1541,94),(2080,1541,29),(2081,1541,33),(2082,1542,94),(2083,1542,30),(2084,1543,73),(2085,1543,34),(2086,1543,28),(2090,1550,63),(2091,1551,9),(2092,1551,56),(2093,1552,12),(2094,1552,18),(2095,1552,63),(2096,1552,56),(2105,1557,77),(2106,1558,5),(2107,1558,63),(2108,1560,6),(2109,1561,5),(2110,1562,12),(2111,1562,77),(2112,1563,77),(2113,1563,94),(2114,1563,58),(2115,1563,33),(2116,1563,38),(2117,1567,94),(2118,1567,77),(2119,1567,58),(2120,1567,33),(2121,1567,27),(2122,1571,9),(2123,1571,77),(2124,1572,12),(2125,1572,63),(2126,1573,5),(2127,1573,63),(2128,1574,63),(2129,1574,51),(2130,1574,16),(2131,1574,19),(2132,1582,63),(2133,1582,73),(2134,1582,93),(2135,1582,102),(2136,1583,79),(2137,1583,40),(2138,1583,45),(2139,1584,71),(2140,1584,51),(2141,1584,17),(2142,1584,25),(2143,1585,63),(2144,1585,51),(2145,1585,42),(2146,1591,23),(2147,1591,16),(2148,1591,51),(2149,1591,63),(2150,1592,19),(2151,1592,45),(2152,1592,40),(2153,1592,95),(2154,1592,77),(2155,1593,63),(2156,1593,55),(2157,1594,63),(2158,1600,71),(2159,1600,12),(2160,1600,56),(2161,1601,16),(2162,1601,6),(2163,1602,93),(2164,1602,72),(2165,1602,56),(2166,1602,99),(2167,1603,63),(2168,1603,12),(2169,1604,93),(2170,1604,76),(2171,1604,73),(2172,1604,46),(2173,1604,101),(2174,1605,9),(2175,1606,64),(2176,1611,73),(2177,1611,48),(2178,1615,87),(2179,1615,45),(2180,1615,55),(2181,1615,78),(2182,1616,63),(2183,1616,9),(2184,1620,61),(2185,1620,40),(2186,1620,19),(2187,1620,42),(2188,1624,90),(2189,1624,70),(2190,1624,58),(2191,1624,85),(2192,1624,42),(2193,1625,63),(2194,1625,51),(2195,1625,18),(2196,1625,24),(2197,1626,63),(2198,1626,51),(2199,1626,42),(2203,1635,9),(2204,1636,63),(2205,1637,101),(2206,1638,101),(2207,1639,101),(2208,1640,101),(2209,1641,101),(2210,1642,70),(2211,1642,24),(2212,1643,45),(2213,1643,95),(2214,1643,78),(2215,1644,61),(2216,1644,94),(2217,1644,47),(2218,1644,38),(2219,1644,33),(2220,1645,90),(2221,1645,61),(2222,1645,98),(2223,1645,28),(2224,1646,94),(2225,1646,77),(2226,1646,58),(2227,1646,33),(2228,1646,24),(2229,1650,73),(2230,1650,58),(2231,1650,42),(2232,1650,41),(2233,1650,45),(2234,1651,73),(2235,1651,92),(2236,1651,56),(2237,1651,54),(2238,1652,63),(2239,1652,51),(2240,1652,42),(2241,1658,12),(2242,1658,16),(2243,1658,59),(2244,1658,56),(2245,1659,73),(2246,1659,90),(2247,1659,24),(2248,1659,98),(2249,1660,22),(2250,1660,16),(2251,1660,51),(2252,1660,63),(2253,1661,42),(2254,1661,44),(2255,1661,58),(2256,1661,63),(2257,1674,73),(2258,1674,55),(2259,1675,41),(2260,1676,90),(2261,1676,63),(2262,1677,73),(2263,1677,48),(2264,1681,77),(2265,1681,94),(2266,1681,52),(2267,1681,33),(2268,1681,35),(2269,1685,81),(2270,1686,13),(2271,1686,24),(2274,1696,77),(2275,1696,54),(2276,1703,NULL),(2277,1703,27),(2278,1704,NULL),(2279,1704,27),(2280,1705,73),(2281,1706,73),(2282,1707,82),(2283,1707,82),(2284,1707,73),(2285,1708,70),(2286,1708,90),(2287,1708,36),(2288,1708,98),(2289,1709,101),(2290,1709,73),(2291,1711,92),(2292,1711,73),(2293,1711,54),(2294,1711,48),(2295,1713,27),(2296,1713,17),(2297,1713,51),(2298,1713,63),(2299,1714,12),(2300,1714,16),(2301,1714,73),(2302,1714,58),(2303,1715,73),(2304,1715,90),(2305,1715,98),(2306,1716,35),(2307,1717,73),(2308,1717,94),(2309,1717,33),(2310,1717,30),(2322,1728,63),(2323,1729,63),(2327,1731,42),(2328,1731,45),(2329,1731,44),(2330,1732,24),(2331,1732,16),(2332,1732,51),(2333,1732,63),(2334,1733,41),(2335,1733,45),(2336,1733,52),(2337,1733,79),(2338,1734,24),(2339,1734,16),(2340,1734,51),(2341,1734,63),(2342,1735,90),(2343,1736,71),(2344,1737,69),(2345,1737,14),(2346,1737,28),(2347,1738,1),(2348,1738,17),(2349,1738,73),(2350,1742,NULL),(2351,1742,99),(2352,1742,73),(2353,1742,63),(2354,1743,NULL),(2355,1743,99),(2356,1743,75),(2357,1743,52),(2358,1743,73),(2359,1744,73),(2360,1744,58),(2361,1745,27),(2362,1745,45),(2363,1745,42),(2364,1745,58),(2365,1745,77),(2366,1746,16),(2367,1748,63),(2368,1748,90),(2369,1748,24),(2370,1748,58),(2371,1749,70),(2372,1749,33),(2373,1749,30),(2374,1750,81),(2375,1750,15),(2376,1750,55),(2377,1751,12),(2378,1751,82),(2379,1751,56),(2380,1752,NULL),(2381,1752,99),(2382,1752,59),(2383,1753,77),(2384,1753,94),(2385,1753,58),(2386,1753,33),(2387,1753,27),(2388,1757,103),(2389,1758,103),(2390,1759,7),(2391,1760,16),(2392,1760,73),(2393,1761,27),(2394,1761,45),(2395,1761,58),(2396,1761,63),(2397,1765,90),(2398,1765,85),(2399,1765,20),(2400,1766,67),(2401,1768,41),(2402,1768,42),(2403,1768,45),(2404,1768,58),(2405,1768,61),(2406,1769,54),(2407,1769,63),(2408,1772,92),(2409,1772,73),(2410,1772,48),(2411,1772,56),(2412,1773,NULL),(2413,1773,99),(2414,1773,63),(2415,1773,73),(2416,1774,102),(2417,1775,6),(2418,1776,35),(2419,1777,12),(2420,1778,13),(2421,1781,42),(2422,1781,16),(2423,1781,51),(2424,1781,63),(2425,1782,73),(2426,1783,73),(2427,1786,99),(2428,1787,99),(2429,1788,99),(2430,1789,61),(2431,1789,58),(2432,1789,42),(2433,1789,27),(2434,1789,45),(2435,1790,63),(2436,1790,16),(2437,1790,51),(2438,1791,73),(2439,1791,54),(2440,1791,102),(2441,1792,73),(2442,1792,54),(2443,1792,99),(2444,1793,73),(2445,1793,54),(2446,1793,17),(2447,1793,12),(2448,1794,90),(2449,1794,73),(2450,1794,53),(2451,1794,17),(2452,1794,30),(2453,1795,94),(2454,1795,77),(2455,1795,52),(2456,1795,32),(2457,1795,35),(2458,1796,90),(2459,1796,70),(2460,1796,98),(2461,1796,24),(2462,1797,13),(2463,1797,24),(2464,1799,44),(2465,1799,83),(2466,1799,95),(2467,1799,72),(2468,1800,88),(2469,1800,55),(2470,1800,76),(2471,1801,27),(2472,1801,16),(2473,1801,51),(2474,1801,63),(2475,1802,101),(2476,1802,76),(2477,1802,58),(2478,1804,9),(2479,1805,99),(2480,1805,73),(2481,1806,12),(2482,1806,17),(2483,1807,100),(2484,1807,88),(2485,1807,55),(2486,1808,92),(2487,1808,73),(2488,1808,55),(2489,1808,56),(2490,1809,76),(2491,1809,56),(2496,1814,73),(2497,1814,90),(2498,1814,20),(2499,1814,98),(2500,1814,58),(2501,1815,61),(2502,1815,35),(2503,1815,52),(2504,1816,12),(2505,1816,16),(2506,1816,73),(2507,1817,7),(2508,1817,56),(2519,1826,76),(2520,1826,139),(2521,1826,138),(2522,1826,58),(2523,1827,73),(2524,1827,92),(2525,1827,54),(2526,1827,123),(2527,1828,50),(2528,1828,19),(2529,1829,137),(2530,1829,73),(2531,1829,17),(2532,1829,130),(2533,1829,84),(2534,1829,123),(2535,1830,130),(2536,1830,70),(2537,1830,103),(2538,1831,130),(2539,1832,130),(2540,1833,94),(2541,1833,70),(2542,1833,58),(2543,1833,33),(2544,1833,38),(2545,1834,140),(2546,1834,98),(2547,1835,133),(2548,1835,140),(2549,1835,73),(2550,1835,17),(2551,1835,132),(2552,1835,123),(2553,1836,133),(2554,1836,140),(2555,1836,73),(2556,1836,17),(2557,1836,132),(2558,1836,123),(2559,1837,90),(2560,1837,66),(2561,1837,133),(2562,1837,17),(2563,1837,123),(2564,1838,90),(2565,1838,66),(2566,1838,133),(2567,1838,17),(2568,1838,123),(2569,1839,63),(2570,1839,51),(2571,1839,16),(2572,1839,27),(2573,1840,63),(2574,1840,51),(2575,1840,16),(2576,1840,22),(2577,1842,90),(2578,1842,71),(2579,1842,132),(2580,1842,58),(2581,1842,19),(2582,1843,90),(2583,1843,71),(2584,1843,132),(2585,1843,58),(2586,1843,19),(2587,1844,63),(2588,1844,58),(2589,1844,41),(2590,1844,27),(2591,1844,42),(2592,1845,63),(2593,1845,51),(2594,1845,16),(2595,1845,19),(2596,1846,138),(2597,1846,139),(2598,1847,138),(2599,1847,139),(2600,1848,64),(2601,1848,138),(2602,1848,139),(2603,1850,77),(2604,1850,58),(2605,1850,27),(2606,1850,45),(2607,1850,42),(2608,1851,63),(2609,1851,16),(2610,1851,51),(2611,1852,76),(2612,1852,139),(2613,1852,138),(2614,1852,58),(2615,1853,141),(2616,1853,139),(2617,1854,141),(2618,1854,139),(2619,1855,141),(2620,1855,139),(2621,1856,41),(2622,1857,141),(2623,1857,139),(2624,1858,73),(2625,1858,92),(2626,1858,48),(2627,1858,123),(2628,1859,51),(2629,1859,63),(2630,1860,42),(2631,1860,45),(2632,1860,27),(2633,1860,58),(2634,1860,77),(2635,1865,90),(2636,1865,63),(2637,1866,90),(2638,1868,73),(2639,1870,104),(2640,1871,99),(2641,1872,99),(2642,1878,90),(2643,1878,63),(2644,1879,99),(2645,1881,12),(2646,1881,56),(2647,1882,64),(2648,1889,61),(2649,1889,55),(2650,1894,63),(2651,1895,63),(2652,1895,55),(2653,1896,101),(2654,1896,90),(2655,1896,63),(2656,1897,NULL),(2657,1897,99),(2658,1897,67),(2659,1898,NULL),(2660,1898,99),(2661,1899,NULL),(2662,1899,99),(2663,1899,72),(2664,1900,NULL),(2665,1900,99),(2666,1900,75),(2667,1900,52),(2668,1900,73),(2669,1904,17),(2670,1904,63),(2674,1908,74),(2675,1908,58),(2676,1908,27),(2677,1909,61),(2678,1909,90),(2679,1909,24),(2680,1909,98),(2681,1910,77),(2682,1910,30),(2683,1910,24),(2684,1911,73),(2685,1911,90),(2686,1911,34),(2687,1911,98),(2688,1911,58),(2689,1912,77),(2690,1912,13),(2691,1912,24),(2692,1912,96),(2693,1912,54),(2702,1915,73),(2703,1915,94),(2704,1915,33),(2705,1915,28),(2706,1916,66),(2707,1916,49),(2708,1920,44),(2709,1920,42),(2710,1920,27),(2711,1920,95),(2712,1920,49),(2713,1920,61),(2714,1922,24),(2715,1922,18),(2716,1922,51),(2717,1922,63),(2718,1923,27),(2719,1923,16),(2720,1923,51),(2721,1923,63),(2722,1930,55),(2723,1936,90),(2724,1936,24),(2725,1937,77),(2726,1937,90),(2727,1937,31),(2728,1937,98),(2729,1938,77),(2730,1938,94),(2731,1938,33),(2732,1939,103),(2733,1940,6),(2734,1941,90),(2735,1942,1),(2736,1942,13),(2737,1944,20),(2738,1944,16),(2739,1944,51),(2740,1944,63),(2741,1945,16),(2742,1945,51),(2743,1945,63),(2744,1946,24),(2745,1946,18),(2746,1946,51),(2747,1946,63),(2748,1947,27),(2749,1947,16),(2750,1947,51),(2751,1947,63),(2752,1951,90),(2753,1952,5),(2754,1952,58),(2755,1952,63),(2756,1953,44),(2757,1953,42),(2758,1953,22),(2759,1953,95),(2760,1953,49),(2761,1954,90),(2762,1954,24),(2763,1955,99),(2764,1955,73),(2765,1956,99),(2766,1956,73),(2767,1957,70),(2768,1957,94),(2769,1957,58),(2770,1957,38),(2771,1957,33),(2772,1961,90),(2773,1962,13),(2774,1962,34),(2791,1967,73),(2792,1967,89),(2793,1967,32),(2794,1967,98),(2795,1968,12),(2796,1968,16),(2797,1968,73),(2798,1968,58),(2799,1969,77),(2800,1969,13),(2801,1969,24),(2802,1969,96),(2803,1969,54),(2804,1970,63),(2805,1970,94),(2806,1970,39),(2807,1970,33),(2808,1971,16),(2809,1971,51),(2810,1971,63),(2811,1972,42),(2812,1972,45),(2813,1972,27),(2814,1972,77),(2815,1977,77),(2816,1977,90),(2817,1977,24),(2818,1977,98),(2819,1978,16),(2820,1978,51),(2821,1978,63),(2822,1979,27),(2823,1979,23),(2824,1979,52),(2825,1979,79),(2826,1980,41),(2827,1982,61),(2828,1983,12),(2829,1983,16),(2830,1983,63),(2831,1983,58),(2832,1984,77),(2833,1984,94),(2834,1984,27),(2835,1984,33),(2836,1987,77),(2837,1987,94),(2838,1987,33),(2839,1987,27),(2840,1989,24),(2841,1989,18),(2842,1989,51),(2843,1989,63),(2844,1990,27),(2845,1990,16),(2846,1990,51),(2847,1990,63),(2848,1991,88),(2849,1991,58),(2850,1992,63),(2851,1993,73),(2852,1994,12),(2853,1994,16),(2854,1994,73),(2855,1995,61),(2856,1995,94),(2857,1995,33),(2858,1995,27),(2859,1996,14),(2860,1996,24),(2861,1996,96),(2862,1997,99),(2863,1997,76),(2864,1998,16),(2865,1998,88),(2866,1998,81),(2867,1998,63),(2868,1998,NULL),(2869,1998,27),(2870,1999,105),(2871,1999,73),(2872,2000,14),(2873,2001,82),(2874,2001,76),(2875,2006,12),(2876,2006,18),(2877,2006,77),(2878,2006,58),(2879,2015,12),(2880,2015,18),(2881,2015,70),(2882,2015,58),(2883,2017,9),(2884,2018,90),(2885,2018,24),(2886,2018,49),(2887,2019,77),(2888,2019,94),(2889,2019,39),(2890,2019,33),(2891,2024,86),(2892,2025,88),(2893,2028,27),(2894,2028,16),(2895,2028,51),(2896,2028,63),(2897,2029,73),(2898,2033,14),(2899,2034,90),(2900,2037,14),(2901,2038,12),(2902,2038,61),(2903,2041,94),(2904,2041,58),(2905,2041,33),(2906,2041,38),(2913,2044,99),(2914,2045,99),(2915,2046,18),(2916,2046,NULL),(2917,2046,30),(2918,2047,18),(2919,2047,63),(2920,2047,NULL),(2921,2047,34),(2932,2056,73),(2933,2056,58),(2934,2056,45),(2935,2056,42),(2936,2057,70),(2937,2057,51),(2938,2057,18),(2939,2057,22),(2940,2058,90),(2941,2058,61),(2942,2058,98),(2943,2058,31),(2944,2059,52),(2945,2059,35),(2946,2059,33),(2947,2066,70),(2948,2066,94),(2949,2066,33),(2950,2066,38),(2951,2067,90),(2952,2067,98),(2953,2068,16),(2954,2069,16),(2955,2071,6),(2956,2072,42),(2957,2072,45),(2958,2072,52),(2959,2072,79),(2960,2073,101),(2961,2073,63),(2962,2074,42),(2963,2074,58),(2964,2074,77),(2965,2075,70),(2966,2075,25),(2967,2076,79),(2968,2076,49),(2969,2077,73),(2970,2077,94),(2971,2077,27),(2972,2077,34),(2973,2078,19),(2974,2078,51),(2975,2078,63),(2976,2079,42),(2977,2079,44),(2978,2079,45),(2979,2079,58),(2980,2079,70),(2981,2085,1),(2982,2085,73),(2983,2091,74),(2984,2091,27),(2985,2091,31),(2986,2092,77),(2987,2092,94),(2988,2092,58),(2989,2092,33),(2990,2092,36),(2991,2096,12),(2992,2096,16),(2993,2096,63),(2994,2097,73),(2995,2097,90),(2996,2097,34),(2997,2097,98),(2998,2097,58),(2999,2098,17),(3000,2098,71),(3001,2099,63),(3002,2101,63),(3003,2101,13),(3004,2101,24),(3005,2102,70),(3006,2102,91),(3007,2102,24),(3008,2103,43),(3009,2103,41),(3010,2103,58),(3011,2104,77),(3012,2104,54),(3013,2105,58),(3014,2109,74),(3015,2110,74),(3016,2110,27),(3017,2111,12),(3018,2111,16),(3019,2111,76),(3020,2111,55),(3021,2112,73),(3022,2112,94),(3023,2112,33),(3024,2112,35),(3025,2126,64),(3026,2126,56),(3027,2127,24),(3028,2127,16),(3029,2127,51),(3030,2127,63),(3031,2128,22),(3032,2128,16),(3033,2128,51),(3034,2129,22),(3035,2129,44),(3036,2129,45),(3037,2130,73),(3038,2131,51),(3039,2131,63),(3040,2132,44),(3041,2132,47),(3042,2139,56),(3043,2140,64),(3044,2140,54),(3045,2141,90),(3046,2141,20),(3047,2142,63),(3048,2142,58),(3049,2143,24),(3050,2143,16),(3051,2143,51),(3052,2143,63),(3053,2144,92),(3054,2144,63),(3055,2144,56),(3056,2144,55),(3057,2145,16),(3058,2145,90),(3059,2146,16),(3060,2146,90),(3061,2147,16),(3062,2147,84),(3063,2147,82),(3064,2148,101),(3065,2149,101),(3066,2150,70),(3067,2150,52),(3068,2150,35),(3069,2150,27),(3070,2151,55),(3071,2154,12),(3072,2154,16),(3073,2154,73),(3074,2154,58),(3076,2156,63),(3077,2156,51),(3078,2156,16),(3079,2156,42),(3080,2157,63),(3081,2157,58),(3082,2157,40),(3083,2157,45),(3084,2158,63),(3085,2158,51),(3086,2158,16),(3087,2158,22),(3088,2160,77),(3089,2160,22),(3090,2161,63),(3091,2161,16),(3092,2161,51),(3093,2162,79),(3094,2162,52),(3095,2162,27),(3096,2162,42),(3097,2163,63),(3098,2163,7),(3099,2163,52),(3100,2164,58),(3101,2164,94),(3102,2164,38),(3103,2164,33),(3104,NULL,14),(3105,NULL,136),(3106,NULL,85),(3107,NULL,134),(3108,NULL,14),(3109,NULL,136),(3110,NULL,85),(3111,NULL,134),(3112,NULL,14),(3113,NULL,136),(3114,NULL,85),(3115,NULL,134),(3116,NULL,14),(3117,NULL,5),(3118,NULL,134),(3119,NULL,63),(3120,NULL,58),(3121,NULL,20),(3122,NULL,40),(3123,NULL,45),(3124,NULL,69),(3125,NULL,51),(3126,NULL,16),(3127,NULL,24),(3128,NULL,140),(3129,NULL,70),(3130,NULL,22),(3131,NULL,90),(3132,NULL,66),(3133,NULL,133),(3134,NULL,17),(3135,NULL,123),(3136,NULL,90),(3137,NULL,66),(3138,NULL,133),(3139,NULL,17),(3140,NULL,123),(3141,NULL,63),(3142,NULL,58),(3143,NULL,42),(3144,NULL,40),(3145,NULL,41),(3146,NULL,69),(3147,NULL,51),(3148,NULL,16),(3149,NULL,24),(3150,NULL,63),(3151,NULL,58),(3152,NULL,27),(3153,NULL,42),(3154,NULL,45),(3155,NULL,77),(3156,NULL,139),(3157,NULL,138),(3158,NULL,58),(3159,NULL,6),(3160,NULL,55),(3165,NULL,73),(3166,NULL,123),(3167,NULL,92),(3168,NULL,59),(3169,NULL,13),(3170,NULL,73),(3171,NULL,58),(3172,NULL,128),(3173,NULL,14),(3179,NULL,129),(3180,NULL,129),(3181,NULL,73),(3182,NULL,142),(3183,NULL,58),(3184,NULL,128),(3185,2216,63),(3186,2216,51),(3187,2216,16),(3188,2216,27),(3189,2217,79),(3190,2217,95),(3191,2217,52),(3192,2217,44),(3193,2218,77),(3194,2218,94),(3195,2218,58),(3196,2218,33),(3197,2218,38),(3198,2222,72),(3199,2222,99),(3200,2222,93),(3201,2223,99),(3202,2224,88),(3203,2225,88),(3204,2227,22),(3205,2228,79),(3206,2228,45),(3207,2229,22),(3208,2230,63),(3209,2230,56),(3210,2230,12),(3211,2230,16),(3212,2231,90),(3213,2231,70),(3214,2231,98),(3215,2231,47),(3216,2231,24),(3217,2232,73),(3218,2232,94),(3219,2232,47),(3220,2232,35),(3221,2232,33),(3222,2237,94),(3223,2239,73),(3224,2240,29),(3225,2243,73),(3226,2243,48),(3227,2243,54),(3228,2243,92),(3229,2244,50),(3230,2244,18),(3231,2244,19),(3232,2245,50),(3233,2245,18),(3234,2245,44),(3235,2246,73),(3236,2250,24),(3237,2251,77),(3238,2251,45),(3239,2256,90),(3240,2256,63),(3241,2256,98),(3242,2256,32),(3243,2257,41),(3244,2264,73),(3245,2264,58),(3246,2264,86),(3247,2264,45),(3248,2265,63),(3249,2265,51),(3250,2265,16),(3251,2265,24),(3252,2266,63),(3253,2266,17),(3254,2266,51),(3255,2267,79),(3256,2267,52),(3257,2267,45),(3258,2267,44),(3259,2268,90),(3260,2268,63),(3261,2268,98),(3262,2268,32),(3263,2269,63),(3264,2269,58),(3265,2269,12),(3266,2269,17),(3267,2270,77),(3268,2270,94),(3269,2270,33),(3270,2271,89),(3271,2271,77),(3272,2271,98),(3273,2271,26),(3274,2272,77),(3275,2272,58),(3276,2272,41),(3277,2272,45),(3278,2273,63),(3279,2273,16),(3280,2273,51),(3281,2274,63),(3282,2274,58),(3283,2274,45),(3284,2275,90),(3285,2275,77),(3286,2283,70),(3287,2283,94),(3288,2283,58),(3289,2283,33),(3290,2283,38),(3299,2291,61),(3300,2292,103),(3301,2293,90),(3302,2294,99),(3303,2295,99),(3304,2296,99),(3305,2297,90),(3306,2297,70),(3307,2297,98),(3308,2297,24),(3309,2298,89),(3310,2299,88),(3311,2300,49),(3312,2301,72),(3313,2301,95),(3314,2301,85),(3315,2301,43),(3316,2301,44),(3317,2302,55),(3318,2303,64),(3319,2303,55),(3320,2304,63),(3321,2304,5),(3322,2305,90),(3323,2305,80),(3324,2305,16),(3325,2306,3),(3326,NULL,61),(3327,NULL,46),(3328,NULL,3),(3329,NULL,83),(3330,NULL,84),(3331,NULL,10),(3332,NULL,14),(3333,NULL,81),(3334,NULL,7),(3335,NULL,61),(3336,NULL,46),(3337,NULL,3),(3338,NULL,83),(3339,NULL,84),(3340,NULL,10),(3341,NULL,14),(3342,NULL,81),(3343,NULL,7),(3344,NULL,61),(3345,NULL,46),(3346,NULL,3),(3347,NULL,83),(3348,NULL,84),(3349,NULL,10),(3350,NULL,14),(3351,NULL,81),(3352,NULL,7),(3356,2317,73),(3357,2317,94),(3358,2317,30),(3359,2317,24),(3360,2318,63),(3361,2318,90),(3362,2318,98),(3363,2320,16),(3364,2321,64),(3365,2322,14),(3366,2323,73),(3367,2323,94),(3368,2323,24),(3369,2323,30),(3370,2324,90),(3371,2324,24),(3372,2324,98),(3373,2325,24),(3374,2325,42),(3375,2325,45),(3376,2325,70),(3377,2326,27),(3378,2326,16),(3379,2326,51),(3380,2326,63),(3381,2327,42),(3382,2327,16),(3383,2327,51),(3384,2327,63),(3385,2328,73),(3386,2328,48),(3387,2331,73),(3388,2331,90),(3389,2331,101),(3390,2331,34),(3391,2331,98),(3392,2331,58),(3393,2332,5),(3394,2332,81),(3395,2332,58),(3396,2332,63),(3397,2333,12),(3398,2333,16),(3399,2333,63),(3400,2334,NULL),(3401,2334,101),(3402,2334,63),(3403,2334,73),(3404,2335,99),(3405,2335,73),(3406,2336,42),(3407,2336,45),(3408,2336,58),(3409,2336,77),(3410,2337,16),(3411,2337,51),(3412,2337,63),(3413,2338,70),(3414,2338,94),(3415,2338,52),(3416,2338,35),(3417,2338,33),(3418,2339,12),(3419,2339,16),(3420,2339,63),(3421,2339,58),(3422,2340,77),(3423,2341,48),(3424,2342,90),(3425,2343,77),(3426,2343,13),(3427,2343,24),(3428,2343,96),(3429,2343,58),(3430,2344,63),(3431,2344,94),(3432,2344,52),(3433,2344,35),(3434,2344,33),(3435,2348,63),(3436,2348,94),(3437,2348,58),(3438,2348,33),(3439,2348,39),(3440,2349,27),(3441,2349,16),(3442,2349,51),(3443,2349,63),(3444,2350,42),(3445,2350,45),(3446,2350,63),(3447,2351,5),(3448,2351,14),(3449,2352,NULL),(3450,2352,22),(3451,2353,NULL),(3452,2353,22),(3453,2354,14),(3454,2354,28),(3455,2355,16),(3456,2355,51),(3457,2355,63),(3458,2356,90),(3459,2358,99),(3460,2359,99),(3461,2360,16),(3462,2361,16),(3463,2363,92),(3464,2363,73),(3465,2363,55),(3466,2363,54),(3467,2364,45),(3468,2364,42),(3469,2364,27),(3470,2364,55),(3471,2364,77),(3472,2367,17),(3473,2368,17),(3474,2369,17),(3475,2371,63),(3476,2372,63),(3477,2376,17),(3478,2377,17),(3479,2378,17),(3480,2382,63),(3481,2382,58),(3482,2382,27),(3483,2385,45),(3484,2385,42),(3485,2385,27),(3486,2385,58),(3487,2385,70),(3488,2386,70),(3489,2386,58),(3490,2387,73),(3491,2387,54),(3492,2388,73),(3493,2388,54),(3494,2390,90),(3495,2390,63),(3496,2391,42),(3497,2391,16),(3498,2391,51),(3499,2391,63),(3500,2392,63),(3501,2393,73),(3502,2393,48),(3503,2394,41),(3504,2394,27),(3505,2397,63),(3506,2397,58),(3507,2397,39),(3508,2398,41),(3509,2399,63),(3510,2400,73),(3511,2401,78),(3512,2402,78),(3513,2403,78),(3514,2404,41),(3515,2404,47),(3516,2405,73),(3517,2405,94),(3518,2405,33),(3519,2405,35),(3520,2406,73),(3521,2406,90),(3522,2406,28),(3523,2407,6),(3524,2408,NULL),(3525,2408,101),(3526,2408,73),(3527,2408,63),(3528,2409,17),(3529,2409,81),(3530,2409,84),(3531,2409,60),(3532,2409,NULL),(3533,2409,24),(3534,2410,61),(3535,2410,90),(3536,2410,30),(3537,2410,98),(3538,2411,94),(3539,2411,35),(3540,2411,38),(3541,2417,12),(3542,2417,83),(3543,2417,55),(3544,2418,90),(3545,2418,58),(3546,2418,70),(3547,2419,88),(3548,2419,63),(3549,2419,58),(3550,2419,44),(3551,2420,17),(3552,2421,17),(3553,2424,NULL),(3554,2424,99),(3555,2424,73),(3556,2424,63),(3557,2425,54),(3558,2426,54),(3559,2427,54),(3560,2428,54),(3561,2429,54),(3562,2430,54),(3563,2431,99),(3564,2432,99),(3565,2433,99),(3566,2434,99),(3567,2435,99),(3568,2435,77),(3569,2436,99),(3570,2436,77),(3571,2437,42),(3572,2437,16),(3573,2437,51),(3574,2437,63),(3575,2438,45),(3576,2438,95),(3577,2438,58),(3578,2438,63),(3579,2439,77),(3580,2439,90),(3581,2439,100),(3582,2439,35),(3583,2439,98),(3584,2439,58),(3585,2443,73),(3586,2443,54),(3587,2444,22),(3588,2444,16),(3589,2444,51),(3590,2444,63),(3591,2445,41),(3592,2446,16),(3593,2446,51),(3594,2446,63),(3595,2447,42),(3596,2447,45),(3597,2447,58),(3598,2447,63),(3599,2448,19),(3600,2448,25),(3601,2448,95),(3602,2448,66),(3603,2449,88),(3604,2449,47),(3605,2450,88),(3606,2450,47),(3607,2451,63),(3608,2451,90),(3609,2451,98),(3610,2452,62),(3611,2452,94),(3612,2452,33),(3613,2453,16),(3614,2453,51),(3615,2453,63),(3616,2454,45),(3617,2454,42),(3618,2454,40),(3619,2454,58),(3620,2454,63),(3621,2455,73),(3622,2455,94),(3623,2455,58),(3624,2455,28),(3625,2456,12),(3626,2456,16),(3627,2456,74),(3628,2456,56),(3629,2457,73),(3630,2457,94),(3631,2457,55),(3632,2457,24),(3633,2457,30),(3634,2461,61),(3635,2461,88),(3636,2461,36),(3637,2461,55),(3638,2462,63),(3639,2462,94),(3640,2462,52),(3641,2462,35),(3642,2462,28),(3643,2463,21),(3644,2463,42),(3645,2463,44),(3646,2463,95),(3647,2463,49),(3648,2463,72),(3649,2464,88),(3650,2464,87),(3651,2465,42),(3652,2465,16),(3653,2465,51),(3654,2465,63),(3655,2466,73),(3656,2467,68),(3657,2468,51),(3658,2468,76),(3659,2469,88),(3660,2469,77),(3661,2470,63),(3662,2476,44),(3663,2476,41),(3664,2476,43),(3665,2476,95),(3666,2476,47),(3667,2476,78),(3671,2481,62),(3672,2481,30),(3673,2481,33),(3674,2482,73),(3675,2482,90),(3676,2482,28),(3677,2482,98),(3687,2485,14),(3688,2486,14),(3689,2487,16),(3690,2487,NULL),(3691,2487,22),(3692,2488,16),(3693,2488,NULL),(3694,2488,22),(3695,2489,42),(3696,2489,16),(3697,2489,51),(3698,2489,63),(3699,2490,41),(3700,2490,44),(3701,2490,27),(3702,2490,95),(3703,2490,78),(3704,2491,33),(3705,2491,27),(3706,2492,90),(3707,2492,98),(3708,2493,16),(3709,2493,81),(3710,2493,46),(3711,2494,16),(3712,2497,14),(3713,2498,102),(3714,2498,65),(3715,2499,12),(3716,2499,56),(3717,2504,99),(3718,2504,64),(3719,2505,64),(3720,2506,13),(3721,2506,96),(3722,2507,27),(3723,2507,51),(3724,2507,63),(3725,2508,27),(3726,2508,42),(3727,2508,77),(3728,2509,61),(3729,2509,94),(3730,2509,38),(3731,2509,33),(3732,2510,77),(3733,2510,90),(3734,2510,27),(3745,2515,89),(3746,2515,66),(3747,2515,49),(3748,2515,44),(3749,2516,73),(3750,2517,73),(3751,2523,15),(3752,2523,76),(3753,2524,12),(3754,2524,61),(3755,2525,73),(3756,2526,27),(3757,2526,17),(3758,2526,51),(3759,2526,63),(3760,2527,42),(3761,2527,44),(3762,2527,41),(3763,2527,74),(3764,2528,43),(3765,2528,45),(3766,2528,78),(3767,2529,90),(3768,2529,68),(3769,2530,16),(3770,2530,51),(3771,2530,63),(3772,2531,45),(3773,2531,42),(3774,2531,58),(3775,2531,63),(3776,2532,42),(3777,2532,18),(3778,2532,51),(3779,2532,63),(3780,2533,86),(3781,2533,44),(3782,2533,95),(3783,2533,49),(3784,2533,78),(3785,2539,85),(3786,2539,45),(3787,2539,44),(3788,2539,42),(3789,2539,95),(3790,2539,58),(3791,2539,61),(3792,2540,16),(3793,2540,51),(3794,2540,63),(3795,2541,5),(3796,2546,45),(3797,2546,27),(3798,2546,58),(3799,2546,63),(3800,2547,16),(3801,2547,51),(3802,2547,63),(3803,2548,45),(3804,2548,42),(3805,2548,27),(3806,2548,58),(3807,2548,63),(3808,2549,101),(3809,2549,63),(3810,2549,58),(3811,2550,12),(3812,2550,16),(3813,2550,63),(3814,2550,58),(3815,2551,77),(3816,2551,90),(3817,2551,24),(3818,2551,98),(3819,2552,90),(3820,2552,73),(3821,2552,17),(3822,2552,132),(3823,2553,14),(3824,2553,134),(3825,2553,125),(3826,2554,14),(3827,2554,134),(3828,2554,125),(3829,2555,142),(3830,2555,73),(3831,2555,58),(3832,2555,128),(3833,2556,129),(3834,2557,129),(3835,2561,73),(3836,2561,92),(3837,2561,123),(3838,2561,54),(3839,2562,41),(3840,2563,141),(3841,2563,139),(3842,2564,50),(3843,2564,16),(3844,2564,24),(3845,2565,50),(3846,2565,16),(3847,2565,24),(3848,2566,73),(3849,2566,92),(3850,2566,123),(3851,2566,56),(3852,2567,73),(3853,2567,92),(3854,2567,54),(3855,2567,123),(3856,2573,140),(3857,2573,70),(3858,2573,22),(3859,2578,90),(3860,2578,66),(3861,2578,133),(3862,2578,17),(3863,2578,123),(3864,2579,90),(3865,2579,66),(3866,2579,133),(3867,2579,17),(3868,2579,123),(3869,2580,95),(3870,2580,63),(3871,2580,58),(3872,2580,27),(3873,2580,42),(3874,2580,45),(3875,2581,63),(3876,2581,139),(3877,2581,138),(3878,2581,58),(3879,2582,140),(3880,2582,73),(3881,2582,16),(3882,2582,123),(3883,2587,6),(3884,2587,55),(3885,2594,88),(3886,2600,41),(3887,2601,90),(3888,2602,73),(3889,2602,92),(3890,2602,48),(3891,2602,123),(3907,2607,14),(3908,2607,136),(3909,2607,85),(3910,2607,134),(3911,2608,14),(3912,2608,136),(3913,2608,85),(3914,2608,134),(3915,2609,14),(3916,2609,136),(3917,2609,85),(3918,2609,134),(3919,2610,14),(3920,2610,5),(3921,2610,134),(3922,2615,73),(3923,2615,123),(3924,2615,92),(3925,2616,63),(3926,2616,58),(3927,2616,20),(3928,2616,40),(3929,2616,45),(3930,2617,69),(3931,2617,51),(3932,2617,16),(3933,2617,24),(3934,2618,73),(3935,2618,92),(3936,2618,54),(3937,2618,123),(3938,2624,63),(3939,2624,58),(3940,2624,42),(3941,2624,40),(3942,2624,41),(3943,2625,69),(3944,2625,51),(3945,2625,16),(3946,2625,24),(3947,2626,140),(3948,2626,70),(3949,2626,22),(3950,2631,63),(3951,2631,58),(3952,2631,27),(3953,2631,42),(3954,2631,45),(3955,2632,77),(3956,2632,139),(3957,2632,138),(3958,2632,58),(3959,2633,90),(3960,2633,66),(3961,2633,133),(3962,2633,17),(3963,2633,123),(3964,2634,90),(3965,2634,66),(3966,2634,133),(3967,2634,17),(3968,2634,123),(3969,2635,59),(3970,2636,13),(3971,2636,73),(3972,2636,58),(3973,2636,128),(3974,2637,14),(3975,2642,142),(3976,2642,73),(3977,2642,58),(3978,2642,128),(3979,2643,129),(3980,2644,129),(3983,2655,6),(3984,2655,55),(4006,2668,73),(4007,2668,94),(4008,2668,27),(4009,2668,30),(4010,2669,90),(4011,2669,61),(4012,2669,98),(4013,NULL,61),(4014,NULL,55),(4015,NULL,63),(4016,NULL,80),(4017,NULL,1),(4018,NULL,80),(4019,NULL,12),(4020,NULL,79),(4021,NULL,52),(4022,NULL,41),(4023,NULL,42),(4024,NULL,45),(4025,NULL,63),(4026,NULL,51),(4027,NULL,63),(4028,NULL,12),(4029,NULL,16),(4030,NULL,90),(4031,NULL,73),(4032,NULL,98),(4033,NULL,58),(4034,NULL,34),(4035,NULL,94),(4036,NULL,66),(4037,NULL,36),(4038,NULL,27),(4039,NULL,56),(4040,NULL,105),(4041,NULL,60),(4042,NULL,12),(4043,NULL,8),(4044,NULL,105),(4045,NULL,105),(4046,NULL,14),(4047,NULL,14),(4048,NULL,1),(4049,NULL,94),(4050,NULL,66),(4051,NULL,36),(4052,NULL,27),(4053,NULL,56),(4054,NULL,105),(4055,NULL,60),(4056,NULL,12),(4057,NULL,8),(4058,NULL,105),(4059,NULL,105),(4060,NULL,14),(4061,NULL,14),(4062,NULL,1),(4063,NULL,13),(4064,NULL,21),(4065,NULL,105),(4066,NULL,90),(4067,NULL,16),(4068,NULL,105),(4069,NULL,94),(4070,NULL,66),(4071,NULL,36),(4072,NULL,27),(4073,NULL,56),(4074,NULL,105),(4075,NULL,60),(4076,NULL,12),(4077,NULL,8),(4078,NULL,105),(4079,NULL,105),(4080,NULL,14),(4081,NULL,14),(4082,NULL,1),(4083,2709,18),(4084,2709,88),(4085,2709,79),(4086,2709,52),(4087,2710,14),(4088,2710,22),(4089,2711,103),(4090,2712,70),(4091,2712,90),(4092,2712,32),(4093,2712,98),(4094,2713,12),(4095,2713,16),(4096,2713,73),(4097,2713,56),(4098,2714,70),(4099,2714,90),(4100,2714,24),(4101,2714,98),(4102,2715,77),(4103,2715,94),(4104,2715,33),(4105,2716,101),(4106,2717,101),(4107,2718,101),(4108,2719,101),(4109,2720,101),(4110,2721,90),(4111,2721,24),(4112,2721,98),(4113,2722,94),(4114,2722,28),(4115,2722,27),(4116,2726,14),(4117,2727,101),(4118,2728,63),(4119,2730,16),(4120,2730,63),(4121,2732,27),(4122,2732,16),(4123,2732,51),(4124,2732,63),(4125,2733,73),(4126,2734,90),(4127,2734,19),(4128,2738,64),(4129,2739,42),(4130,2739,44),(4131,2739,95),(4132,2742,63),(4133,2743,42),(4134,2744,51),(4135,2744,63),(4136,2745,51),(4137,2745,63),(4138,2746,90),(4139,2746,24),(4140,2747,42),(4141,2747,45),(4142,2747,70),(4143,2748,27),(4144,2748,33),(4145,2749,90),(4146,2749,98),(4147,2753,63),(4148,2754,42),(4149,2754,16),(4150,2754,51),(4151,2754,63),(4152,2760,101),(4153,2760,63),(4154,2760,58),(4155,2761,27),(4156,2761,42),(4157,2761,45),(4158,2761,58),(4159,2761,63),(4160,2762,27),(4161,2762,16),(4162,2762,51),(4163,2762,63),(4164,2763,45),(4165,2763,25),(4166,2763,63),(4167,2764,63),(4168,2764,90),(4169,2764,29),(4170,2764,98),(4171,2765,70),(4172,2765,94),(4173,2765,33),(4174,2766,73),(4175,2766,30),(4176,2766,35),(4177,2767,90),(4178,2767,24),(4179,2767,98),(4180,2768,1),(4181,2768,14),(4182,2769,5),(4183,2769,14),(4184,2770,16),(4185,2771,16),(4186,2771,88),(4187,2777,70),(4188,2778,85),(4189,2778,42),(4190,2778,44),(4191,2778,45),(4192,2778,58),(4193,2778,61),(4194,2779,45),(4195,2779,58),(4196,2779,63),(4197,2780,44),(4213,2788,88),(4214,2788,32),(4215,2789,16),(4216,2789,81),(4217,2789,82),(4218,2789,60),(4219,2789,46),(4220,2790,NULL),(4221,2790,22),(4222,2791,NULL),(4223,2791,99),(4224,2791,73),(4225,2792,6),(4226,2793,77),(4227,2793,33),(4228,2793,38),(4229,2794,16),(4230,2794,67),(4231,2794,NULL),(4232,2794,34),(4233,2795,99),(4234,2795,54),(4235,2796,12),(4236,2796,58),(4237,2796,73),(4238,2797,12),(4239,2797,56),(4240,2798,73),(4241,2798,94),(4242,2798,58),(4243,2798,39),(4244,2798,33),(4245,2799,44),(4246,2800,73),(4247,2801,42),(4248,2801,16),(4249,2801,51),(4250,2801,63),(4251,2804,63),(4252,2805,63),(4253,2806,12),(4254,2806,56),(4255,2807,68),(4256,2807,13),(4257,2807,24),(4258,2808,80),(4259,2809,18),(4260,2811,12),(4261,2811,16),(4262,2816,81),(4263,2816,81),(4264,2816,102),(4265,2816,55),(4266,2817,81),(4267,2817,81),(4268,2817,104),(4269,2817,55),(4270,2818,27),(4271,2818,18),(4272,2818,51),(4273,2818,63),(4274,2819,16),(4275,2819,51),(4276,2819,63),(4277,2820,73),(4278,2820,54),(4279,2821,41),(4280,2822,73),(4281,2822,48),(4282,2823,92),(4283,2823,73),(4284,2823,48),(4285,2823,56),(4286,2824,27),(4287,2824,51),(4288,2824,63),(4289,2825,104),(4290,2825,88),(4291,2825,86),(4292,2825,49),(4293,2825,42),(4294,2826,27),(4295,2826,16),(4296,2826,51),(4297,2826,63),(4302,2841,61),(4303,2841,55),(4306,2857,16),(4307,2858,16),(4308,2859,16),(4309,2860,16),(4310,2861,13),(4311,2861,96),(4312,2861,24),(4313,2862,5),(4314,2863,94),(4315,2863,70),(4316,2863,58),(4317,2863,33),(4318,2863,27),(4319,2864,5),(4320,2866,77),(4321,2866,56),(4322,2866,102),(4323,2867,63),(4324,2868,63),(4325,2869,63),(4326,2870,63),(4327,2871,77),(4328,2871,94),(4329,2871,27),(4330,2871,28),(4331,2881,63),(4332,2881,51),(4333,2881,18),(4334,2881,24),(4335,2882,63),(4336,2882,51),(4337,2882,16),(4338,2882,27),(4339,2883,49),(4340,2883,41),(4341,2883,42),(4342,2884,92),(4343,2884,56),(4344,2884,55),(4345,2885,73),(4346,2885,92),(4347,2885,55),(4348,2885,56),(4349,2886,55),(4350,2893,63),(4351,2893,51),(4352,2893,16),(4353,2893,27),(4354,2898,90),(4355,2898,77),(4356,2898,98),(4357,2899,77),(4358,2899,30),(4359,2899,24),(4360,2900,94),(4361,2901,88),(4362,2905,53),(4363,2905,16),(4364,2905,22),(4365,2906,53),(4366,2906,16),(4367,2906,22),(4368,2907,14),(4369,2908,14),(4370,2909,70),(4371,2909,94),(4372,2909,52),(4373,2909,33),(4374,2909,35),(4375,2910,63),(4376,2910,58),(4377,2910,12),(4378,2910,16),(4379,2911,63),(4380,2911,51),(4381,2911,16),(4382,2911,42),(4383,2912,73),(4384,2912,58),(4385,2912,45),(4386,2912,44),(4387,2913,90),(4388,2913,71),(4389,2913,17),(4390,2918,63),(4391,2918,51),(4392,2918,42),(4393,2924,63),(4394,2925,63),(4395,2926,62),(4396,2931,77),(4397,2931,58),(4398,2931,42),(4399,2931,45),(4400,2932,63),(4401,2932,16),(4402,2932,51),(4405,2934,16),(4406,2935,16),(4407,2937,14),(4408,2938,79),(4409,2938,52),(4410,2938,42),(4411,2938,45),(4412,2939,90),(4413,2940,77),(4414,2940,94),(4415,2940,58),(4416,2940,33),(4417,2941,77),(4418,2942,99),(4419,2943,90),(4420,2943,73),(4421,2943,98),(4422,2943,58),(4423,2943,34),(4424,2945,79),(4425,2945,52),(4426,2945,45),(4427,2946,63),(4428,2946,51),(4429,2946,16),(4430,2946,42),(4431,2947,90),(4432,2947,73),(4433,2947,98),(4434,2947,58),(4435,2947,34),(4436,2948,63),(4437,2948,12),(4438,2948,16),(4439,2949,63),(4440,2949,51),(4441,2949,16),(4442,2949,27),(4443,2950,63),(4444,2950,58),(4445,2952,63),(4446,2952,12),(4447,2952,16),(4448,2953,90),(4449,2953,73),(4450,2953,98),(4451,2953,58),(4452,2953,34),(4453,2954,79),(4454,2954,52),(4455,2954,45),(4456,2954,42),(4457,2955,63),(4458,2955,16),(4459,2955,51),(4460,2956,63),(4461,2956,94),(4462,2956,58),(4463,2956,33),(4464,2956,39),(4465,2957,54),(4466,2957,99),(4467,2958,54),(4468,2958,99),(4469,2959,63),(4470,2959,94),(4471,2959,58),(4472,2959,33),(4473,2959,27),(4474,2963,63),(4475,2963,94),(4476,2963,58),(4477,2963,39),(4478,2963,33),(4479,2964,54),(4480,2964,99),(4481,2965,54),(4482,2965,99),(4483,2966,63),(4484,2967,14),(4485,2967,96),(4486,2968,80),(4487,2968,12),(4488,2969,64),(4489,2969,1),(4490,2973,46),(4491,2973,85),(4492,2973,103),(4493,2974,46),(4494,2974,85),(4495,2974,103),(4496,2975,46),(4497,2975,85),(4498,2975,104),(4499,2976,58),(4500,2976,17),(4501,2976,20),(4502,2977,63),(4503,2978,80),(4504,2978,1),(4505,2979,80),(4506,2980,90),(4507,2980,73),(4508,2980,98),(4509,2980,58),(4510,2980,34),(4511,2981,63),(4512,2981,12),(4513,2981,16),(4525,2987,90),(4526,2987,63),(4527,2987,58),(4528,2987,25),(4529,2988,63),(4530,2988,51),(4531,2988,16),(4532,2988,27),(4533,2993,73),(4534,2993,90),(4535,2993,35),(4536,2993,98),(4537,2993,56),(4538,2994,77),(4539,2994,94),(4540,2994,58),(4541,2994,33),(4542,2994,39),(4543,2998,77),(4544,2998,94),(4545,2998,58),(4546,2998,33),(4547,2998,39),(4548,2999,NULL),(4549,2999,99),(4550,2999,76),(4551,2999,55),(4552,2999,73),(4559,3005,63),(4560,3005,58),(4561,3006,73),(4562,3006,48),(4563,3009,45),(4564,3009,21),(4565,3009,82),(4566,3009,47),(4567,3009,73),(4568,3010,21),(4569,3010,17),(4570,3010,51),(4571,3010,76),(4572,3016,42),(4573,3016,45),(4574,3016,58),(4575,3016,77),(4576,3019,33),(4577,3022,24),(4578,3022,16),(4579,3022,51),(4580,3022,77),(4581,3023,42),(4582,3023,45),(4583,3023,40),(4584,3023,61),(4585,3024,5),(4586,3024,14),(4587,3025,NULL),(4588,3025,22),(4589,3026,NULL),(4590,3026,22),(4591,3027,NULL),(4592,3027,22),(4593,3031,77),(4594,3031,94),(4595,3031,58),(4596,3031,33),(4597,3031,27),(4598,3035,63),(4599,3035,94),(4600,3035,58),(4601,3035,33),(4602,3035,39),(4603,3036,16),(4604,3036,51),(4605,3036,63),(4606,3037,27),(4607,3037,42),(4608,3037,58),(4609,3037,63),(4610,3038,77),(4611,3038,24),(4612,3038,30),(4613,3039,63),(4614,3039,24),(4615,3043,77),(4616,3043,94),(4617,3043,58),(4618,3043,33),(4619,3043,38),(4620,3044,12),(4621,3044,17),(4622,3044,73),(4623,3044,58),(4624,3045,63),(4625,3045,90),(4626,3045,32),(4627,3045,98),(4628,3049,77),(4629,3049,94),(4630,3049,58),(4631,3049,33),(4632,3049,38),(4633,3050,16),(4634,3050,51),(4635,3050,63),(4636,3051,41),(4637,3051,42),(4638,3051,45),(4639,3051,58),(4640,3051,77),(4641,3052,16),(4642,3053,16),(4643,3054,63),(4644,3054,90),(4645,3054,19),(4646,3054,98),(4647,3055,64),(4648,3062,73),(4649,3062,90),(4650,3062,98),(4651,3062,58),(4652,3063,33),(4653,3064,27),(4654,3064,45),(4655,3064,58),(4656,3064,63),(4657,3065,24),(4658,3065,16),(4659,3065,51),(4660,3065,63),(4665,3069,45),(4666,3069,27),(4667,3070,77),(4668,3070,27),(4669,3071,27),(4670,3072,103),(4671,3073,70),(4672,3073,27),(4673,3074,64),(4674,3075,16),(4675,3076,16),(4676,3077,13),(4677,3077,36),(4678,3077,96),(4679,3078,73),(4680,3078,94),(4681,3079,17),(4682,3080,17),(4683,3082,64),(4684,3082,55),(4685,3088,19),(4686,3088,16),(4687,3088,51),(4688,3088,63),(4689,3094,40),(4690,3094,45),(4691,3094,27),(4692,3094,58),(4693,3094,63),(4694,3095,92),(4695,3095,73),(4696,3095,55),(4697,3095,56),(4698,3096,45),(4699,3096,40),(4700,3096,19),(4701,3096,52),(4702,3096,79),(4703,3097,16),(4704,3097,51),(4705,3097,63),(4706,3098,12),(4707,3098,13),(4708,3099,16),(4709,3100,16),(4710,3101,16),(4711,3102,14),(4712,3102,35),(4713,3102,96),(4714,3103,8),(4715,3103,55),(4716,3103,73),(4717,3104,1),(4718,3104,81),(4719,3104,63),(4720,3105,20),(4721,3105,41),(4722,3105,52),(4723,3105,79),(4724,3106,22),(4725,3106,51),(4726,3106,63),(4727,3107,13),(4728,3107,24),(4729,3107,96),(4730,3108,9),(4731,3108,56),(4732,3108,63),(4733,3109,17),(4734,3109,81),(4735,3109,81),(4736,3109,58),(4737,3110,42),(4738,3110,16),(4739,3110,51),(4740,3110,63),(4741,3111,44),(4742,3111,45),(4743,3111,95),(4744,3111,49),(4745,3111,72),(4746,3112,1),(4747,3113,1),(4748,3116,90),(4749,3117,65),(4750,3118,90),(4751,3118,54),(4752,3118,20),(4753,3119,76),(4754,3119,90),(4755,3119,24),(4756,3119,98),(4757,3120,76),(4758,3120,28),(4759,3121,41),(4760,3122,24),(4761,3125,100),(4762,3126,17),(4763,3126,73),(4764,3126,NULL),(4765,3126,30),(4766,3127,5),(4767,3127,77),(4768,3128,56),(4769,3129,54),(4770,3130,54),(4771,3131,27),(4772,3131,16),(4773,3131,51),(4774,3131,63),(4775,3132,27),(4776,3132,16),(4777,3132,51),(4778,3132,63),(4779,3133,5),(4780,3133,16),(4781,3133,63),(4782,3134,73),(4783,3134,94),(4784,3134,58),(4785,3134,33),(4786,3134,34),(4787,3135,64),(4788,3136,99),(4789,3138,12),(4790,3138,56),(4791,3139,10),(4792,3140,6),(4793,3141,12),(4794,3141,66),(4795,3142,42),(4796,3142,16),(4797,3142,51),(4798,3142,63),(4799,3143,64),(4800,3148,87),(4801,3151,102),(4802,3151,64),(4803,3152,74),(4804,3154,50),(4805,3157,6),(4806,3158,63),(4807,3158,76),(4808,3158,101),(4809,3158,93),(4810,3159,27),(4811,3159,16),(4812,3159,51),(4813,3159,63),(4814,3160,45),(4815,3160,44),(4816,3160,40),(4817,3160,61),(4818,3161,63),(4819,3161,95),(4820,3161,42),(4821,3161,45),(4822,3162,63),(4823,3162,51),(4824,3162,16),(4825,3162,27),(4830,3164,63),(4831,3164,73),(4832,3164,101),(4833,3164,93),(4834,3165,13),(4835,3165,96),(4836,3165,24),(4837,3166,61),(4838,3166,30),(4839,3170,90),(4840,3170,73),(4841,3170,98),(4842,3170,58),(4843,3170,34),(4844,3171,63),(4845,3171,12),(4846,3171,16),(4847,3172,74),(4848,3172,95),(4849,3172,52),(4850,3172,45),(4851,3172,20),(4852,3173,77),(4853,3173,51),(4854,3177,90),(4855,3178,6),(4856,3179,34),(4857,3180,10),(4858,3181,12),(4859,3182,74),(4860,3182,95),(4861,3182,45),(4862,3186,73),(4863,3186,94),(4864,3186,58),(4865,3186,24),(4866,3186,30),(4867,3187,11),(4868,3187,82),(4869,3187,82),(4870,3187,14),(4871,3187,58),(4872,3187,63),(4873,3191,77),(4874,3191,94),(4875,3191,58),(4876,3191,33),(4877,3191,38),(4878,3192,63),(4879,3192,94),(4880,3192,27),(4881,3193,77),(4882,3193,90),(4883,3193,98),(4884,3194,77),(4885,3194,94),(4886,3194,58),(4887,3194,38),(4888,3194,33),(4889,3195,9),(4890,3195,56),(4891,3195,70),(4892,3196,92),(4893,3196,73),(4894,3196,48),(4895,3196,54),(4896,3197,42),(4897,3197,27),(4898,3197,45),(4899,3197,58),(4900,3197,77),(4901,3198,63),(4902,3198,90),(4903,3198,98),(4904,3199,63),(4905,3199,94),(4906,3199,33),(4907,3200,12),(4908,3200,17),(4909,3200,73),(4910,3200,58),(4911,3201,63),(4912,3201,90),(4913,3201,98),(4914,3202,63),(4915,3202,90),(4916,3202,36),(4917,3202,98),(4918,3203,63),(4919,3203,32),(4920,3204,70),(4921,3204,90),(4922,3204,24),(4923,3204,98),(4924,3205,12),(4925,3205,16),(4926,3205,73),(4927,3205,55),(4928,3209,77),(4929,3209,94),(4930,3209,58),(4931,3209,33),(4932,3209,27),(4933,3210,73),(4934,3210,90),(4935,3210,34),(4936,3210,98),(4937,3210,58),(4938,3211,17),(4939,3211,90),(4940,3211,73),(4941,3212,73),(4942,3212,94),(4943,3212,47),(4944,3212,33),(4945,3212,34),(4946,3213,90),(4947,3213,24),(4948,3213,98),(4949,3217,45),(4950,3217,58),(4951,3217,63),(4952,3218,9),(4953,3218,16),(4954,3218,63),(4955,3219,70),(4956,3219,58),(4957,3219,33),(4958,3219,38),(4959,3220,47),(4960,3222,73),(4961,3222,54),(4962,3223,16),(4963,3223,51),(4964,3223,63),(4965,3224,40),(4966,3224,42),(4967,3224,45),(4968,3224,58),(4969,3224,63),(4970,3230,79),(4971,3230,94),(4972,3230,49),(4973,3230,27),(4974,3230,39),(4975,3231,12),(4976,3231,81),(4977,3231,54),(4978,3235,13),(4979,3235,24),(4980,3236,64),(4981,3236,13),(4982,3236,34),(4983,3236,96),(4984,3237,56),(4985,3238,92),(4986,3238,73),(4987,3238,48),(4988,3238,54),(4989,3239,90),(4990,3239,20),(4991,3240,73),(4992,3240,56),(4993,3246,73),(4994,3246,94),(4995,3246,34),(4996,3246,33),(4997,3251,77),(4998,3251,94),(4999,3251,58),(5000,3251,33),(5001,3251,38),(5002,3255,22),(5003,3255,53),(5004,3256,14),(5005,3256,5),(5006,3257,14),(5007,3257,28),(5008,3258,22),(5009,3258,53),(5010,3259,90),(5011,3259,98),(5012,3259,31),(5013,3264,90),(5014,3264,52),(5015,3264,32),(5016,3265,90),(5017,3265,73),(5018,3265,98),(5019,3265,58),(5020,3265,34),(5021,3266,94),(5022,3266,29),(5023,3266,33),(5024,3267,90),(5025,3267,61),(5026,3267,98),(5027,3267,55),(5028,3267,31),(5029,3268,99),(5030,3269,99),(5031,3275,101),(5032,3278,90),(5033,3278,73),(5034,3278,98),(5035,3278,58),(5036,3278,34),(5037,3279,45),(5038,3279,23),(5039,3280,23),(5040,3281,90),(5041,3281,63),(5042,3281,27),(5043,3282,90),(5044,3282,27),(5045,3283,73),(5046,3283,63),(5047,3283,99),(5048,3283,93),(5049,3284,99),(5050,3285,63),(5051,3285,94),(5052,3285,58),(5053,3285,38),(5054,3285,33),(5055,3290,22),(5056,3291,22),(5057,3292,73),(5058,3293,77),(5059,3293,94),(5060,3293,38),(5061,3293,28),(5062,3294,90),(5063,3294,98),(5064,3294,31),(5065,3295,74),(5066,3295,27),(5067,3295,20),(5068,3299,4),(5069,3300,73),(5070,3301,17),(5071,3303,14),(5072,3303,7),(5073,3303,55),(5074,3304,12),(5075,3305,74),(5076,3305,1),(5083,3308,90),(5084,3308,63),(5085,3308,58),(5086,3309,90),(5087,3309,63),(5088,3309,58),(5089,3310,101),(5090,3311,101),(5091,3312,101),(5092,3313,101),(5093,3314,101),(5094,3315,27),(5095,3316,85),(5096,3316,42),(5097,3316,45),(5098,3316,58),(5099,3316,77),(5100,NULL,94),(5101,NULL,66),(5102,NULL,36),(5103,NULL,27),(5104,NULL,56),(5105,NULL,105),(5106,NULL,60),(5107,NULL,12),(5108,NULL,8),(5109,NULL,105),(5110,NULL,105),(5111,NULL,14),(5112,NULL,14),(5113,NULL,1),(5114,NULL,13),(5115,NULL,21),(5116,NULL,105),(5117,NULL,90),(5118,NULL,16),(5119,NULL,105),(5120,3328,16),(5121,3328,51),(5122,3328,63),(5123,3329,45),(5124,3329,42),(5125,3329,27),(5126,3329,58),(5127,3329,77),(5128,3330,63),(5129,3330,16),(5130,3330,51),(5131,3331,77),(5132,3331,58),(5133,3331,27),(5134,3331,45),(5135,3331,42),(5136,3332,138),(5137,3332,139),(5138,3333,73),(5139,3333,123),(5140,3334,63),(5141,3334,51),(5142,3335,73),(5143,3335,55),(5144,3335,81),(5145,3335,8),(5146,3336,62),(5147,3336,12),(5148,3336,56),(5149,3337,3),(5150,3338,73),(5151,3338,123),(5152,3339,16),(5153,3340,41),(5154,3341,63),(5155,3341,51),(5156,3342,141),(5157,3342,139),(5158,3343,141),(5159,3343,139),(5160,3344,141),(5161,3344,139),(5164,3346,73),(5165,3346,58),(5166,3346,143),(5167,3351,77),(5168,3351,58),(5169,3352,129),(5170,3353,129),(5171,3354,14),(5172,3355,41),(5173,3356,73),(5174,3360,98),(5175,3360,90),(5176,3360,73),(5177,3360,34),(5178,3360,101),(5179,3360,58),(5180,3364,123),(5181,3365,123),(5182,3366,77),(5183,3366,58),(5184,3366,27),(5185,3366,42),(5186,3366,41),(5187,3367,101),(5188,3368,101),(5189,3369,101),(5190,3370,101),(5191,3371,101),(5192,3372,22),(5193,3372,22),(5194,3373,14),(5195,3373,134),(5196,3374,14),(5197,3374,134),(5198,3375,14),(5199,3375,134),(5200,3376,16),(5201,3376,81),(5202,3377,16),(5203,3377,81),(5204,3378,16),(5205,3379,16),(5210,3387,42),(5211,3387,16),(5212,3387,51),(5213,3387,63),(5214,3388,90),(5215,3388,73),(5216,3388,58),(5217,3388,27),(5218,3389,42),(5219,3389,16),(5220,3389,51),(5221,3389,63),(5222,3390,61),(5223,3390,27),(5224,3390,28),(5225,3391,62),(5226,3391,94),(5227,3391,27),(5228,3396,NULL),(5229,3396,22),(5230,3397,NULL),(5231,3397,22),(5232,3398,NULL),(5233,3398,22),(5234,3399,5),(5235,3399,14),(5238,3408,89),(5239,3409,89),(5240,3410,61),(5241,3411,44),(5242,3411,45),(5243,3411,83),(5244,3411,49),(5245,3411,78),(5246,3412,24),(5247,3412,16),(5248,3412,51),(5249,3412,63),(5250,3413,41),(5251,3413,27),(5252,3413,58),(5253,3413,77),(5254,3414,42),(5255,3414,18),(5256,3414,63),(5257,3415,99),(5258,3415,54),(5259,3417,16),(5260,3418,16),(5261,3419,92),(5262,3419,63),(5263,3419,54),(5264,3419,55),(5265,3420,92),(5266,3420,73),(5267,3420,54),(5268,3420,55),(5269,3424,90),(5270,3425,NULL),(5271,3425,22),(5272,3426,7),(5273,3426,55),(5275,3428,16),(5276,3428,90),(5277,3428,80),(5278,3429,64),(5279,3429,14),(5280,3430,3),(5281,3431,55),(5282,3431,63),(5283,3432,27),(5284,3432,42),(5285,3432,58),(5286,3432,63),(5287,3433,61),(5288,3433,90),(5289,3433,24),(5290,3433,98),(5291,3434,62),(5292,3434,94),(5293,3434,47),(5294,3434,30),(5295,3434,33),(5296,3437,29),(5297,3438,73),(5298,3439,48),(5299,3440,90),(5300,3441,42),(5301,3441,16),(5302,3441,51),(5303,3441,63),(5304,3442,89),(5305,3442,77),(5306,3443,7),(5307,3443,54),(5308,3444,99),(5309,3445,99),(5310,3446,99),(5311,3447,99),(5312,3449,73),(5313,3449,90),(5314,3449,34),(5315,3449,98),(5316,3449,58),(5317,3450,16),(5318,3450,22),(5319,3451,16),(5320,3451,22),(5321,3452,42),(5322,3452,58),(5323,3452,61),(5324,3464,42),(5325,3464,16),(5326,3464,51),(5327,3464,63),(5328,3465,90),(5329,3465,87),(5330,3465,63),(5331,3465,58),(5332,3465,22),(5333,3466,73),(5334,3466,94),(5335,3466,58),(5336,3466,27),(5337,3467,9),(5338,3467,16),(5339,3467,63),(5340,3468,73),(5341,3469,63),(5342,3470,63),(5343,3471,63),(5344,3472,82),(5345,3472,74),(5346,3473,16),(5347,3473,63),(5348,3474,103),(5349,3474,63),(5350,3474,46),(5351,3475,27),(5352,3475,45),(5353,3475,79),(5354,3476,55),(5355,3476,27),(5356,3482,77),(5357,3482,94),(5358,3482,58),(5359,3482,33),(5360,3482,27),(5361,3486,17),(5362,3486,88),(5363,3486,43),(5364,3487,17),(5365,3487,90),(5366,3487,97),(5367,3487,47),(5368,3488,100),(5369,3488,68),(5370,3489,16),(5371,3489,88),(5372,3489,74),(5373,3489,NULL),(5374,3489,28),(5375,3490,73),(5376,3490,94),(5377,3490,58),(5378,3490,33),(5379,3490,30),(5380,3491,63),(5381,3492,77),(5382,3493,77),(5383,3494,68),(5384,3498,12),(5385,3499,90),(5386,3499,77),(5387,3500,22),(5388,3500,27),(5389,3501,90),(5390,3501,31),(5391,3501,98),(5392,3501,56),(5393,3502,14),(5394,3503,14),(5395,3504,63),(5396,3504,22),(5397,3505,22),(5398,3505,16),(5399,3505,51),(5400,3505,63),(5401,3506,54),(5402,3507,25),(5403,3507,18),(5404,3507,51),(5405,3507,63),(5406,3508,25),(5407,3508,18),(5408,3508,51),(5409,3508,63),(5410,3513,54),(5411,3514,92),(5412,3514,73),(5413,3514,54),(5414,3514,48),(5415,3515,73),(5416,3515,90),(5417,3515,34),(5418,3515,98),(5419,3515,58),(5420,3516,77),(5421,3516,13),(5422,3516,24),(5423,3516,96),(5424,3516,58),(5425,3517,55),(5426,3518,92),(5427,3518,73),(5428,3518,54),(5429,3518,48),(5430,3519,92),(5431,3519,73),(5432,3519,48),(5433,3519,54),(5434,3520,27),(5435,3520,16),(5436,3520,51),(5437,3520,63),(5438,3524,64),(5439,3526,77),(5440,3527,63),(5441,3528,25),(5442,3528,18),(5443,3528,51),(5444,3528,63),(5445,3529,25),(5446,3529,18),(5447,3529,51),(5448,3529,77),(5449,3531,16),(5450,3531,51),(5451,3531,63),(5452,3532,45),(5453,3532,42),(5454,3532,58),(5455,3532,77),(5456,3533,45),(5457,3533,44),(5458,3533,42),(5459,3533,58),(5460,3533,77),(5461,3534,101),(5462,3534,63),(5463,3535,54),(5464,3535,27),(5465,3536,86),(5466,3536,54),(5467,3537,16),(5468,3537,51),(5469,3537,63),(5470,3540,16),(5471,3541,16),(5472,3542,16),(5473,3542,NULL),(5474,3542,30),(5475,3547,70),(5476,3547,94),(5477,3547,33),(5478,3548,73),(5479,3548,54),(5480,3549,61),(5481,3549,44),(5482,3549,27),(5483,3549,45),(5484,3551,22),(5485,3551,16),(5486,3551,51),(5487,3551,63),(5488,3552,45),(5489,3552,42),(5490,3552,52),(5491,3552,79),(5492,3553,11),(5493,3553,63),(5494,3554,12),(5495,3554,56),(5496,3554,63),(5497,3555,9),(5498,3555,77),(5499,3564,16),(5500,3564,90),(5501,3564,80),(5502,3565,5),(5503,3565,63),(5504,3566,3),(5505,3569,63),(5506,3569,94),(5507,3569,33),(5508,3569,39),(5509,3570,45),(5510,3570,78),(5511,3571,41),(5512,3571,78),(5513,3572,90),(5514,3572,103),(5515,3572,24),(5516,3572,56),(5517,3573,73),(5518,3573,90),(5519,3573,31),(5520,3573,55),(5521,3574,42),(5522,3574,16),(5523,3574,51),(5524,3574,63),(5525,3575,45),(5526,3575,52),(5527,3575,79),(5528,3576,12),(5529,3576,16),(5530,3576,63),(5531,3576,56),(5532,3577,70),(5533,3577,90),(5534,3577,98),(5535,3577,58),(5536,3578,12),(5537,3578,81),(5538,3578,16),(5539,3578,63),(5540,3579,73),(5541,3579,90),(5542,3579,28),(5543,3579,98),(5544,3579,58),(5545,3583,99),(5546,3583,70),(5547,3584,17),(5548,3584,90),(5549,3584,63),(5550,3585,101),(5551,3585,90),(5552,3585,77),(5553,3585,57),(5554,3585,24),(5555,3586,23),(5556,3586,16),(5557,3586,51),(5558,3586,63),(5559,3587,70),(5560,3587,90),(5561,3587,24),(5562,3587,98),(5563,3588,10),(5564,3588,17),(5565,3588,74),(5566,3588,52),(5567,3591,3),(5568,3591,55),(5569,3592,12),(5570,3592,16),(5571,3592,63),(5572,3592,58),(5573,3593,14),(5574,3595,77),(5575,3595,94),(5576,3595,27),(5577,3595,33),(5578,3596,17),(5579,3597,31),(5580,3599,17),(5581,3600,73),(5582,3601,73),(5583,3602,103),(5584,3602,103),(5585,3603,102),(5586,3603,85),(5587,3604,77),(5588,3604,90),(5589,3605,70),(5590,3605,94),(5591,3605,58),(5592,3605,27),(5593,3606,100),(5594,3607,100),(5595,3608,16),(5596,3608,80),(5597,3608,NULL),(5598,3608,30),(5599,3609,5),(5600,3609,63),(5601,3610,41),(5602,3613,90),(5603,3613,24),(5604,3615,58),(5605,3615,64),(5606,3616,63),(5607,3616,58),(5608,3616,24),(5609,3617,90),(5610,3617,58),(5611,3617,63),(5612,3618,101),(5613,3618,63),(5614,3618,91),(5615,3618,58),(5616,3618,24),(5617,3621,5),(5618,3622,77),(5619,3622,90),(5620,3622,24),(5621,3622,98),(5622,3623,16),(5623,3623,80),(5624,3624,1),(5625,3624,66),(5626,3625,77),(5627,3626,44),(5628,3626,16),(5629,3626,51),(5630,3626,69),(5631,3627,63),(5632,3628,101),(5633,3628,63),(5634,3628,58),(5635,3629,1),(5636,3630,1),(5637,3631,88),(5638,3632,88),(5639,3632,NULL),(5640,3632,37),(5641,3634,92),(5642,3634,73),(5643,3634,54),(5644,3634,48),(5645,3635,90),(5646,3635,69),(5647,3636,42),(5648,3636,45),(5649,3636,27),(5650,3636,58),(5651,3636,77),(5652,3637,16),(5653,3637,51),(5654,3637,63),(5655,3638,99),(5656,3638,73),(5657,3639,99),(5658,3639,73),(5659,3640,99),(5660,3641,99),(5661,3642,99),(5662,3643,99),(5663,3647,45),(5664,3647,20),(5665,3647,27),(5666,3647,58),(5667,3647,77),(5668,3651,77),(5669,3651,94),(5670,3651,58),(5671,3651,38),(5672,3651,33),(5673,3655,17),(5674,3655,63),(5675,3656,64),(5676,3658,73),(5677,3658,54),(5678,3659,40),(5679,3659,44),(5680,3659,45),(5681,3662,77),(5682,3662,94),(5683,3662,39),(5684,3662,33),(5685,3663,16),(5686,3663,51),(5687,3663,63),(5688,3664,27),(5689,3664,58),(5690,3664,77),(5691,3667,NULL),(5692,3667,99),(5693,3667,73),(5694,3667,63),(5695,3668,61),(5696,3668,90),(5697,3668,24),(5698,3668,98),(5699,3671,99),(5700,3672,77),(5701,3672,94),(5702,3672,58),(5703,3672,33),(5704,3672,38),(5705,3673,16),(5706,3673,51),(5707,3673,63),(5708,3674,27),(5709,3674,42),(5710,3674,45),(5711,3674,63),(5712,3675,90),(5713,3675,30),(5714,3675,98),(5715,3676,73),(5716,3676,94),(5717,3676,33),(5718,3676,24),(5719,3677,138),(5720,3677,139),(5721,3678,63),(5722,3678,51),(5723,3679,73),(5724,3679,123),(5725,3680,16),(5726,3681,16),(5727,3682,14),(5728,3682,96),(5729,3682,36),(5730,3683,64),(5731,3684,133),(5732,3684,140),(5733,3684,73),(5734,3684,17),(5735,3684,132),(5736,3684,123),(5737,3685,133),(5738,3685,140),(5739,3685,73),(5740,3685,17),(5741,3685,132),(5742,3685,123),(5743,3686,90),(5744,3686,73),(5745,3686,98),(5746,3686,58),(5747,3686,34),(5748,3687,90),(5749,3687,27),(5757,3694,16),(5758,3695,16),(5759,3696,77),(5760,3696,95),(5761,3696,44),(5762,3697,63),(5763,3697,42),(5764,3698,73),(5765,3698,63),(5766,3698,101),(5767,3698,123),(5768,3698,93),(5769,3699,5),(5777,3709,14),(5778,3709,136),(5779,3709,87),(5780,3709,10),(5781,3710,77),(5782,3710,139),(5783,3710,138),(5784,3710,58),(5785,3711,63),(5786,3711,16),(5787,3711,51),(5788,3714,73),(5789,3714,92),(5790,3714,54),(5791,3714,123),(5792,3715,63),(5793,3715,58),(5794,3715,45),(5795,3715,27),(5796,3715,42),(5797,3726,42),(5798,3726,16),(5799,3726,51),(5800,3726,63),(5801,3727,25),(5802,3727,45),(5803,3727,58),(5804,3727,63),(5805,3728,99),(5806,3728,73),(5807,3729,99),(5808,3729,73),(5809,3730,70),(5810,3730,94),(5811,3730,58),(5812,3730,33),(5813,3730,38),(5814,3731,16),(5815,3731,51),(5816,3731,63),(5817,3732,41),(5818,3732,45),(5819,3732,52),(5820,3732,79),(5825,3734,27),(5826,3734,16),(5827,3734,51),(5828,3734,63),(5829,3735,24),(5830,3735,16),(5831,3735,51),(5832,3735,63),(5833,3737,14),(5834,3738,14),(5835,3744,77),(5836,3744,94),(5837,3744,58),(5838,3744,33),(5839,3744,38),(5840,3745,80),(5841,3745,90),(5842,3745,34),(5843,3745,98),(5844,3746,77),(5845,3746,29),(5846,3747,44),(5847,3747,45),(5848,3747,58),(5849,3747,73),(5850,3748,16),(5851,3748,51),(5852,3748,63),(5853,3749,18),(5854,3749,41),(5855,3749,58),(5856,3750,85),(5857,3750,44),(5858,3750,45),(5859,3750,21),(5860,3750,95),(5861,3750,58),(5862,3750,78),(5863,3751,12),(5864,3751,16),(5865,3751,73),(5866,3752,70),(5867,3752,90),(5868,3752,35),(5869,3752,98),(5870,3752,52),(5871,3753,99),(5872,3754,16),(5873,3755,94),(5874,3755,47),(5875,3755,27),(5876,3755,33),(5877,3756,64),(5878,3760,NULL),(5879,3760,99),(5880,3760,73),(5881,3761,NULL),(5882,3761,99),(5883,3761,73),(5884,3763,16),(5885,3766,99),(5886,3767,90),(5887,3767,30),(5888,3768,99),(5889,3769,99),(5890,3770,17),(5891,3770,90),(5892,3771,76),(5893,3772,88),(5894,3773,88),(5895,3774,88),(5896,3777,41),(5897,3778,45),(5898,3778,61),(5899,3779,73),(5900,3779,94),(5901,3779,28),(5902,3780,90),(5903,3780,24),(5904,3780,98),(5905,3781,88),(5906,3782,88),(5907,3783,76),(5908,3784,76),(5909,3785,59),(5910,3786,92),(5911,3786,73),(5912,3786,54),(5913,3786,56),(5914,3787,63),(5915,3787,27),(5916,3788,63),(5917,3788,58),(5918,3788,27),(5919,3795,61),(5920,3795,90),(5921,3795,31),(5922,3795,98),(5923,3796,16),(5924,3796,73),(5925,3797,14),(5926,3798,12),(5927,3798,74),(5928,3801,42),(5929,3802,103),(5930,3802,74),(5931,3802,58);
/*!40000 ALTER TABLE `ship_upgrade` ENABLE KEYS */;
UNLOCK TABLES;

--
-- Table structure for table `tourney`
--

DROP TABLE IF EXISTS `tourney`;
/*!40101 SET @saved_cs_client     = @@character_set_client */;
/*!40101 SET character_set_client = utf8 */;
CREATE TABLE `tourney` (
  `id` int(11) NOT NULL AUTO_INCREMENT,
  `tourney_name` varchar(128) DEFAULT NULL,
  `tourney_date` date DEFAULT NULL,
  `tourney_type` varchar(128) DEFAULT NULL,
  `round_length` int(11) DEFAULT NULL,
  `email` varchar(128) DEFAULT NULL,
  `entry_date` datetime DEFAULT NULL,
  `participant_count` int(11) DEFAULT NULL,
  `locked` tinyint(1) DEFAULT '1',
  PRIMARY KEY (`id`),
  KEY `UNIQUE_INDEX` (`tourney_name`,`tourney_date`,`tourney_type`)
) ENGINE=InnoDB AUTO_INCREMENT=178 DEFAULT CHARSET=utf8;
/*!40101 SET character_set_client = @saved_cs_client */;

--
-- Dumping data for table `tourney`
--

LOCK TABLES `tourney` WRITE;
/*!40000 ALTER TABLE `tourney` DISABLE KEYS */;
INSERT INTO `tourney` VALUES (1,'Worlds 2014 Flight One','2014-11-06','World championship',NULL,NULL,NULL,114,1),(2,'Worlds 2014 Flight Two','2014-11-07','World championship',NULL,NULL,NULL,130,1),(28,'DonjonDec14','2014-12-28','Other',65,NULL,NULL,9,1),(32,'Team Covenant Aces Round 1','2015-01-06','Vassal play',-1,NULL,NULL,12,1),(33,'D20 Games Store Championships 2015 - Game 1 of 8 SF Bay Area Tour','2015-01-04','Store championship',75,NULL,NULL,14,1),(37,'8 Torneio de X-Wing de 2014','2014-12-18','Store championship',60,NULL,NULL,13,1),(43,'One Shot - Recife v 1','2014-12-14','Other',60,NULL,NULL,8,1),(53,'Dice Dojo 2015 Store Championship','2015-01-10','Store championship',60,NULL,NULL,19,1),(55,'One Shot Recife 2.0','2014-12-20','Other',60,NULL,NULL,12,1),(56,'FCB Store Championship','2015-01-10','Store championship',60,NULL,NULL,36,1),(58,'Store Championship Bamberg 2015','2015-01-10','Store championship',75,NULL,NULL,24,1),(59,'Kessel Run Store Championship','2015-01-10','Store championship',75,NULL,NULL,0,1),(63,'2nd Sunday Store Tourney','2015-01-11','Other',60,NULL,NULL,9,1),(64,'Star Wars: X-Wing Store Championship','2015-01-10','Store championship',60,NULL,NULL,0,1),(65,'Game Parlor Monthly Tournament','2015-01-11','Other',60,NULL,NULL,17,1),(79,'9o Torneio X-Wing - 2015','2015-01-10','Store championship',75,'thecrimsondux@gmail.com',NULL,5,1),(80,'Team Covenant Aces Round 2','2015-01-14','Vassal play',-1,'sozinsky@gmail.com',NULL,12,1),(81,' Battleground Games & Hobbies\'s 2015 Winter Tournament','2015-01-10','Other',60,'MajorJuggler@gmail.com',NULL,18,1),(82,'Game Cafe Store Championship','2015-01-10','Store championship',75,'xwingtoman@aol.com','2015-01-15 08:12:00',34,1),(84,'Board Room Winter Kit','2015-01-17','Other',60,'stmackinnon@gmail.com','2015-01-18 01:39:46',21,1),(85,'Dogs of War Store Championship','2015-01-17','Store championship',60,'ssesnick@gmail.com',NULL,20,1),(86,'BattleBunker (SGP) Store Champs','2015-01-17','Store championship',60,'vickjl90@gmail.com',NULL,0,1),(91,'Big Kidz Games','2015-01-17','Store championship',60,'jvgroves@umich.edu','2015-01-22 03:37:31',14,1),(94,'Borderlands Store Championship; Greenville, SC','2015-01-17','Store championship',60,'mechgumbi@yahoo.com','2015-01-23 22:55:08',26,1),(96,'Westside Comics & Games Store Championship','2015-01-24','Store championship',60,'Raith95@hotmail.com','2015-01-25 02:50:39',8,1),(97,'Phantom of the Attic','2015-01-24','Store championship',75,'ff24@yahoo.com','2015-01-25 05:02:11',22,1),(98,'All the King\'s Men Store Championship','2015-01-24','Store championship',75,'mightyspacepope@gmail.com','2015-01-25 05:30:04',24,1),(99,'X wing store championship UGG','2015-01-24','Store championship',60,'Kujoe1988@gmail.com','2015-01-26 05:18:04',22,1),(103,'Store Championship CUBE Poznan','2015-01-25','Store championship',60,'pawel.m.szymkowiak@gmail.com','2015-01-26 19:08:00',25,1),(104,'Store Championship CUBE Poznan','2015-01-25','Store championship',60,'pawel.m.szymkowiak@gmail.com','2015-01-26 19:24:29',25,1),(105,'L.A. Mood Store Champion Ship / London League Episode 1.','2015-01-24','Store championship',60,'lalande.e@gmail.com','2015-01-26 20:01:50',6,1),(107,'Huzzah Hobbies Store Championship','2015-01-24','Store championship',60,'nejenkins@gmail.com','2015-01-27 02:46:46',29,1),(109,'Team Covenant Aces Round 3','2015-01-27','Vassal play',-1,'sozinsky@gmail.com','2015-01-28 04:40:19',12,1),(110,'Team Covenant Aces Round 4','2015-01-27','Vassal play',60,'sozinsky@gmail.com','2015-01-28 04:45:08',12,1),(112,'Fort Wayne Winter Tournament','2015-01-24','Other',75,'chris.brown.spe@gmail.com','2015-01-30 03:06:32',6,1),(116,'Toledo, OH Store Championship','2015-01-31','Store championship',70,'brown192@gmail.com','2015-02-01 01:03:03',13,1),(117,'Comics and Caming, Fairfax Store Championship','2015-01-31','Store championship',60,'aaronutley@gmail.com','2015-02-01 01:44:04',16,1),(118,'Liga Pernambucana - 1a Etapa','2015-01-31','Store championship',60,'joaounb@gmail.com','2015-02-01 23:57:53',12,1),(120,'SC donjon feb 1st','2015-02-01','Store championship',65,'micjuneau@gmail.com','2015-02-02 02:35:39',14,1),(121,'Underhill\'s Games Store Championship','2015-01-31','Store championship',60,'TheUniversalCall@gmail.com','2015-02-02 13:15:06',24,1),(122,'Hairy Tarantula North Store Championship','2015-01-31','Store championship',75,'amunra666@gmail.com','2015-02-02 19:56:49',15,1),(123,'That Game Place Monthly Tournament','2015-01-31','Other',60,'adamlandon1@gmail.com','2015-02-03 03:38:21',5,1),(124,'7th Dimension Games Store Championship','2015-01-31','Store championship',75,'jklst14@gmail.com','2015-02-04 15:59:59',12,1),(125,'7th Dimension Games Store Championship','2015-01-31','Store championship',75,'jklst14@gmail.com','2015-02-04 16:02:51',12,1),(126,'Monstore Store Championship','2015-01-31','Store championship',60,'bryandlt@themonstore.com','2015-02-07 05:13:34',22,1),(127,'Wandering Dragon Store Championship','0015-01-31','Store championship',75,'kyle.w.adams@gmail.com','2015-02-07 20:08:46',25,1),(128,'Rivendell Books & Games 2015 Store Championship','2015-02-07','Store championship',75,'BobRandall81@gmail.com','2015-02-08 02:20:51',6,1),(131,'JBC Store Championship','2015-02-07','Store championship',60,'crosby.lucas@gmail.com','2015-02-08 04:24:14',22,1),(132,'Wondertrail Store Championship 1.2','2015-02-07','Store championship',75,'ryan.weissinger@yahoo.com','2015-02-08 04:27:08',8,1),(133,'Just Imagine 2015 Store Championship','2015-02-07','Store championship',60,'a.m.schlueter@gmail.com','2015-02-08 06:09:55',12,1),(134,'Uncle\'s Games Store Championship','2015-02-07','Store championship',75,'blairbunke@gmail.com','2015-02-08 06:19:21',16,1),(135,'Warzone X-Wing Singles','2015-02-07','Store championship',75,'40kwarzone@gmail.com','2015-02-08 09:30:23',40,1),(136,'Epic\'s Store Championship 2015','2015-02-07','Store championship',75,'jschavez@live.com','2015-02-08 14:38:48',18,1),(140,'Sydney Store Championships','2015-02-07','Store championship',60,'sozinsky@gmail.com','2015-02-08 16:42:14',40,1),(142,'Team Covenant Aces Round 5','2015-02-08','Vassal play',60,'sozinsky@gmail.com','2015-02-08 18:11:21',12,1),(143,'Kessel Run Games Store Championship','2015-01-10','Store championship',75,'sozinsky@gmail.com','2015-02-08 20:38:53',18,1),(144,'At Ease Games Store Championship','2015-01-11','Store championship',60,'sozinsky@gmail.com','2015-02-08 20:44:22',41,1),(145,'BattleBunker Store Champs ','2015-01-19','Store championship',75,'sozinsky@gmail.com','2015-02-08 20:46:19',16,1),(146,'Issy les Moulineaux Store Championships','2015-01-17','Store championship',60,'sozinsky@gmail.com','2015-02-08 20:48:55',28,1),(147,'Hillmar Store Championships','2015-01-31','Store championship',60,'sozinsky@gmail.com','2015-02-08 20:51:22',5,1),(148,'Fantasy Flight Store Championships','2015-01-31','Store championship',60,'sozinsky@gmail.com','2015-02-08 20:54:45',46,1),(149,'Flat Land Games','2015-01-31','Store championship',60,'sozinsky@gmail.com','2015-02-08 20:56:17',45,1),(150,'Great Falls Store Championship','2015-02-01','Store championship',70,'sozinsky@gmail.com','2015-02-08 20:58:03',6,1),(151,'Millennium Games Store Championship','2015-01-31','Store championship',60,'sozinsky@gmail.com','2015-02-08 21:01:58',20,1),(152,'Monster Comics Store Championship','2015-01-31','Store championship',60,'sozinsky@gmail.com','2015-02-08 21:04:28',15,1),(153,'Marquee Models store championship ','2015-02-01','Store championship',60,'sozinsky@gmail.com','2015-02-08 21:05:59',14,1),(154,'Just Chance Games Store Championship','2015-02-07','Store championship',60,'sozinsky@gmail.com','2015-02-08 21:07:43',22,1),(156,'Dark Sphere store championship','2015-02-07','Store championship',60,'sozinsky@gmail.com','2015-02-08 21:13:21',46,1),(157,'AFK Games Store Championshp','2015-02-07','Store championship',60,'sozinsky@gmail.com','2015-02-08 21:15:38',14,1),(158,'Strategies Games & Hobbies - Store Championship 2015','2015-02-07','Store championship',75,'jmalapas@gmail.com','2015-02-08 21:39:21',12,1),(164,'The Wyvern\'s Tale 2015 Store Championship','2015-02-07','Store championship',60,'hineszac@gmail.com','2015-02-09 00:32:32',26,1),(165,'Dragon\'s Hoard Gaming Store Championship 2015','2015-02-07','Store championship',75,'craig_allen1@bellsouth.net','2015-02-09 00:44:35',9,1),(166,'February 2nd Sunday Tourney','2015-02-08','Other',60,'ledeluge22@gmail.com','2015-02-09 05:53:55',13,1),(167,'Quarterstaff Games 2015 Sotre Championship','2015-02-08','Store championship',60,'vanordm@gmail.com','2015-02-09 17:44:55',7,1),(168,'Gamer\'s Den Store Championship','2015-02-07','Store championship',75,'mjb@fatpipe.org','2015-02-09 18:03:40',14,1),(169,'A Fistful of Dice - Store Championship 2015','2015-07-02','Store championship',60,'x-wing@afistfulofdice.co.uk','2015-02-09 22:04:52',22,1),(170,'Warzone X-Wing Singles','2015-02-07','Store championship',75,'40kwarzone@gmail.com','2015-02-10 11:28:39',40,1),(173,'Team Covenant Aces Round 6','2015-02-10','Vassal play',-1,'sozinsky@gmail.com','2015-02-11 03:10:44',12,1),(174,'Black Diamond Games Store Championships','2015-01-31','Store championship',75,'kryzak@gmail.com','2015-02-11 09:03:02',27,1),(175,'Dice Age Games 2015 Store Championships','2015-02-07','Store championship',75,'jim.a.emerick@gmail.com','2015-02-11 19:50:48',26,1),(176,'Eclectic Games X-Wing Store Championship','2015-02-14','Store championship',60,'greenday44221@hotmail.co.uk','2015-02-12 10:14:53',15,1);
/*!40000 ALTER TABLE `tourney` ENABLE KEYS */;
UNLOCK TABLES;

--
-- Table structure for table `tourney_list`
--

DROP TABLE IF EXISTS `tourney_list`;
/*!40101 SET @saved_cs_client     = @@character_set_client */;
/*!40101 SET character_set_client = utf8 */;
CREATE TABLE `tourney_list` (
  `id` int(11) NOT NULL AUTO_INCREMENT,
  `tourney_id` int(11) DEFAULT NULL,
  `image` varchar(128) DEFAULT NULL,
  `name` varchar(128) DEFAULT NULL,
  `faction` enum('rebels','empire','scum') DEFAULT NULL,
  `points` int(11) DEFAULT NULL,
  `player_id` int(11) DEFAULT NULL,
  PRIMARY KEY (`id`),
  KEY `tourney_id` (`tourney_id`),
  KEY `tourney_list_ibfk_2_idx` (`player_id`),
  CONSTRAINT `tourney_list_ibfk_1` FOREIGN KEY (`tourney_id`) REFERENCES `tourney` (`id`),
  CONSTRAINT `tourney_list_ibfk_2` FOREIGN KEY (`player_id`) REFERENCES `tourney_player` (`id`)
) ENGINE=InnoDB AUTO_INCREMENT=3150 DEFAULT CHARSET=utf8;
/*!40101 SET character_set_client = @saved_cs_client */;

--
-- Dumping data for table `tourney_list`
--

LOCK TABLES `tourney_list` WRITE;
/*!40000 ALTER TABLE `tourney_list` DISABLE KEYS */;
INSERT INTO `tourney_list` VALUES (1,1,'static/tourneys/worlds/Flight1/Ira Mayer 1.jpeg',NULL,'rebels',100,245),(2,1,'static/tourneys/worlds/Flight1/Morgan Reid 2.jpeg',NULL,'empire',98,246),(3,1,'static/tourneys/worlds/Flight1/Joseph Kaufman 3.jpeg',NULL,'rebels',99,247),(4,1,'static/tourneys/worlds/Flight1/Richard Hsu 4.jpeg',NULL,'rebels',100,248),(5,1,'static/tourneys/worlds/Flight1/Aaron Bonar 5.jpeg',NULL,'empire',100,249),(6,1,'static/tourneys/worlds/Flight1/Doug Kinney 6.jpeg',NULL,'empire',100,250),(7,1,'static/tourneys/worlds/Flight1/James Skeffington 7.jpeg',NULL,'rebels',100,251),(8,1,'static/tourneys/worlds/Flight1/Scott Williams 8.jpeg',NULL,'rebels',100,252),(9,1,'static/tourneys/worlds/Flight1/Ryan Weissinger 9.jpeg',NULL,'empire',97,253),(10,1,'static/tourneys/worlds/Flight1/Patrick McDonald 10.jpeg',NULL,'rebels',99,254),(11,1,'static/tourneys/worlds/Flight1/James McDonald 11.jpeg',NULL,'empire',98,255),(12,1,'static/tourneys/worlds/Flight1/Jonathan Gomes 13.jpg',NULL,'rebels',100,257),(13,1,'static/tourneys/worlds/Flight1/Chris Jenkins 14.jpeg',NULL,'rebels',100,258),(14,1,'static/tourneys/worlds/Flight1/Nick Jones 16.jpeg',NULL,'empire',99,260),(15,1,'static/tourneys/worlds/Flight1/Evan Claassen 17.jpeg',NULL,'rebels',99,261),(16,1,'static/tourneys/worlds/Flight1/Dustin Poskochil 18.jpeg',NULL,'empire',100,262),(17,1,'static/tourneys/worlds/Flight1/Keith Wilson 19.jpeg',NULL,'empire',99,263),(18,1,'static/tourneys/worlds/Flight1/Jason McMahon 20.jpeg',NULL,'rebels',100,264),(19,1,'static/tourneys/worlds/Flight1/Dustin Foran 21.jpeg',NULL,'rebels',100,265),(20,1,'static/tourneys/worlds/Flight1/Michael Russell 22.jpeg',NULL,'rebels',99,266),(21,1,'static/tourneys/worlds/Flight1/Ron Brannon 23.jpeg',NULL,'empire',99,267),(22,1,'static/tourneys/worlds/Flight1/Brian Charlier 24.jpeg',NULL,'empire',98,268),(23,1,'static/tourneys/worlds/Flight1/James Hobbs 25.jpeg',NULL,'rebels',100,269),(24,1,'static/tourneys/worlds/Flight1/Rick Sidebotham 26.jpeg',NULL,'empire',100,270),(25,1,'static/tourneys/worlds/Flight1/Jonathan Reinig 27.jpeg',NULL,'rebels',96,271),(26,1,'static/tourneys/worlds/Flight1/Landon Otis 28.jpeg',NULL,'rebels',100,272),(27,1,'static/tourneys/worlds/Flight1/Kevin Leintz 29.jpeg',NULL,'rebels',100,273),(28,1,'static/tourneys/worlds/Flight1/Matt Baxter 30.jpeg',NULL,'rebels',99,274),(29,1,'static/tourneys/worlds/Flight1/Jean-Christophe Hu 31.jpeg',NULL,'empire',100,275),(30,1,'static/tourneys/worlds/Flight1/Jim Blakley 32.jpeg',NULL,'rebels',100,276),(31,1,'static/tourneys/worlds/Flight1/Bjorn Kraft 33.jpeg',NULL,'rebels',99,277),(32,1,'static/tourneys/worlds/Flight1/Dallas Parker 34.jpeg',NULL,'empire',100,278),(33,1,'static/tourneys/worlds/Flight1/James Proctor 35.jpeg',NULL,'rebels',100,279),(34,1,'static/tourneys/worlds/Flight1/Tyler Tippett 36.jpeg',NULL,'empire',99,280),(35,1,'static/tourneys/worlds/Flight1/Mark Fletcher 37.jpeg',NULL,'empire',100,281),(36,1,'static/tourneys/worlds/Flight1/Sean Esser 38.jpeg',NULL,'rebels',99,282),(37,1,'static/tourneys/worlds/Flight1/Bronson Wongkew 39.jpeg',NULL,'empire',100,283),(38,1,'static/tourneys/worlds/Flight1/Kyle Adams 40.jpeg',NULL,'empire',100,284),(39,1,'static/tourneys/worlds/Flight1/Ian Schaffer 41.jpeg',NULL,'rebels',99,285),(40,1,'static/tourneys/worlds/Flight1/Matthew Moutoux 42.jpeg',NULL,'rebels',100,286),(41,1,'static/tourneys/worlds/Flight1/Christopher Bates 43.jpeg',NULL,'rebels',100,287),(42,1,'static/tourneys/worlds/Flight1/Marv Cole 44.jpeg',NULL,'rebels',100,288),(43,1,'static/tourneys/worlds/Flight1/Randy Barker 45.jpeg',NULL,'empire',98,289),(44,1,'static/tourneys/worlds/Flight1/Howard Thomas 46.jpeg',NULL,'rebels',99,290),(45,1,'static/tourneys/worlds/Flight1/Jason Markowitz 47.jpeg',NULL,'empire',98,291),(46,1,'static/tourneys/worlds/Flight1/Jeff Berling 48.jpeg',NULL,'rebels',100,292),(47,1,'static/tourneys/worlds/Flight1/Robert Thomas 49.jpeg',NULL,'rebels',100,293),(48,1,'static/tourneys/worlds/Flight1/Rene Modery 50.jpeg',NULL,'rebels',100,294),(49,1,'static/tourneys/worlds/Flight1/Bernie Lin 51.jpeg',NULL,'empire',100,295),(50,1,'static/tourneys/worlds/Flight1/Gavin Norman 52.jpeg',NULL,'empire',98,296),(51,1,'static/tourneys/worlds/Flight1/James Elhardt 53.jpeg',NULL,'rebels',100,297),(52,1,'static/tourneys/worlds/Flight1/Troy Perry 54.jpeg',NULL,'rebels',100,298),(53,1,'static/tourneys/worlds/Flight1/Mike Little 55.jpeg',NULL,'empire',100,299),(54,1,'static/tourneys/worlds/Flight1/Scott Syverson 56.jpeg',NULL,'rebels',100,300),(55,1,'static/tourneys/worlds/Flight1/Josh Ackerman 57.jpeg',NULL,'rebels',100,301),(56,1,'static/tourneys/worlds/Flight1/Alex Wobberna 58.jpeg',NULL,'empire',100,302),(57,1,'static/tourneys/worlds/Flight1/Jason Becker 59.jpeg',NULL,'rebels',100,303),(58,1,'static/tourneys/worlds/Flight1/Andrew Kluis 60.jpeg',NULL,'rebels',100,304),(59,1,'static/tourneys/worlds/Flight1/Eero Bodien 61.jpeg',NULL,'rebels',100,305),(60,1,'static/tourneys/worlds/Flight1/Anthony Backhaus 62.jpeg',NULL,'empire',100,306),(61,1,'static/tourneys/worlds/Flight1/James Tomasson 63.jpeg',NULL,'rebels',99,307),(62,1,'static/tourneys/worlds/Flight1/Colin McMahon 64.jpeg',NULL,'rebels',100,308),(63,1,'static/tourneys/worlds/Flight1/Joseph Hensen 65.jpeg',NULL,'rebels',100,309),(64,1,'static/tourneys/worlds/Flight1/Jim Lumpkin 66.jpeg',NULL,'rebels',100,310),(65,1,'static/tourneys/worlds/Flight1/Carl Peach 67.jpeg',NULL,'rebels',100,311),(66,1,'static/tourneys/worlds/Flight1/Chris Miller 68.jpeg',NULL,'rebels',100,312),(67,1,'static/tourneys/worlds/Flight1/Jenny Schafer 69.jpeg',NULL,'empire',99,313),(68,1,'static/tourneys/worlds/Flight1/Adam Schuh 70.jpeg',NULL,'rebels',100,314),(69,1,'static/tourneys/worlds/Flight1/Matt Brugge 71.jpeg',NULL,'rebels',99,315),(70,1,'static/tourneys/worlds/Flight1/Michael Evans 72.jpeg',NULL,'empire',99,316),(71,1,'static/tourneys/worlds/Flight1/Neil Gilsdorf 73.jpeg',NULL,'rebels',99,317),(72,1,'static/tourneys/worlds/Flight1/Adam Uhler 74.jpeg',NULL,'rebels',98,318),(73,1,'static/tourneys/worlds/Flight1/Pasquale Mazzei 75.jpeg',NULL,'rebels',99,319),(74,1,'static/tourneys/worlds/Flight1/Eric Meske 76.jpeg',NULL,'rebels',100,320),(75,1,'static/tourneys/worlds/Flight1/Patrick Doyle 77.jpeg',NULL,'rebels',100,321),(76,1,'static/tourneys/worlds/Flight1/Matt Holland 78.jpeg',NULL,'empire',99,322),(77,1,'static/tourneys/worlds/Flight1/Erik Gudmunson 79.jpeg',NULL,'rebels',100,323),(78,1,'static/tourneys/worlds/Flight1/Joe McGlinchey 80.jpeg',NULL,'empire',99,324),(79,1,'static/tourneys/worlds/Flight1/Shayn Lavender 81.jpeg',NULL,'rebels',99,325),(80,1,'static/tourneys/worlds/Flight1/Marshal Blackburn 82.jpeg',NULL,'empire',100,326),(81,1,'static/tourneys/worlds/Flight1/Jim Spurrier 83.jpeg',NULL,'rebels',99,327),(82,1,'static/tourneys/worlds/Flight1/Rebecca Zittel 84.jpeg',NULL,'rebels',100,328),(83,1,'static/tourneys/worlds/Flight1/Paul Dykstra 85.jpeg',NULL,'empire',100,329),(84,1,'static/tourneys/worlds/Flight1/Kent Kampos 86.jpeg',NULL,'empire',100,330),(85,1,'static/tourneys/worlds/Flight1/Timothy Sturm 87.jpeg',NULL,'empire',98,331),(86,1,'static/tourneys/worlds/Flight1/Matt Froom 88.jpeg',NULL,'rebels',100,332),(87,1,'static/tourneys/worlds/Flight1/Chien Lin 89.jpeg',NULL,'rebels',97,333),(88,1,'static/tourneys/worlds/Flight1/Tony Staub 90.jpeg',NULL,'empire',100,334),(89,1,'static/tourneys/worlds/Flight1/David Cohn 91.jpeg',NULL,'empire',99,335),(90,1,'static/tourneys/worlds/Flight1/Jason Reynolds 92.jpeg',NULL,'empire',100,336),(91,1,'static/tourneys/worlds/Flight1/Jason Matchett 93.jpeg',NULL,'rebels',100,337),(92,1,'static/tourneys/worlds/Flight1/Andre Benedict 94.jpeg',NULL,'rebels',99,338),(93,1,'static/tourneys/worlds/Flight1/Jason Neurath 95.jpeg',NULL,'rebels',99,339),(94,1,'static/tourneys/worlds/Flight1/Meshari Al-Faris 96.jpeg',NULL,'empire',100,340),(95,1,'static/tourneys/worlds/Flight1/Ben Franzen 97.jpeg',NULL,'rebels',100,341),(96,1,'static/tourneys/worlds/Flight1/Steve Dodd 98.jpeg',NULL,'empire',100,342),(97,1,'static/tourneys/worlds/Flight1/Ethan Westgate 99.jpeg',NULL,'empire',100,343),(98,1,'static/tourneys/worlds/Flight1/Timothy Dugan 100.jpeg',NULL,'rebels',100,344),(99,1,'static/tourneys/worlds/Flight1/Rachel Houk 101.jpeg',NULL,'rebels',100,345),(100,1,'static/tourneys/worlds/Flight1/Nickie Bonar 102.jpeg',NULL,'empire',100,346),(101,1,'static/tourneys/worlds/Flight1/Shawn Patterson 103.jpeg',NULL,'empire',97,347),(102,1,'static/tourneys/worlds/Flight1/Devon Hein 104.jpeg',NULL,'rebels',100,348),(103,1,'static/tourneys/worlds/Flight1/John Leibel 105.jpeg',NULL,'rebels',100,349),(104,1,'static/tourneys/worlds/Flight1/Richard White 106.jpeg',NULL,'rebels',100,350),(105,1,'static/tourneys/worlds/Flight1/Dien Tran 107.jpeg',NULL,'empire',100,351),(106,1,'static/tourneys/worlds/Flight1/Rich Meade 108.jpeg',NULL,'rebels',100,352),(107,1,'static/tourneys/worlds/Flight1/Kyle O-Connell 109.jpeg',NULL,'rebels',100,353),(108,1,'static/tourneys/worlds/Flight1/Matthew Walker 110.jpeg',NULL,'empire',100,354),(109,1,'static/tourneys/worlds/Flight1/Martin Hoffman 111.jpeg',NULL,'empire',98,355),(110,1,'static/tourneys/worlds/Flight1/Brian Brimmer 112.jpeg',NULL,'rebels',100,356),(111,1,'static/tourneys/worlds/Flight1/Michael Jones 113.jpeg',NULL,'empire',100,357),(112,1,'static/tourneys/worlds/Flight1/Garrett Pruim 114.jpeg',NULL,'rebels',99,358),(113,2,'static/tourneys/worlds/Flight2/Keith Wilson 1.jpeg',NULL,'empire',99,359),(114,2,'static/tourneys/worlds/Flight2/Paul Heaver 2.jpeg',NULL,'rebels',100,360),(115,2,'static/tourneys/worlds/Flight2/Jim Judziewicz 3.jpeg',NULL,'rebels',100,361),(116,2,'static/tourneys/worlds/Flight2/William Wadden 4.jpeg',NULL,'rebels',100,362),(117,2,'static/tourneys/worlds/Flight2/Lyle Hayhurst 5.jpeg',NULL,'rebels',99,363),(118,2,'static/tourneys/worlds/Flight2/Patrick Wilcox 6.jpeg',NULL,'empire',99,364),(119,2,'static/tourneys/worlds/Flight2/Iain Hamp 7.jpeg',NULL,'empire',99,365),(120,2,'static/tourneys/worlds/Flight2/Nathan Eide 8.jpeg',NULL,'rebels',100,366),(121,2,'static/tourneys/worlds/Flight2/Chien Lin 9.jpeg',NULL,'rebels',98,367),(122,2,'static/tourneys/worlds/Flight2/Landon Otis 10.jpeg',NULL,'rebels',100,368),(123,2,'static/tourneys/worlds/Flight2/Dallas Parker 11.jpeg',NULL,'empire',100,369),(124,2,'static/tourneys/worlds/Flight2/Captain Typo 12.jpeg',NULL,'rebels',100,370),(125,2,'static/tourneys/worlds/Flight2/Jeff Judziewicz 13.jpeg',NULL,'rebels',100,371),(126,2,'static/tourneys/worlds/Flight2/Daniel Hars 14.jpeg',NULL,'rebels',100,372),(127,2,'static/tourneys/worlds/Flight2/Jason Christopherson 15.jpeg',NULL,'rebels',100,373),(128,2,'static/tourneys/worlds/Flight2/Dom Cairo 16.jpeg',NULL,'empire',100,374),(129,2,'static/tourneys/worlds/Flight2/Ben Keller 17.jpeg',NULL,'empire',99,375),(130,2,'static/tourneys/worlds/Flight2/Bjorn Frafft 18.jpeg',NULL,'rebels',99,376),(131,2,'static/tourneys/worlds/Flight2/Dion Erbes 19.jpeg',NULL,'rebels',99,377),(132,2,'static/tourneys/worlds/Flight2/Jean-Christophe Hu 20.jpeg',NULL,'empire',100,378),(133,2,'static/tourneys/worlds/Flight2/Olaf Ohman 21.jpeg',NULL,'empire',99,379),(134,2,'static/tourneys/worlds/Flight2/Ryan Voigt 22.jpeg',NULL,'rebels',100,380),(135,2,'static/tourneys/worlds/Flight2/Jorgen Tonne 23.jpeg',NULL,'rebels',100,381),(136,2,'static/tourneys/worlds/Flight2/Michael Evans 24.jpeg',NULL,'empire',98,382),(137,2,'static/tourneys/worlds/Flight2/Ian Schaffer 25.jpeg',NULL,'rebels',99,383),(138,2,'static/tourneys/worlds/Flight2/Brett Ulrich 26.jpeg',NULL,'empire',100,384),(139,2,'static/tourneys/worlds/Flight2/John Wilson 27.jpeg',NULL,'rebels',99,385),(140,2,'static/tourneys/worlds/Flight2/Jim Blakley 28.jpeg',NULL,'rebels',100,386),(141,2,'static/tourneys/worlds/Flight2/Benjamin Chee 29.jpeg',NULL,'rebels',100,387),(142,2,'static/tourneys/worlds/Flight2/James Hobbs 30.jpeg',NULL,'rebels',100,388),(143,2,'static/tourneys/worlds/Flight2/Ryan Gericke 31.jpeg',NULL,'rebels',100,389),(144,2,'static/tourneys/worlds/Flight2/Jonathan Reinig 32.jpeg',NULL,'rebels',96,390),(145,2,'static/tourneys/worlds/Flight2/Mark Fletcher 33.jpeg',NULL,'empire',100,391),(146,2,'static/tourneys/worlds/Flight2/Emilio Serrano 34.jpeg',NULL,'rebels',100,392),(147,2,'static/tourneys/worlds/Flight2/Tim Fournier 35.jpeg',NULL,'rebels',100,393),(148,2,'static/tourneys/worlds/Flight2/Macieg Rzepinski 36.jpeg',NULL,'rebels',100,394),(149,2,'static/tourneys/worlds/Flight2/Steve Dodd 38.jpeg',NULL,'empire',100,396),(150,2,'static/tourneys/worlds/Flight2/Blake Boetler 39.jpeg',NULL,'rebels',99,397),(151,2,'static/tourneys/worlds/Flight2/Jason Markowitz 40.jpeg',NULL,'empire',98,398),(152,2,'static/tourneys/worlds/Flight2/Thomas Hoffman 41.jpeg',NULL,'rebels',100,399),(153,2,'static/tourneys/worlds/Flight2/Max Gingold 42.jpeg',NULL,'rebels',100,400),(154,2,'static/tourneys/worlds/Flight2/Andres Matesanz 43.jpeg',NULL,'rebels',100,401),(155,2,'static/tourneys/worlds/Flight2/Ben Franzen 44.jpeg',NULL,'rebels',100,402),(156,2,'static/tourneys/worlds/Flight2/Dustin Foran 45.jpeg',NULL,'rebels',100,403),(157,2,'static/tourneys/worlds/Flight2/Jeff Berling 46.jpeg',NULL,'rebels',100,404),(158,2,'static/tourneys/worlds/Flight2/Christopher Greff 47.jpeg',NULL,'empire',99,405),(159,2,'static/tourneys/worlds/Flight2/Ryan Hatzenbeller 48.jpeg',NULL,'rebels',98,406),(160,2,'static/tourneys/worlds/Flight2/Pasquale Mazzei 49.jpeg',NULL,'rebels',99,407),(161,2,'static/tourneys/worlds/Flight2/Anthony Rossi 50.jpeg',NULL,'rebels',100,408),(162,2,'static/tourneys/worlds/Flight2/Matt ray 51.jpeg',NULL,'empire',100,409),(163,2,'static/tourneys/worlds/Flight2/Tom Mann 52.jpeg',NULL,'rebels',100,410),(164,2,'static/tourneys/worlds/Flight2/Nickie Bonar 53.jpeg',NULL,'empire',100,411),(165,2,'static/tourneys/worlds/Flight2/Michael McFarlin 54.jpeg',NULL,'empire',98,412),(166,2,'static/tourneys/worlds/Flight2/Howard Thomas 55.jpeg',NULL,'rebels',100,413),(167,2,'static/tourneys/worlds/Flight2/Joe McGlinchey 56.jpeg',NULL,'empire',95,414),(168,2,'static/tourneys/worlds/Flight2/Nick Brickelmann 57.jpeg',NULL,'empire',99,415),(169,2,'static/tourneys/worlds/Flight2/Sean Lahti 58.jpeg',NULL,'rebels',100,416),(170,2,'static/tourneys/worlds/Flight2/Sam Cromwell 59.jpeg',NULL,'rebels',100,417),(171,2,'static/tourneys/worlds/Flight2/Nick Tomlonovic 60.jpeg',NULL,'empire',100,418),(172,2,'static/tourneys/worlds/Flight2/Phil Weist 61.jpeg',NULL,'rebels',100,419),(173,2,'static/tourneys/worlds/Flight2/Rob Ross 62.jpeg',NULL,'empire',100,420),(174,2,'static/tourneys/worlds/Flight2/Shayn Lavender 63.jpeg',NULL,'rebels',99,421),(175,2,'static/tourneys/worlds/Flight2/James Proctor 64.jpeg',NULL,'rebels',100,422),(176,2,'static/tourneys/worlds/Flight2/Kyle O-Connell 65.jpeg',NULL,'rebels',100,423),(177,2,'static/tourneys/worlds/Flight2/Fernando Rodriguez 66.jpeg',NULL,'empire',100,424),(178,2,'static/tourneys/worlds/Flight2/James Tomassoni 67.jpeg',NULL,'rebels',96,425),(179,2,'static/tourneys/worlds/Flight2/Kyle Adams 68.jpeg',NULL,'rebels',100,426),(180,2,'static/tourneys/worlds/Flight2/Ryan Krippendorf 69.jpeg',NULL,'empire',98,427),(181,2,'static/tourneys/worlds/Flight2/Brooks Fluegaur-Leavitt 70.jpeg',NULL,'empire',100,428),(182,2,'static/tourneys/worlds/Flight2/Jason Neurath 71.jpeg',NULL,'rebels',99,429),(183,2,'static/tourneys/worlds/Flight2/David Bernstein 72.jpeg',NULL,'rebels',100,430),(184,2,'static/tourneys/worlds/Flight2/Nick Mueller 73.jpeg',NULL,'empire',100,431),(185,2,'static/tourneys/worlds/Flight2/Richard White 74.jpeg',NULL,'empire',100,432),(186,2,'static/tourneys/worlds/Flight2/Gordon McDonald 75.jpeg',NULL,'rebels',99,433),(187,2,'static/tourneys/worlds/Flight2/Randy Barker 76.jpeg',NULL,'empire',100,434),(188,2,'static/tourneys/worlds/Flight2/Ron Brannan 77.jpeg',NULL,'rebels',100,435),(189,2,'static/tourneys/worlds/Flight2/Minh Tran 78.jpeg',NULL,'rebels',100,436),(190,2,'static/tourneys/worlds/Flight2/Tony Roberto 79.jpeg',NULL,'empire',99,437),(191,2,'static/tourneys/worlds/Flight2/Ian Swenson 80.jpeg',NULL,'empire',100,438),(192,2,'static/tourneys/worlds/Flight2/Tyler Tippett 81.jpeg',NULL,'empire',99,439),(193,2,'static/tourneys/worlds/Flight2/Matt Montoux 82.jpeg',NULL,'rebels',100,440),(194,2,'static/tourneys/worlds/Flight2/Jim Spurrier 83.jpeg',NULL,'rebels',99,441),(195,2,'static/tourneys/worlds/Flight2/Brandon Barthel 84.jpeg',NULL,'rebels',100,442),(196,2,'static/tourneys/worlds/Flight2/Alexander Drewek 85.jpeg',NULL,'rebels',100,443),(197,2,'static/tourneys/worlds/Flight2/Michael McDowell 86.jpeg',NULL,'empire',100,444),(198,2,'static/tourneys/worlds/Flight2/Joseph Pepin 87.jpeg',NULL,'rebels',98,445),(199,2,'static/tourneys/worlds/Flight2/Nate Collins 88.jpeg',NULL,'empire',99,446),(200,2,'static/tourneys/worlds/Flight2/Perry Nichols 89.jpeg',NULL,'empire',99,447),(201,2,'static/tourneys/worlds/Flight2/Ryan Forsythe 90.jpeg',NULL,'rebels',100,448),(202,2,'static/tourneys/worlds/Flight2/Bernie Lin 91.jpeg',NULL,'empire',100,449),(203,2,'static/tourneys/worlds/Flight2/Matthew W 92.jpeg',NULL,'empire',100,450),(204,2,'static/tourneys/worlds/Flight2/Troy Perry 93.jpeg',NULL,'rebels',100,451),(205,2,'static/tourneys/worlds/Flight2/Mauricio Sanchez 94.jpeg',NULL,'rebels',100,452),(206,2,'static/tourneys/worlds/Flight2/Kevin Leintz 95.jpeg',NULL,'rebels',100,453),(207,2,'static/tourneys/worlds/Flight2/Rebecca Zittel 96.jpeg',NULL,'rebels',99,454),(208,2,'static/tourneys/worlds/Flight2/Barry Bradley 97.jpeg',NULL,'empire',100,455),(209,2,'static/tourneys/worlds/Flight2/Lee Lahti 98.jpeg',NULL,'empire',98,456),(210,2,'static/tourneys/worlds/Flight2/Shawn Patterson 99.jpeg',NULL,'empire',98,457),(211,2,'static/tourneys/worlds/Flight2/Miles Hammatt 100.jpeg',NULL,'rebels',100,458),(212,2,'static/tourneys/worlds/Flight2/Micah Pilley 101.jpeg',NULL,'rebels',99,459),(213,2,'static/tourneys/worlds/Flight2/Ron Longhi 102.jpeg',NULL,'empire',100,460),(214,2,'static/tourneys/worlds/Flight2/Dal Downing 103.jpg',NULL,'rebels',100,461),(215,2,'static/tourneys/worlds/Flight2/Terrance Reeves-Chong 104.jpeg',NULL,'rebels',100,462),(216,2,'static/tourneys/worlds/Flight2/Rob Davis 105.jpeg',NULL,'rebels',100,463),(217,2,'static/tourneys/worlds/Flight2/Eric Doree 106 pg 1.jpeg',NULL,'empire',98,464),(218,2,'static/tourneys/worlds/Flight2/Scott Brewer 107.jpeg',NULL,'rebels',100,465),(219,2,'static/tourneys/worlds/Flight2/Matthew Saloff 108.jpeg',NULL,'empire',100,466),(220,2,'static/tourneys/worlds/Flight2/Matthew Grosvenor 109.jpeg',NULL,'empire',100,467),(221,2,'static/tourneys/worlds/Flight2/Rebecca Poulos 110.jpeg',NULL,'empire',99,468),(222,2,'static/tourneys/worlds/Flight2/Samuel Roamer 111.jpeg',NULL,'rebels',100,469),(223,2,'static/tourneys/worlds/Flight2/Andrew Harding 112.jpeg',NULL,'empire',100,470),(224,2,'static/tourneys/worlds/Flight2/Robert Portillo 113.jpeg',NULL,'rebels',100,471),(225,2,'static/tourneys/worlds/Flight2/Brad Zimmerman 114.jpeg',NULL,'rebels',100,472),(226,2,'static/tourneys/worlds/Flight2/Daniel Topczewski 115.jpeg',NULL,'rebels',99,473),(227,2,'static/tourneys/worlds/Flight2/Alberto Nieto 116.jpeg',NULL,'empire',100,474),(228,2,'static/tourneys/worlds/Flight2/Adam Uhler 117.jpeg',NULL,'rebels',98,475),(229,2,'static/tourneys/worlds/Flight2/Jim Fraser 118.jpeg',NULL,'empire',99,476),(230,2,'static/tourneys/worlds/Flight2/Matt Baxter 119.jpeg',NULL,'rebels',99,477),(231,2,'static/tourneys/worlds/Flight2/Eric Huffman 120.jpeg',NULL,'empire',100,478),(232,2,'static/tourneys/worlds/Flight2/John Harris 121.jpeg',NULL,'rebels',99,479),(233,2,'static/tourneys/worlds/Flight2/David Bergstrom 122.jpeg',NULL,'empire',100,480),(234,2,'static/tourneys/worlds/Flight2/David Cohn 123.jpeg',NULL,'empire',99,481),(235,2,'static/tourneys/worlds/Flight2/Joshua Tabak 124.jpeg',NULL,'rebels',100,482),(236,2,'static/tourneys/worlds/Flight2/Bronson Wongkew 125 1.jpeg',NULL,'empire',100,483),(237,2,'static/tourneys/worlds/Flight2/Mark Calhoun 126.jpeg',NULL,'empire',100,484),(238,2,'static/tourneys/worlds/Flight2/Kristopher Jamieson 127.jpeg',NULL,'rebels',100,485),(239,2,'static/tourneys/worlds/Flight2/Darren Eskandari 128.jpeg',NULL,'rebels',100,486),(240,2,'static/tourneys/worlds/Flight2/Gavin Norman 129.jpeg',NULL,'empire',100,487),(241,2,'static/tourneys/worlds/Flight2/Jon Dalesandry 130.jpeg',NULL,'empire',98,488),(243,1,'static/tourneys/worlds/Flight1/Ira Mayer 1.jpeg',NULL,'empire',99,259),(244,1,'static/tourneys/worlds/Flight1/Ira Mayer 1.jpeg',NULL,'empire',100,256),(245,2,'static/tourneys/worlds/Flight1/Ira Mayer 1.jpeg',NULL,'rebels',100,395),(375,28,NULL,'Frank Swarm 3','rebels',100,618),(376,28,NULL,'Julie Swarm','empire',99,619),(377,28,NULL,'While Han Was Frozen','rebels',100,620),(378,28,NULL,'Remi W2 Swarm','empire',99,621),(379,28,NULL,NULL,'empire',99,622),(380,28,NULL,NULL,'rebels',100,623),(381,28,NULL,'Kev YTs','rebels',100,624),(382,28,NULL,'Crit Shower','rebels',100,625),(383,28,NULL,'Jonathan Tank','empire',100,626),(394,32,NULL,NULL,NULL,NULL,637),(395,32,NULL,NULL,'empire',99,638),(396,32,NULL,NULL,'rebels',100,639),(397,32,NULL,NULL,'empire',100,640),(398,32,NULL,NULL,'rebels',99,641),(399,32,NULL,NULL,'empire',100,642),(400,32,NULL,NULL,'empire',100,643),(401,32,NULL,NULL,'scum',100,644),(402,32,NULL,NULL,'empire',98,645),(403,32,NULL,NULL,'empire',100,646),(404,32,NULL,NULL,'empire',100,647),(405,32,NULL,NULL,'empire',100,648),(406,33,NULL,NULL,'empire',99,649),(407,33,NULL,NULL,'empire',100,650),(408,33,NULL,NULL,'empire',99,651),(409,33,NULL,NULL,'empire',98,652),(410,33,NULL,NULL,'empire',98,653),(411,33,NULL,NULL,'empire',100,654),(412,33,NULL,NULL,'rebels',100,655),(413,33,NULL,NULL,'empire',99,656),(414,33,NULL,NULL,'empire',100,657),(415,33,NULL,NULL,'rebels',99,658),(416,33,NULL,NULL,'rebels',100,659),(417,33,NULL,NULL,'empire',100,660),(418,33,NULL,NULL,'rebels',100,661),(419,33,NULL,NULL,'empire',100,662),(420,37,NULL,NULL,'rebels',100,663),(421,37,NULL,NULL,'empire',99,664),(422,37,NULL,NULL,'empire',100,665),(423,37,NULL,NULL,'rebels',100,666),(424,37,NULL,NULL,'empire',99,667),(425,37,NULL,NULL,'rebels',31,668),(426,37,NULL,NULL,'empire',99,669),(427,37,NULL,NULL,'empire',99,670),(428,37,NULL,NULL,'rebels',99,671),(429,37,NULL,NULL,'empire',99,672),(430,37,NULL,NULL,'empire',99,673),(431,37,NULL,NULL,'rebels',100,674),(432,37,NULL,NULL,'empire',99,675),(441,43,NULL,NULL,'rebels',99,684),(442,43,NULL,NULL,'rebels',99,685),(443,43,NULL,NULL,'empire',100,686),(444,43,NULL,NULL,'rebels',100,687),(445,43,NULL,NULL,'rebels',100,688),(446,43,NULL,NULL,'rebels',100,689),(447,43,NULL,NULL,'empire',100,690),(448,43,NULL,NULL,'empire',98,691),(533,53,NULL,NULL,'rebels',100,776),(534,53,NULL,NULL,'rebels',98,777),(535,53,NULL,NULL,'empire',100,778),(536,53,NULL,NULL,'rebels',100,779),(537,53,NULL,NULL,'rebels',100,780),(538,53,NULL,NULL,'rebels',100,781),(539,53,NULL,NULL,'empire',100,782),(540,53,NULL,NULL,'rebels',99,783),(541,53,NULL,NULL,'rebels',100,784),(542,53,NULL,NULL,'rebels',100,785),(543,53,NULL,NULL,'empire',98,786),(544,53,NULL,NULL,'empire',100,787),(545,53,NULL,NULL,'rebels',99,788),(546,53,NULL,NULL,'empire',99,789),(547,53,NULL,NULL,'rebels',100,790),(548,53,NULL,NULL,'empire',99,791),(549,53,NULL,NULL,'rebels',100,792),(550,53,NULL,NULL,'empire',99,793),(551,53,NULL,NULL,'rebels',100,794),(552,55,NULL,NULL,'rebels',100,795),(553,55,NULL,NULL,'rebels',98,796),(554,55,NULL,NULL,'empire',98,797),(555,55,NULL,NULL,'empire',99,798),(556,55,NULL,NULL,'empire',100,799),(557,55,NULL,NULL,'empire',100,800),(558,55,NULL,NULL,'rebels',100,801),(559,55,NULL,NULL,'empire',96,802),(560,55,NULL,NULL,'empire',100,803),(561,55,NULL,NULL,'rebels',100,804),(562,55,NULL,NULL,'rebels',100,805),(563,55,NULL,NULL,'rebels',100,806),(564,56,NULL,NULL,'empire',99,807),(565,56,NULL,NULL,'rebels',100,808),(566,56,NULL,NULL,'empire',100,809),(567,56,NULL,NULL,'empire',99,810),(568,56,NULL,NULL,'rebels',99,811),(569,56,NULL,NULL,'rebels',100,812),(570,56,NULL,NULL,'rebels',100,813),(571,56,NULL,NULL,'empire',99,814),(572,56,NULL,NULL,'rebels',100,815),(573,56,NULL,NULL,'rebels',99,816),(574,56,NULL,NULL,'rebels',98,817),(575,56,NULL,NULL,'empire',100,818),(576,56,NULL,NULL,'rebels',100,819),(577,56,NULL,NULL,'empire',99,820),(578,56,NULL,NULL,'empire',100,821),(579,56,NULL,NULL,'rebels',100,822),(580,56,NULL,NULL,'rebels',99,823),(581,56,NULL,NULL,'rebels',100,824),(582,56,NULL,NULL,'empire',98,825),(583,56,NULL,NULL,'rebels',100,826),(584,56,NULL,NULL,'empire',100,827),(585,56,NULL,NULL,'rebels',100,828),(586,56,NULL,NULL,'rebels',100,829),(587,56,NULL,NULL,'rebels',99,830),(588,56,NULL,NULL,'rebels',99,831),(589,56,NULL,NULL,'rebels',100,832),(590,56,NULL,NULL,'rebels',100,833),(591,56,NULL,NULL,'empire',100,834),(592,56,NULL,NULL,'rebels',100,835),(593,56,NULL,NULL,'rebels',100,836),(594,56,NULL,NULL,'rebels',100,837),(595,56,NULL,NULL,'rebels',99,838),(596,56,NULL,NULL,'empire',100,839),(597,56,NULL,NULL,'empire',99,840),(598,56,NULL,NULL,'empire',98,841),(599,56,NULL,NULL,'rebels',100,842),(600,58,NULL,NULL,'empire',99,843),(601,58,NULL,NULL,'empire',100,844),(602,58,NULL,NULL,'rebels',98,845),(603,58,NULL,NULL,'empire',100,846),(604,58,NULL,NULL,'rebels',100,847),(605,58,NULL,NULL,'empire',100,848),(606,58,NULL,NULL,'empire',100,849),(607,58,NULL,NULL,'empire',100,850),(608,58,NULL,NULL,'empire',99,851),(609,58,NULL,NULL,'rebels',99,852),(610,58,NULL,NULL,'rebels',100,853),(611,58,NULL,NULL,'rebels',100,854),(612,58,NULL,NULL,'empire',100,855),(613,58,NULL,NULL,'rebels',100,856),(614,58,NULL,NULL,'rebels',100,857),(615,58,NULL,NULL,'rebels',100,858),(616,58,NULL,NULL,'empire',100,859),(617,58,NULL,NULL,'rebels',100,860),(618,58,NULL,NULL,'rebels',100,861),(619,58,NULL,NULL,'rebels',100,862),(620,58,NULL,NULL,'empire',100,863),(621,58,NULL,NULL,'empire',99,864),(622,58,NULL,NULL,'empire',99,865),(623,58,NULL,NULL,'empire',100,866),(624,63,NULL,NULL,NULL,NULL,867),(625,63,NULL,NULL,NULL,NULL,868),(626,63,NULL,NULL,NULL,NULL,869),(627,63,NULL,NULL,'empire',100,870),(628,63,NULL,NULL,'rebels',99,871),(629,63,NULL,NULL,'rebels',99,872),(630,63,NULL,NULL,'rebels',100,873),(631,63,NULL,NULL,'rebels',100,874),(632,63,NULL,NULL,'rebels',99,875),(633,65,NULL,NULL,'empire',100,876),(634,65,NULL,NULL,'empire',98,877),(635,65,NULL,NULL,'rebels',100,878),(636,65,NULL,NULL,'rebels',100,879),(637,65,NULL,NULL,'empire',99,880),(638,65,NULL,NULL,'empire',100,881),(639,65,NULL,NULL,'empire',100,882),(640,65,NULL,NULL,'empire',100,883),(641,65,NULL,NULL,'rebels',100,884),(642,65,NULL,NULL,'rebels',100,885),(643,65,NULL,NULL,'rebels',100,886),(644,65,NULL,NULL,'rebels',100,887),(645,65,NULL,NULL,'rebels',100,888),(646,65,NULL,NULL,'empire',100,889),(647,65,NULL,NULL,'empire',100,890),(648,65,NULL,NULL,'rebels',100,891),(649,65,NULL,NULL,'rebels',100,892),(756,79,NULL,NULL,'rebels',99,999),(757,79,NULL,NULL,'rebels',100,1000),(758,79,NULL,NULL,'empire',100,1001),(759,79,NULL,NULL,'rebels',100,1002),(760,79,NULL,NULL,'rebels',99,1003),(761,80,NULL,NULL,'empire',100,1004),(762,80,NULL,NULL,'empire',113,1005),(763,80,NULL,NULL,'scum',100,1006),(764,80,NULL,NULL,'empire',112,1007),(765,80,NULL,NULL,'empire',101,1008),(766,80,NULL,NULL,'empire',100,1009),(767,80,NULL,NULL,'rebels',99,1010),(768,80,NULL,NULL,'scum',98,1011),(769,80,NULL,NULL,'empire',104,1012),(770,80,NULL,NULL,'scum',100,1013),(771,80,NULL,NULL,'empire',99,1014),(772,80,NULL,NULL,'scum',100,1015),(773,81,NULL,NULL,'rebels',100,1016),(774,81,NULL,NULL,'empire',100,1017),(775,81,NULL,NULL,'empire',100,1018),(776,81,NULL,NULL,'empire',100,1019),(777,81,NULL,NULL,'empire',99,1020),(778,81,NULL,NULL,'rebels',100,1021),(779,81,NULL,NULL,'empire',99,1022),(780,81,NULL,NULL,'rebels',99,1023),(781,81,NULL,NULL,'empire',99,1024),(782,81,NULL,NULL,'rebels',99,1025),(783,81,NULL,NULL,'empire',100,1026),(784,81,NULL,NULL,'rebels',100,1027),(785,81,NULL,NULL,'rebels',99,1028),(786,81,NULL,NULL,'empire',98,1029),(787,81,NULL,NULL,NULL,NULL,1030),(788,81,NULL,NULL,'rebels',99,1031),(789,81,NULL,NULL,'empire',100,1032),(790,81,NULL,NULL,'rebels',100,1033),(791,82,NULL,NULL,'rebels',99,1034),(792,82,NULL,NULL,'empire',100,1035),(793,82,NULL,NULL,'empire',86,1036),(794,82,NULL,NULL,'rebels',100,1037),(795,82,NULL,NULL,'rebels',100,1038),(796,82,NULL,NULL,'rebels',100,1039),(797,82,NULL,NULL,'rebels',100,1040),(798,82,NULL,NULL,'empire',98,1041),(799,82,NULL,NULL,'rebels',100,1042),(800,82,NULL,NULL,'rebels',100,1043),(801,82,NULL,NULL,'empire',100,1044),(802,82,NULL,NULL,'rebels',99,1045),(803,82,NULL,NULL,'empire',100,1046),(804,82,NULL,NULL,'rebels',100,1047),(805,82,NULL,NULL,'empire',99,1048),(806,82,NULL,NULL,'rebels',100,1049),(807,82,NULL,NULL,'rebels',99,1050),(808,82,NULL,NULL,'empire',100,1051),(809,82,NULL,NULL,'rebels',100,1052),(810,82,NULL,NULL,'rebels',99,1053),(811,82,NULL,NULL,'rebels',100,1054),(812,82,NULL,NULL,'empire',100,1055),(813,82,NULL,NULL,'empire',100,1056),(814,82,NULL,NULL,'empire',99,1057),(815,82,NULL,NULL,'empire',86,1058),(816,82,NULL,NULL,'empire',100,1059),(817,82,NULL,NULL,'rebels',100,1060),(818,82,NULL,NULL,'rebels',100,1061),(819,82,NULL,NULL,'rebels',99,1062),(820,82,NULL,NULL,'rebels',100,1063),(821,82,NULL,NULL,'rebels',100,1064),(822,82,NULL,NULL,'rebels',96,1065),(823,82,NULL,NULL,'rebels',99,1066),(824,82,NULL,NULL,'rebels',100,1067),(830,84,NULL,NULL,'rebels',100,1073),(831,84,NULL,NULL,'empire',98,1074),(832,84,NULL,NULL,'empire',100,1075),(833,84,NULL,NULL,NULL,NULL,1076),(834,84,NULL,NULL,NULL,NULL,1077),(835,84,NULL,NULL,NULL,NULL,1078),(836,84,NULL,NULL,NULL,NULL,1079),(837,84,NULL,NULL,'rebels',100,1080),(838,84,NULL,NULL,'rebels',99,1081),(839,84,NULL,NULL,'empire',98,1082),(840,84,NULL,NULL,'empire',100,1083),(841,84,NULL,NULL,NULL,NULL,1084),(842,84,NULL,NULL,NULL,NULL,1085),(843,84,NULL,NULL,NULL,NULL,1086),(844,84,NULL,NULL,'empire',100,1087),(845,84,NULL,NULL,'rebels',100,1088),(846,84,NULL,NULL,NULL,NULL,1089),(847,84,NULL,NULL,NULL,NULL,1090),(848,84,NULL,NULL,'empire',95,1091),(849,84,NULL,NULL,NULL,NULL,1092),(850,84,NULL,NULL,NULL,NULL,1093),(851,85,NULL,NULL,'rebels',100,1094),(852,85,NULL,NULL,'rebels',98,1095),(853,85,NULL,NULL,'rebels',98,1096),(854,85,NULL,NULL,'empire',99,1097),(855,85,NULL,NULL,'empire',100,1098),(856,85,NULL,NULL,'rebels',100,1099),(857,85,NULL,NULL,'rebels',99,1100),(858,85,NULL,NULL,'empire',98,1101),(859,85,NULL,NULL,'rebels',97,1102),(860,85,NULL,NULL,'rebels',100,1103),(861,85,NULL,NULL,'empire',100,1104),(862,85,NULL,NULL,'rebels',100,1105),(863,85,NULL,NULL,'empire',100,1106),(864,85,NULL,NULL,'rebels',99,1107),(865,85,NULL,NULL,'rebels',100,1108),(866,85,NULL,NULL,'rebels',99,1109),(867,85,NULL,NULL,'rebels',100,1110),(868,85,NULL,NULL,'rebels',100,1111),(869,85,NULL,NULL,'empire',97,1112),(870,85,NULL,NULL,'rebels',98,1113),(877,91,NULL,NULL,'empire',99,1120),(878,91,NULL,NULL,'empire',99,1121),(879,91,NULL,NULL,'empire',100,1122),(880,91,NULL,NULL,'rebels',100,1123),(881,91,NULL,NULL,NULL,NULL,1124),(882,91,NULL,NULL,NULL,NULL,1125),(883,91,NULL,NULL,NULL,NULL,1126),(884,91,NULL,NULL,NULL,NULL,1127),(885,91,NULL,NULL,NULL,NULL,1128),(886,91,NULL,NULL,NULL,NULL,1129),(887,91,NULL,NULL,NULL,NULL,1130),(888,91,NULL,NULL,NULL,NULL,1131),(889,91,NULL,NULL,NULL,NULL,1132),(890,91,NULL,NULL,NULL,NULL,1133),(903,94,NULL,NULL,'empire',98,1146),(904,94,NULL,NULL,'empire',100,1147),(905,94,NULL,NULL,'rebels',99,1148),(906,94,NULL,NULL,'rebels',89,1149),(907,94,NULL,NULL,'empire',100,1150),(908,94,NULL,NULL,'rebels',100,1151),(909,94,NULL,NULL,'rebels',98,1152),(910,94,NULL,NULL,'empire',100,1153),(911,94,NULL,NULL,'empire',100,1154),(912,94,NULL,NULL,'empire',100,1155),(913,94,NULL,NULL,'rebels',100,1156),(914,94,NULL,NULL,'rebels',100,1157),(915,94,NULL,NULL,'empire',100,1158),(916,94,NULL,NULL,'rebels',99,1159),(917,94,NULL,NULL,'empire',100,1160),(918,94,NULL,NULL,'rebels',100,1161),(919,94,NULL,NULL,'rebels',100,1162),(920,94,NULL,NULL,'rebels',100,1163),(921,94,NULL,NULL,'empire',100,1164),(922,94,NULL,NULL,'empire',99,1165),(923,94,NULL,NULL,'rebels',100,1166),(924,94,NULL,NULL,'rebels',100,1167),(925,94,NULL,NULL,'empire',100,1168),(926,94,NULL,NULL,'rebels',98,1169),(927,94,NULL,NULL,'empire',100,1170),(928,94,NULL,NULL,'empire',100,1171),(933,96,NULL,NULL,'rebels',100,1176),(934,96,NULL,NULL,'empire',98,1177),(935,96,NULL,NULL,'rebels',100,1178),(936,96,NULL,NULL,'empire',100,1179),(937,96,NULL,NULL,'rebels',100,1180),(938,96,NULL,NULL,NULL,NULL,1181),(939,97,NULL,NULL,'empire',100,1182),(940,97,NULL,NULL,'rebels',99,1183),(941,97,NULL,NULL,'rebels',100,1184),(942,97,NULL,NULL,'empire',99,1185),(943,97,NULL,NULL,'rebels',99,1186),(944,97,NULL,NULL,'empire',98,1187),(945,97,NULL,NULL,'rebels',100,1188),(946,97,NULL,NULL,'rebels',100,1189),(947,97,NULL,NULL,'empire',100,1190),(948,97,NULL,NULL,'empire',99,1191),(949,97,NULL,NULL,'empire',99,1192),(950,97,NULL,NULL,'rebels',100,1193),(951,97,NULL,NULL,'empire',98,1194),(952,97,NULL,NULL,'empire',99,1195),(953,97,NULL,NULL,'empire',99,1196),(954,97,NULL,NULL,'rebels',98,1197),(955,97,NULL,NULL,'empire',100,1198),(956,97,NULL,NULL,'rebels',99,1199),(957,97,NULL,NULL,'rebels',98,1200),(958,97,NULL,NULL,'rebels',100,1201),(959,97,NULL,NULL,'rebels',100,1202),(960,97,NULL,NULL,'empire',98,1203),(961,98,NULL,NULL,'empire',100,1204),(962,98,NULL,NULL,'empire',99,1205),(963,98,NULL,NULL,'rebels',100,1206),(964,98,NULL,NULL,'empire',100,1207),(965,98,NULL,NULL,'rebels',100,1208),(966,98,NULL,NULL,'empire',100,1209),(967,98,NULL,NULL,'empire',97,1210),(968,98,NULL,NULL,'empire',99,1211),(969,98,NULL,NULL,'rebels',99,1212),(970,98,NULL,NULL,'rebels',98,1213),(971,98,NULL,NULL,'rebels',100,1214),(972,98,NULL,NULL,'rebels',99,1215),(973,98,NULL,NULL,'rebels',100,1216),(974,98,NULL,NULL,'rebels',97,1217),(975,98,NULL,NULL,'rebels',99,1218),(976,98,NULL,NULL,'empire',100,1219),(977,98,NULL,NULL,'rebels',100,1220),(978,98,NULL,NULL,'empire',100,1221),(979,98,NULL,NULL,'empire',100,1222),(980,98,NULL,NULL,'empire',99,1223),(981,98,NULL,NULL,'rebels',100,1224),(982,98,NULL,NULL,'rebels',100,1225),(983,98,NULL,NULL,'empire',100,1226),(984,98,NULL,NULL,'empire',98,1227),(985,99,NULL,NULL,'rebels',100,1228),(986,99,NULL,NULL,'empire',100,1229),(987,99,NULL,NULL,'rebels',100,1230),(988,99,NULL,NULL,'rebels',100,1231),(989,99,NULL,NULL,'empire',99,1232),(990,99,NULL,NULL,'rebels',100,1233),(991,99,NULL,NULL,'rebels',99,1234),(992,99,NULL,NULL,'rebels',100,1235),(1017,105,NULL,NULL,'rebels',100,1260),(1018,105,NULL,NULL,'empire',100,1261),(1019,105,NULL,NULL,'rebels',100,1262),(1020,105,NULL,NULL,'empire',99,1263),(1021,105,NULL,NULL,'rebels',100,1264),(1022,105,NULL,NULL,'empire',100,1265),(1023,107,NULL,NULL,'empire',100,1266),(1024,107,NULL,NULL,'empire',97,1267),(1025,107,NULL,NULL,'empire',100,1268),(1026,107,NULL,NULL,'empire',99,1269),(1027,107,NULL,NULL,'rebels',100,1270),(1028,107,NULL,NULL,'rebels',100,1271),(1029,107,NULL,NULL,'rebels',100,1272),(1030,107,NULL,NULL,'empire',99,1273),(1031,107,NULL,NULL,NULL,NULL,1274),(1032,107,NULL,NULL,'rebels',100,1275),(1033,107,NULL,NULL,NULL,NULL,1276),(1034,107,NULL,NULL,NULL,NULL,1277),(1035,107,NULL,NULL,NULL,NULL,1278),(1036,107,NULL,NULL,NULL,NULL,1279),(1037,107,NULL,NULL,NULL,NULL,1280),(1038,107,NULL,NULL,NULL,NULL,1281),(1039,107,NULL,NULL,NULL,NULL,1282),(1040,107,NULL,NULL,NULL,NULL,1283),(1041,107,NULL,NULL,NULL,NULL,1284),(1042,107,NULL,NULL,NULL,NULL,1285),(1043,107,NULL,NULL,NULL,NULL,1286),(1044,107,NULL,NULL,NULL,NULL,1287),(1045,107,NULL,NULL,NULL,NULL,1288),(1046,107,NULL,NULL,NULL,NULL,1289),(1047,107,NULL,NULL,NULL,NULL,1290),(1048,107,NULL,NULL,NULL,NULL,1291),(1049,107,NULL,NULL,NULL,NULL,1292),(1050,107,NULL,NULL,NULL,NULL,1293),(1051,107,NULL,NULL,NULL,NULL,1294),(1071,109,NULL,NULL,'empire',104,1314),(1072,109,NULL,NULL,'empire',99,1315),(1073,109,NULL,NULL,'empire',100,1316),(1074,109,NULL,NULL,'empire',99,1317),(1075,109,NULL,NULL,'rebels',100,1318),(1076,109,NULL,NULL,'rebels',100,1319),(1077,109,NULL,NULL,'empire',100,1320),(1078,109,NULL,NULL,'scum',100,1321),(1079,109,NULL,NULL,'scum',100,1322),(1080,109,NULL,NULL,'empire',100,1323),(1081,109,NULL,NULL,'empire',100,1324),(1082,109,NULL,NULL,'scum',100,1325),(1083,110,NULL,NULL,'empire',104,1326),(1084,110,NULL,NULL,'empire',99,1327),(1085,110,NULL,NULL,'empire',100,1328),(1086,110,NULL,NULL,'scum',99,1329),(1087,110,NULL,NULL,'empire',99,1330),(1088,110,NULL,NULL,'rebels',100,1331),(1089,110,NULL,NULL,'empire',99,1332),(1090,110,NULL,NULL,'scum',100,1333),(1091,110,NULL,NULL,'scum',100,1334),(1092,110,NULL,NULL,'empire',102,1335),(1093,110,NULL,NULL,'empire',100,1336),(1094,110,NULL,NULL,'scum',100,1337),(1099,112,NULL,NULL,NULL,NULL,1342),(1100,112,NULL,NULL,NULL,NULL,1343),(1101,112,NULL,NULL,NULL,NULL,1344),(1102,112,NULL,NULL,NULL,NULL,1345),(1103,112,NULL,NULL,NULL,NULL,1346),(1104,112,NULL,NULL,NULL,NULL,1347),(1111,116,NULL,NULL,'empire',98,1354),(1112,116,NULL,NULL,'rebels',100,1355),(1113,116,NULL,NULL,'empire',99,1356),(1114,116,NULL,NULL,'rebels',100,1357),(1115,116,NULL,NULL,'rebels',98,1358),(1116,116,NULL,NULL,'rebels',100,1359),(1117,116,NULL,NULL,'rebels',100,1360),(1118,116,NULL,NULL,'rebels',100,1361),(1119,116,NULL,NULL,'rebels',100,1362),(1120,116,NULL,NULL,'empire',100,1363),(1121,116,NULL,NULL,'empire',100,1364),(1122,116,NULL,NULL,'rebels',100,1365),(1123,116,NULL,NULL,'empire',99,1366),(1124,117,NULL,NULL,NULL,NULL,1367),(1125,117,NULL,NULL,'empire',98,1368),(1126,117,NULL,NULL,NULL,NULL,1369),(1127,117,NULL,NULL,NULL,NULL,1370),(1128,117,NULL,NULL,'rebels',99,1371),(1129,117,NULL,NULL,'empire',98,1372),(1130,117,NULL,NULL,'empire',100,1373),(1131,117,NULL,NULL,'empire',100,1374),(1132,117,NULL,NULL,'empire',100,1375),(1133,117,NULL,NULL,'rebels',100,1376),(1134,117,NULL,NULL,NULL,NULL,1377),(1135,117,NULL,NULL,'rebels',99,1378),(1136,117,NULL,NULL,NULL,NULL,1379),(1137,117,NULL,NULL,NULL,NULL,1380),(1138,117,NULL,NULL,'empire',100,1381),(1139,117,NULL,NULL,'rebels',100,1382),(1140,118,NULL,NULL,'rebels',100,1383),(1141,118,NULL,NULL,'empire',100,1384),(1142,118,NULL,NULL,'rebels',100,1385),(1143,118,NULL,NULL,'rebels',99,1386),(1144,118,NULL,NULL,'empire',99,1387),(1145,118,NULL,NULL,'empire',96,1388),(1146,118,NULL,NULL,'rebels',97,1389),(1147,118,NULL,NULL,'empire',99,1390),(1148,118,NULL,NULL,'rebels',100,1391),(1149,118,NULL,NULL,'empire',100,1392),(1150,118,NULL,NULL,'empire',99,1393),(1151,118,NULL,NULL,'rebels',100,1394),(1166,120,NULL,NULL,'empire',100,1409),(1167,120,NULL,NULL,'empire',100,1410),(1168,120,NULL,NULL,'empire',99,1411),(1169,120,NULL,NULL,'rebels',99,1412),(1170,120,NULL,NULL,'rebels',100,1413),(1171,120,NULL,NULL,'empire',86,1414),(1172,120,NULL,NULL,'rebels',100,1415),(1173,120,NULL,NULL,'empire',100,1416),(1174,120,NULL,NULL,'rebels',100,1417),(1175,120,NULL,NULL,'rebels',100,1418),(1176,120,NULL,NULL,'rebels',100,1419),(1177,120,NULL,NULL,'rebels',100,1420),(1178,120,NULL,NULL,'rebels',100,1421),(1179,120,NULL,NULL,'empire',100,1422),(1180,121,NULL,NULL,'rebels',100,1423),(1181,121,NULL,NULL,'rebels',100,1424),(1182,121,NULL,NULL,'rebels',100,1425),(1183,121,NULL,NULL,'empire',99,1426),(1184,121,NULL,NULL,'empire',99,1427),(1185,121,NULL,NULL,'empire',99,1428),(1186,121,NULL,NULL,'empire',100,1429),(1187,121,NULL,NULL,'rebels',100,1430),(1188,121,NULL,NULL,'rebels',100,1431),(1189,121,NULL,NULL,'rebels',100,1432),(1190,121,NULL,NULL,'rebels',100,1433),(1191,121,NULL,NULL,'empire',96,1434),(1192,121,NULL,NULL,'empire',100,1435),(1193,121,NULL,NULL,'empire',100,1436),(1194,121,NULL,NULL,'rebels',100,1437),(1195,121,NULL,NULL,'empire',98,1438),(1196,121,NULL,NULL,'rebels',100,1439),(1197,121,NULL,NULL,'empire',100,1440),(1198,121,NULL,NULL,'rebels',98,1441),(1199,121,NULL,NULL,'rebels',99,1442),(1200,121,NULL,NULL,'rebels',98,1443),(1201,121,NULL,NULL,'rebels',100,1444),(1202,121,NULL,NULL,'rebels',99,1445),(1203,121,NULL,NULL,'empire',100,1446),(1204,122,NULL,NULL,NULL,NULL,1447),(1205,122,NULL,NULL,NULL,NULL,1448),(1206,122,NULL,NULL,NULL,NULL,1449),(1207,122,NULL,NULL,'rebels',95,1450),(1208,122,NULL,NULL,'empire',98,1451),(1209,122,NULL,NULL,NULL,NULL,1452),(1210,122,NULL,NULL,NULL,NULL,1453),(1211,122,NULL,NULL,NULL,NULL,1454),(1212,122,NULL,NULL,NULL,NULL,1455),(1213,122,NULL,NULL,NULL,NULL,1456),(1214,122,NULL,NULL,'rebels',97,1457),(1215,122,NULL,NULL,'rebels',100,1458),(1216,122,NULL,NULL,NULL,NULL,1459),(1217,122,NULL,NULL,NULL,NULL,1460),(1218,122,NULL,NULL,NULL,NULL,1461),(1219,123,NULL,NULL,'empire',100,1462),(1220,123,NULL,NULL,'rebels',100,1463),(1221,123,NULL,NULL,'rebels',100,1464),(1222,123,NULL,NULL,'empire',99,1465),(1223,123,NULL,NULL,'empire',100,1466),(1224,126,NULL,NULL,NULL,NULL,1467),(1225,126,NULL,NULL,NULL,NULL,1468),(1226,126,NULL,NULL,NULL,NULL,1469),(1227,126,NULL,NULL,'empire',98,1470),(1228,126,NULL,NULL,NULL,NULL,1471),(1229,126,NULL,NULL,NULL,NULL,1472),(1230,126,NULL,NULL,NULL,NULL,1473),(1231,126,NULL,NULL,'rebels',98,1474),(1232,126,NULL,NULL,NULL,NULL,1475),(1233,126,NULL,NULL,NULL,NULL,1476),(1234,126,NULL,NULL,'rebels',100,1477),(1235,126,NULL,NULL,'rebels',97,1478),(1236,126,NULL,NULL,NULL,NULL,1479),(1237,126,NULL,NULL,'rebels',100,1480),(1238,126,NULL,NULL,NULL,NULL,1481),(1239,126,NULL,NULL,NULL,NULL,1482),(1240,126,NULL,NULL,NULL,NULL,1483),(1241,126,NULL,NULL,'rebels',99,1484),(1242,126,NULL,NULL,'rebels',100,1485),(1243,126,NULL,NULL,NULL,NULL,1486),(1244,126,NULL,NULL,'rebels',97,1487),(1245,126,NULL,NULL,NULL,NULL,1488),(1246,127,NULL,NULL,'empire',100,1489),(1247,127,NULL,NULL,'rebels',100,1490),(1248,127,NULL,NULL,'empire',100,1491),(1249,127,NULL,NULL,'rebels',100,1492),(1250,127,NULL,NULL,'rebels',100,1493),(1251,127,NULL,NULL,'empire',99,1494),(1252,127,NULL,NULL,'empire',97,1495),(1253,127,NULL,NULL,'rebels',100,1496),(1254,127,NULL,NULL,'rebels',99,1497),(1255,127,NULL,NULL,'empire',100,1498),(1256,127,NULL,NULL,'rebels',99,1499),(1257,127,NULL,NULL,'empire',100,1500),(1258,127,NULL,NULL,'rebels',100,1501),(1259,127,NULL,NULL,'empire',100,1502),(1260,127,NULL,NULL,'empire',100,1503),(1261,127,NULL,NULL,'rebels',100,1504),(1262,127,NULL,NULL,'empire',100,1505),(1263,127,NULL,NULL,'empire',86,1506),(1264,127,NULL,NULL,'rebels',98,1507),(1265,127,NULL,NULL,'empire',97,1508),(1266,127,NULL,NULL,'empire',100,1509),(1267,127,NULL,NULL,'rebels',100,1510),(1268,127,NULL,NULL,'rebels',99,1511),(1269,127,NULL,NULL,'empire',99,1512),(1270,127,NULL,NULL,'empire',99,1513),(1271,128,NULL,NULL,'empire',98,1514),(1272,128,NULL,NULL,'rebels',99,1515),(1273,128,NULL,NULL,'rebels',100,1516),(1274,128,NULL,NULL,'empire',100,1517),(1275,128,NULL,NULL,'empire',100,1518),(1276,128,NULL,NULL,'rebels',100,1519),(1289,131,NULL,NULL,'rebels',100,1532),(1290,131,NULL,NULL,'rebels',99,1533),(1291,131,NULL,NULL,'rebels',100,1534),(1292,131,NULL,NULL,'empire',98,1535),(1293,132,NULL,NULL,'rebels',100,1536),(1294,132,NULL,NULL,'empire',100,1537),(1295,132,NULL,NULL,'empire',100,1538),(1296,132,NULL,NULL,'rebels',100,1539),(1297,132,NULL,NULL,'empire',99,1540),(1298,132,NULL,NULL,'rebels',99,1541),(1299,132,NULL,NULL,'empire',99,1542),(1300,132,NULL,NULL,'rebels',100,1543),(1301,133,NULL,NULL,'empire',100,1544),(1302,133,NULL,NULL,'empire',100,1545),(1303,133,NULL,NULL,'rebels',99,1546),(1304,133,NULL,NULL,'rebels',100,1547),(1305,133,NULL,NULL,'rebels',100,1548),(1306,133,NULL,NULL,'rebels',98,1549),(1307,133,NULL,NULL,'rebels',98,1550),(1308,133,NULL,NULL,'rebels',100,1551),(1309,133,NULL,NULL,'rebels',100,1552),(1310,133,NULL,NULL,'empire',100,1553),(1311,133,NULL,NULL,'rebels',98,1554),(1312,133,NULL,NULL,'rebels',100,1555),(1313,134,NULL,NULL,'empire',100,1556),(1314,134,NULL,NULL,NULL,NULL,1557),(1315,134,NULL,NULL,NULL,NULL,1558),(1316,134,NULL,NULL,'rebels',100,1559),(1317,134,NULL,NULL,'rebels',100,1560),(1318,134,NULL,NULL,NULL,NULL,1561),(1319,134,NULL,NULL,NULL,NULL,1562),(1320,134,NULL,NULL,'empire',100,1563),(1321,134,NULL,NULL,'rebels',100,1564),(1322,134,NULL,NULL,NULL,NULL,1565),(1323,134,NULL,NULL,'rebels',100,1566),(1324,134,NULL,NULL,NULL,NULL,1567),(1325,134,NULL,NULL,'rebels',100,1568),(1326,134,NULL,NULL,NULL,NULL,1569),(1327,134,NULL,NULL,NULL,NULL,1570),(1328,134,NULL,NULL,'empire',99,1571),(1329,136,NULL,NULL,'rebels',100,1572),(1330,136,NULL,NULL,'rebels',100,1573),(1331,136,NULL,NULL,'rebels',100,1574),(1332,136,NULL,NULL,'rebels',100,1575),(1333,136,NULL,NULL,'rebels',100,1576),(1334,136,NULL,NULL,'rebels',100,1577),(1335,136,NULL,NULL,'rebels',100,1578),(1336,136,NULL,NULL,'empire',100,1579),(1337,136,NULL,NULL,'empire',100,1580),(1338,136,NULL,NULL,'rebels',100,1581),(1339,136,NULL,NULL,'rebels',100,1582),(1340,136,NULL,NULL,'empire',100,1583),(1341,136,NULL,NULL,'rebels',99,1584),(1342,136,NULL,NULL,'empire',100,1585),(1343,136,NULL,NULL,'rebels',100,1586),(1344,136,NULL,NULL,'rebels',98,1587),(1345,136,NULL,NULL,'empire',100,1588),(1346,136,NULL,NULL,'rebels',100,1589),(1383,140,NULL,NULL,'empire',100,1626),(1384,140,NULL,NULL,NULL,NULL,1627),(1385,140,NULL,NULL,NULL,NULL,1628),(1386,140,NULL,NULL,NULL,NULL,1629),(1387,140,NULL,NULL,NULL,NULL,1630),(1388,140,NULL,NULL,NULL,NULL,1631),(1389,140,NULL,NULL,NULL,NULL,1632),(1390,140,NULL,NULL,NULL,NULL,1633),(1391,140,NULL,NULL,NULL,NULL,1634),(1392,140,NULL,NULL,NULL,NULL,1635),(1393,140,NULL,NULL,NULL,NULL,1636),(1394,140,NULL,NULL,NULL,NULL,1637),(1395,140,NULL,NULL,NULL,NULL,1638),(1396,140,NULL,NULL,NULL,NULL,1639),(1397,140,NULL,NULL,NULL,NULL,1640),(1398,140,NULL,NULL,NULL,NULL,1641),(1399,140,NULL,NULL,NULL,NULL,1642),(1400,140,NULL,NULL,NULL,NULL,1643),(1401,140,NULL,NULL,NULL,NULL,1644),(1402,140,NULL,NULL,NULL,NULL,1645),(1403,140,NULL,NULL,NULL,NULL,1646),(1404,140,NULL,NULL,NULL,NULL,1647),(1405,140,NULL,NULL,NULL,NULL,1648),(1406,140,NULL,NULL,NULL,NULL,1649),(1407,140,NULL,NULL,NULL,NULL,1650),(1408,140,NULL,NULL,NULL,NULL,1651),(1409,140,NULL,NULL,NULL,NULL,1652),(1410,140,NULL,NULL,NULL,NULL,1653),(1411,140,NULL,NULL,NULL,NULL,1654),(1412,140,NULL,NULL,NULL,NULL,1655),(1413,140,NULL,NULL,NULL,NULL,1656),(1414,140,NULL,NULL,NULL,NULL,1657),(1415,140,NULL,NULL,NULL,NULL,1658),(1416,140,NULL,NULL,NULL,NULL,1659),(1417,140,NULL,NULL,NULL,NULL,1660),(1418,140,NULL,NULL,NULL,NULL,1661),(1419,140,NULL,NULL,NULL,NULL,1662),(1420,140,NULL,NULL,NULL,NULL,1663),(1421,140,NULL,NULL,NULL,NULL,1664),(1422,140,NULL,NULL,NULL,NULL,1665),(1432,142,NULL,NULL,'empire',100,1675),(1433,142,NULL,NULL,'empire',103,1676),(1434,142,NULL,NULL,'rebels',100,1677),(1435,142,NULL,NULL,'empire',100,1678),(1436,142,NULL,NULL,'empire',109,1679),(1437,142,NULL,NULL,'scum',100,1680),(1438,142,NULL,NULL,'scum',99,1681),(1439,142,NULL,NULL,'empire',100,1682),(1440,142,NULL,NULL,'rebels',100,1683),(1441,142,NULL,NULL,'empire',100,1684),(1442,142,NULL,NULL,'rebels',100,1685),(1443,142,NULL,NULL,'rebels',100,1686),(1444,143,NULL,NULL,NULL,NULL,1687),(1445,143,NULL,NULL,NULL,NULL,1688),(1446,143,NULL,NULL,NULL,NULL,1689),(1447,143,NULL,NULL,NULL,NULL,1690),(1448,143,NULL,NULL,NULL,NULL,1691),(1449,143,NULL,NULL,NULL,NULL,1692),(1450,143,NULL,NULL,NULL,NULL,1693),(1451,143,NULL,NULL,NULL,NULL,1694),(1452,143,NULL,NULL,NULL,NULL,1695),(1453,143,NULL,NULL,NULL,NULL,1696),(1454,143,NULL,NULL,NULL,NULL,1697),(1455,143,NULL,NULL,NULL,NULL,1698),(1456,143,NULL,NULL,NULL,NULL,1699),(1457,143,NULL,NULL,NULL,NULL,1700),(1458,143,NULL,NULL,NULL,NULL,1701),(1459,143,NULL,NULL,NULL,NULL,1702),(1460,143,NULL,NULL,NULL,NULL,1703),(1461,143,NULL,NULL,NULL,NULL,1704),(1462,144,NULL,NULL,NULL,NULL,1705),(1463,144,NULL,NULL,NULL,NULL,1706),(1464,144,NULL,NULL,NULL,NULL,1707),(1465,144,NULL,NULL,NULL,NULL,1708),(1466,144,NULL,NULL,NULL,NULL,1709),(1467,144,NULL,NULL,NULL,NULL,1710),(1468,144,NULL,NULL,NULL,NULL,1711),(1469,144,NULL,NULL,NULL,NULL,1712),(1470,144,NULL,NULL,NULL,NULL,1713),(1471,144,NULL,NULL,NULL,NULL,1714),(1472,144,NULL,NULL,NULL,NULL,1715),(1473,144,NULL,NULL,NULL,NULL,1716),(1474,144,NULL,NULL,NULL,NULL,1717),(1475,144,NULL,NULL,NULL,NULL,1718),(1476,144,NULL,NULL,NULL,NULL,1719),(1477,144,NULL,NULL,NULL,NULL,1720),(1478,144,NULL,NULL,NULL,NULL,1721),(1479,144,NULL,NULL,NULL,NULL,1722),(1480,144,NULL,NULL,NULL,NULL,1723),(1481,144,NULL,NULL,NULL,NULL,1724),(1482,144,NULL,NULL,NULL,NULL,1725),(1483,144,NULL,NULL,NULL,NULL,1726),(1484,144,NULL,NULL,NULL,NULL,1727),(1485,144,NULL,NULL,NULL,NULL,1728),(1486,144,NULL,NULL,NULL,NULL,1729),(1487,144,NULL,NULL,NULL,NULL,1730),(1488,144,NULL,NULL,NULL,NULL,1731),(1489,144,NULL,NULL,NULL,NULL,1732),(1490,144,NULL,NULL,NULL,NULL,1733),(1491,144,NULL,NULL,NULL,NULL,1734),(1492,144,NULL,NULL,NULL,NULL,1735),(1493,144,NULL,NULL,NULL,NULL,1736),(1494,144,NULL,NULL,NULL,NULL,1737),(1495,144,NULL,NULL,NULL,NULL,1738),(1496,144,NULL,NULL,NULL,NULL,1739),(1497,144,NULL,NULL,NULL,NULL,1740),(1498,144,NULL,NULL,NULL,NULL,1741),(1499,144,NULL,NULL,NULL,NULL,1742),(1500,144,NULL,NULL,NULL,NULL,1743),(1501,144,NULL,NULL,NULL,NULL,1744),(1502,144,NULL,NULL,NULL,NULL,1745),(1503,145,NULL,NULL,NULL,NULL,1746),(1504,145,NULL,NULL,NULL,NULL,1747),(1505,145,NULL,NULL,NULL,NULL,1748),(1506,145,NULL,NULL,NULL,NULL,1749),(1507,145,NULL,NULL,NULL,NULL,1750),(1508,145,NULL,NULL,NULL,NULL,1751),(1509,145,NULL,NULL,NULL,NULL,1752),(1510,145,NULL,NULL,NULL,NULL,1753),(1511,145,NULL,NULL,NULL,NULL,1754),(1512,145,NULL,NULL,NULL,NULL,1755),(1513,145,NULL,NULL,NULL,NULL,1756),(1514,145,NULL,NULL,NULL,NULL,1757),(1515,145,NULL,NULL,NULL,NULL,1758),(1516,145,NULL,NULL,NULL,NULL,1759),(1517,145,NULL,NULL,NULL,NULL,1760),(1518,145,NULL,NULL,NULL,NULL,1761),(1519,146,NULL,NULL,NULL,NULL,1762),(1520,146,NULL,NULL,NULL,NULL,1763),(1521,146,NULL,NULL,NULL,NULL,1764),(1522,146,NULL,NULL,NULL,NULL,1765),(1523,146,NULL,NULL,NULL,NULL,1766),(1524,146,NULL,NULL,NULL,NULL,1767),(1525,146,NULL,NULL,NULL,NULL,1768),(1526,146,NULL,NULL,NULL,NULL,1769),(1527,146,NULL,NULL,NULL,NULL,1770),(1528,146,NULL,NULL,NULL,NULL,1771),(1529,146,NULL,NULL,NULL,NULL,1772),(1530,146,NULL,NULL,NULL,NULL,1773),(1531,146,NULL,NULL,NULL,NULL,1774),(1532,146,NULL,NULL,NULL,NULL,1775),(1533,146,NULL,NULL,NULL,NULL,1776),(1534,146,NULL,NULL,NULL,NULL,1777),(1535,146,NULL,NULL,NULL,NULL,1778),(1536,146,NULL,NULL,NULL,NULL,1779),(1537,146,NULL,NULL,NULL,NULL,1780),(1538,146,NULL,NULL,NULL,NULL,1781),(1539,146,NULL,NULL,NULL,NULL,1782),(1540,146,NULL,NULL,NULL,NULL,1783),(1541,146,NULL,NULL,NULL,NULL,1784),(1542,146,NULL,NULL,NULL,NULL,1785),(1543,146,NULL,NULL,NULL,NULL,1786),(1544,146,NULL,NULL,NULL,NULL,1787),(1545,146,NULL,NULL,NULL,NULL,1788),(1546,146,NULL,NULL,NULL,NULL,1789),(1547,147,NULL,NULL,'rebels',100,1790),(1548,147,NULL,NULL,NULL,NULL,1791),(1549,147,NULL,NULL,NULL,NULL,1792),(1550,147,NULL,NULL,NULL,NULL,1793),(1551,147,NULL,NULL,NULL,NULL,1794),(1552,148,NULL,NULL,'rebels',100,1795),(1553,148,NULL,NULL,'rebels',100,1796),(1554,148,NULL,NULL,'rebels',100,1797),(1555,148,NULL,NULL,'empire',99,1798),(1556,148,NULL,NULL,'rebels',100,1799),(1557,148,NULL,NULL,'empire',97,1800),(1558,148,NULL,NULL,'rebels',100,1801),(1559,148,NULL,NULL,'rebels',100,1802),(1560,148,NULL,NULL,NULL,NULL,1803),(1561,148,NULL,NULL,NULL,NULL,1804),(1562,148,NULL,NULL,NULL,NULL,1805),(1563,148,NULL,NULL,NULL,NULL,1806),(1564,148,NULL,NULL,NULL,NULL,1807),(1565,148,NULL,NULL,NULL,NULL,1808),(1566,148,NULL,NULL,NULL,NULL,1809),(1567,148,NULL,NULL,NULL,NULL,1810),(1568,148,NULL,NULL,NULL,NULL,1811),(1569,148,NULL,NULL,NULL,NULL,1812),(1570,148,NULL,NULL,NULL,NULL,1813),(1571,148,NULL,NULL,NULL,NULL,1814),(1572,148,NULL,NULL,NULL,NULL,1815),(1573,148,NULL,NULL,NULL,NULL,1816),(1574,148,NULL,NULL,NULL,NULL,1817),(1575,148,NULL,NULL,NULL,NULL,1818),(1576,148,NULL,NULL,NULL,NULL,1819),(1577,148,NULL,NULL,NULL,NULL,1820),(1578,148,NULL,NULL,NULL,NULL,1821),(1579,148,NULL,NULL,NULL,NULL,1822),(1580,148,NULL,NULL,NULL,NULL,1823),(1581,148,NULL,NULL,NULL,NULL,1824),(1582,148,NULL,NULL,NULL,NULL,1825),(1583,148,NULL,NULL,NULL,NULL,1826),(1584,148,NULL,NULL,NULL,NULL,1827),(1585,148,NULL,NULL,NULL,NULL,1828),(1586,148,NULL,NULL,NULL,NULL,1829),(1587,148,NULL,NULL,NULL,NULL,1830),(1588,148,NULL,NULL,NULL,NULL,1831),(1589,148,NULL,NULL,NULL,NULL,1832),(1590,148,NULL,NULL,NULL,NULL,1833),(1591,148,NULL,NULL,NULL,NULL,1834),(1592,148,NULL,NULL,NULL,NULL,1835),(1593,148,NULL,NULL,NULL,NULL,1836),(1594,148,NULL,NULL,NULL,NULL,1837),(1595,148,NULL,NULL,NULL,NULL,1838),(1596,148,NULL,NULL,NULL,NULL,1839),(1597,148,NULL,NULL,NULL,NULL,1840),(1598,149,NULL,NULL,NULL,NULL,1841),(1599,149,NULL,NULL,NULL,NULL,1842),(1600,149,NULL,NULL,NULL,NULL,1843),(1601,149,NULL,NULL,NULL,NULL,1844),(1602,149,NULL,NULL,NULL,NULL,1845),(1603,149,NULL,NULL,NULL,NULL,1846),(1604,149,NULL,NULL,NULL,NULL,1847),(1605,149,NULL,NULL,NULL,NULL,1848),(1606,149,NULL,NULL,NULL,NULL,1849),(1607,149,NULL,NULL,NULL,NULL,1850),(1608,149,NULL,NULL,NULL,NULL,1851),(1609,149,NULL,NULL,NULL,NULL,1852),(1610,149,NULL,NULL,NULL,NULL,1853),(1611,149,NULL,NULL,NULL,NULL,1854),(1612,149,NULL,NULL,NULL,NULL,1855),(1613,149,NULL,NULL,NULL,NULL,1856),(1614,149,NULL,NULL,NULL,NULL,1857),(1615,149,NULL,NULL,NULL,NULL,1858),(1616,149,NULL,NULL,NULL,NULL,1859),(1617,149,NULL,NULL,NULL,NULL,1860),(1618,149,NULL,NULL,NULL,NULL,1861),(1619,149,NULL,NULL,NULL,NULL,1862),(1620,149,NULL,NULL,NULL,NULL,1863),(1621,149,NULL,NULL,NULL,NULL,1864),(1622,149,NULL,NULL,NULL,NULL,1865),(1623,149,NULL,NULL,NULL,NULL,1866),(1624,149,NULL,NULL,NULL,NULL,1867),(1625,149,NULL,NULL,NULL,NULL,1868),(1626,149,NULL,NULL,NULL,NULL,1869),(1627,149,NULL,NULL,NULL,NULL,1870),(1628,149,NULL,NULL,NULL,NULL,1871),(1629,149,NULL,NULL,NULL,NULL,1872),(1630,149,NULL,NULL,NULL,NULL,1873),(1631,149,NULL,NULL,NULL,NULL,1874),(1632,149,NULL,NULL,NULL,NULL,1875),(1633,149,NULL,NULL,NULL,NULL,1876),(1634,149,NULL,NULL,NULL,NULL,1877),(1635,149,NULL,NULL,NULL,NULL,1878),(1636,149,NULL,NULL,NULL,NULL,1879),(1637,149,NULL,NULL,NULL,NULL,1880),(1638,149,NULL,NULL,NULL,NULL,1881),(1639,149,NULL,NULL,NULL,NULL,1882),(1640,149,NULL,NULL,NULL,NULL,1883),(1641,149,NULL,NULL,NULL,NULL,1884),(1642,149,NULL,NULL,NULL,NULL,1885),(1643,150,NULL,NULL,NULL,NULL,1886),(1644,150,NULL,NULL,NULL,NULL,1887),(1645,150,NULL,NULL,NULL,NULL,1888),(1646,150,NULL,NULL,NULL,NULL,1889),(1647,150,NULL,NULL,NULL,NULL,1890),(1648,150,NULL,NULL,NULL,NULL,1891),(1649,151,NULL,NULL,NULL,NULL,1892),(1650,151,NULL,NULL,NULL,NULL,1893),(1651,151,NULL,NULL,NULL,NULL,1894),(1652,151,NULL,NULL,NULL,NULL,1895),(1653,151,NULL,NULL,NULL,NULL,1896),(1654,151,NULL,NULL,NULL,NULL,1897),(1655,151,NULL,NULL,NULL,NULL,1898),(1656,151,NULL,NULL,NULL,NULL,1899),(1657,151,NULL,NULL,NULL,NULL,1900),(1658,151,NULL,NULL,NULL,NULL,1901),(1659,151,NULL,NULL,NULL,NULL,1902),(1660,151,NULL,NULL,NULL,NULL,1903),(1661,151,NULL,NULL,NULL,NULL,1904),(1662,151,NULL,NULL,NULL,NULL,1905),(1663,151,NULL,NULL,NULL,NULL,1906),(1664,151,NULL,NULL,NULL,NULL,1907),(1665,151,NULL,NULL,NULL,NULL,1908),(1666,151,NULL,NULL,NULL,NULL,1909),(1667,151,NULL,NULL,NULL,NULL,1910),(1668,151,NULL,NULL,NULL,NULL,1911),(1669,152,NULL,NULL,NULL,NULL,1912),(1670,152,NULL,NULL,NULL,NULL,1913),(1671,152,NULL,NULL,NULL,NULL,1914),(1672,152,NULL,NULL,NULL,NULL,1915),(1673,152,NULL,NULL,NULL,NULL,1916),(1674,152,NULL,NULL,NULL,NULL,1917),(1675,152,NULL,NULL,NULL,NULL,1918),(1676,152,NULL,NULL,NULL,NULL,1919),(1677,152,NULL,NULL,NULL,NULL,1920),(1678,152,NULL,NULL,NULL,NULL,1921),(1679,152,NULL,NULL,NULL,NULL,1922),(1680,152,NULL,NULL,NULL,NULL,1923),(1681,152,NULL,NULL,NULL,NULL,1924),(1682,152,NULL,NULL,NULL,NULL,1925),(1683,152,NULL,NULL,NULL,NULL,1926),(1684,153,NULL,NULL,NULL,NULL,1927),(1685,153,NULL,NULL,NULL,NULL,1928),(1686,153,NULL,NULL,NULL,NULL,1929),(1687,153,NULL,NULL,NULL,NULL,1930),(1688,153,NULL,NULL,NULL,NULL,1931),(1689,153,NULL,NULL,NULL,NULL,1932),(1690,153,NULL,NULL,NULL,NULL,1933),(1691,153,NULL,NULL,NULL,NULL,1934),(1692,153,NULL,NULL,NULL,NULL,1935),(1693,153,NULL,NULL,NULL,NULL,1936),(1694,153,NULL,NULL,NULL,NULL,1937),(1695,153,NULL,NULL,NULL,NULL,1938),(1696,153,NULL,NULL,NULL,NULL,1939),(1697,153,NULL,NULL,NULL,NULL,1940),(1698,154,NULL,NULL,NULL,NULL,1941),(1699,154,NULL,NULL,NULL,NULL,1942),(1700,154,NULL,NULL,NULL,NULL,1943),(1701,154,NULL,NULL,NULL,NULL,1944),(1702,154,NULL,NULL,NULL,NULL,1945),(1703,154,NULL,NULL,NULL,NULL,1946),(1704,154,NULL,NULL,NULL,NULL,1947),(1705,154,NULL,NULL,NULL,NULL,1948),(1706,154,NULL,NULL,NULL,NULL,1949),(1707,154,NULL,NULL,NULL,NULL,1950),(1708,154,NULL,NULL,NULL,NULL,1951),(1709,154,NULL,NULL,NULL,NULL,1952),(1710,154,NULL,NULL,NULL,NULL,1953),(1711,154,NULL,NULL,NULL,NULL,1954),(1712,154,NULL,NULL,NULL,NULL,1955),(1713,154,NULL,NULL,NULL,NULL,1956),(1714,154,NULL,NULL,NULL,NULL,1957),(1715,154,NULL,NULL,NULL,NULL,1958),(1716,154,NULL,NULL,NULL,NULL,1959),(1717,154,NULL,NULL,NULL,NULL,1960),(1718,154,NULL,NULL,NULL,NULL,1961),(1719,154,NULL,NULL,NULL,NULL,1962),(1729,156,NULL,NULL,'rebels',100,1972),(1730,156,NULL,NULL,NULL,NULL,1973),(1731,156,NULL,NULL,NULL,NULL,1974),(1732,156,NULL,NULL,NULL,NULL,1975),(1733,156,NULL,NULL,NULL,NULL,1976),(1734,156,NULL,NULL,NULL,NULL,1977),(1735,156,NULL,NULL,NULL,NULL,1978),(1736,156,NULL,NULL,NULL,NULL,1979),(1737,156,NULL,NULL,NULL,NULL,1980),(1738,156,NULL,NULL,NULL,NULL,1981),(1739,156,NULL,NULL,NULL,NULL,1982),(1740,156,NULL,NULL,NULL,NULL,1983),(1741,156,NULL,NULL,NULL,NULL,1984),(1742,156,NULL,NULL,NULL,NULL,1985),(1743,156,NULL,NULL,NULL,NULL,1986),(1744,156,NULL,NULL,NULL,NULL,1987),(1745,156,NULL,NULL,NULL,NULL,1988),(1746,156,NULL,NULL,NULL,NULL,1989),(1747,156,NULL,NULL,NULL,NULL,1990),(1748,156,NULL,NULL,NULL,NULL,1991),(1749,156,NULL,NULL,NULL,NULL,1992),(1750,156,NULL,NULL,NULL,NULL,1993),(1751,156,NULL,NULL,NULL,NULL,1994),(1752,156,NULL,NULL,NULL,NULL,1995),(1753,156,NULL,NULL,NULL,NULL,1996),(1754,156,NULL,NULL,NULL,NULL,1997),(1755,156,NULL,NULL,NULL,NULL,1998),(1756,156,NULL,NULL,NULL,NULL,1999),(1757,156,NULL,NULL,NULL,NULL,2000),(1758,156,NULL,NULL,NULL,NULL,2001),(1759,156,NULL,NULL,NULL,NULL,2002),(1760,156,NULL,NULL,NULL,NULL,2003),(1761,156,NULL,NULL,NULL,NULL,2004),(1762,156,NULL,NULL,NULL,NULL,2005),(1763,156,NULL,NULL,NULL,NULL,2006),(1764,156,NULL,NULL,NULL,NULL,2007),(1765,156,NULL,NULL,NULL,NULL,2008),(1766,156,NULL,NULL,NULL,NULL,2009),(1767,156,NULL,NULL,NULL,NULL,2010),(1768,156,NULL,NULL,NULL,NULL,2011),(1769,156,NULL,NULL,NULL,NULL,2012),(1770,156,NULL,NULL,NULL,NULL,2013),(1771,156,NULL,NULL,NULL,NULL,2014),(1772,156,NULL,NULL,NULL,NULL,2015),(1773,156,NULL,NULL,NULL,NULL,2016),(1774,156,NULL,NULL,NULL,NULL,2017),(1775,157,NULL,NULL,NULL,NULL,2018),(1776,157,NULL,NULL,NULL,NULL,2019),(1777,157,NULL,NULL,NULL,NULL,2020),(1778,157,NULL,NULL,NULL,NULL,2021),(1779,157,NULL,NULL,NULL,NULL,2022),(1780,157,NULL,NULL,NULL,NULL,2023),(1781,157,NULL,NULL,NULL,NULL,2024),(1782,157,NULL,NULL,NULL,NULL,2025),(1783,157,NULL,NULL,NULL,NULL,2026),(1784,157,NULL,NULL,NULL,NULL,2027),(1785,157,NULL,NULL,NULL,NULL,2028),(1786,157,NULL,NULL,NULL,NULL,2029),(1787,157,NULL,NULL,NULL,NULL,2030),(1788,157,NULL,NULL,NULL,NULL,2031),(1789,158,NULL,NULL,'empire',100,2032),(1790,158,NULL,NULL,'empire',99,2033),(1791,158,NULL,NULL,'empire',99,2034),(1792,158,NULL,NULL,'rebels',100,2035),(1793,158,NULL,NULL,'rebels',99,2036),(1794,158,NULL,NULL,'empire',100,2037),(1795,158,NULL,NULL,'rebels',99,2038),(1796,158,NULL,NULL,'empire',99,2039),(1797,158,NULL,NULL,'rebels',100,2040),(1798,158,NULL,NULL,'rebels',100,2041),(1799,158,NULL,NULL,'empire',99,2042),(1800,158,NULL,NULL,'empire',100,2043),(1846,164,NULL,NULL,'rebels',100,2089),(1847,164,NULL,NULL,'empire',100,2090),(1848,164,NULL,NULL,'rebels',100,2091),(1849,164,NULL,NULL,'rebels',100,2092),(1850,164,NULL,NULL,'empire',98,2093),(1851,164,NULL,NULL,'rebels',100,2094),(1852,164,NULL,NULL,'empire',100,2095),(1853,164,NULL,NULL,'empire',100,2096),(1854,164,NULL,NULL,'rebels',100,2097),(1855,164,NULL,NULL,'empire',97,2098),(1856,164,NULL,NULL,NULL,NULL,2099),(1857,164,NULL,NULL,NULL,NULL,2100),(1858,164,NULL,NULL,NULL,NULL,2101),(1859,164,NULL,NULL,NULL,NULL,2102),(1860,164,NULL,NULL,NULL,NULL,2103),(1861,164,NULL,NULL,NULL,NULL,2104),(1862,164,NULL,NULL,NULL,NULL,2105),(1863,164,NULL,NULL,NULL,NULL,2106),(1864,164,NULL,NULL,NULL,NULL,2107),(1865,164,NULL,NULL,NULL,NULL,2108),(1866,164,NULL,NULL,NULL,NULL,2109),(1867,164,NULL,NULL,NULL,NULL,2110),(1868,164,NULL,NULL,NULL,NULL,2111),(1869,164,NULL,NULL,NULL,NULL,2112),(1870,164,NULL,NULL,NULL,NULL,2113),(1871,164,NULL,NULL,NULL,NULL,2114),(1872,165,NULL,NULL,'rebels',100,2115),(1873,165,NULL,NULL,'rebels',98,2116),(1874,165,NULL,NULL,'rebels',100,2117),(1875,165,NULL,NULL,'empire',99,2118),(1876,165,NULL,NULL,'rebels',99,2119),(1877,165,NULL,NULL,'empire',100,2120),(1878,165,NULL,NULL,'empire',100,2121),(1879,165,NULL,NULL,'rebels',100,2122),(1880,165,NULL,NULL,'rebels',99,2123),(1881,166,NULL,NULL,'empire',100,2124),(1882,166,NULL,NULL,'empire',100,2125),(1883,166,NULL,NULL,'rebels',98,2126),(1884,166,NULL,NULL,'empire',100,2127),(1885,166,NULL,NULL,'empire',95,2128),(1886,166,NULL,NULL,'empire',100,2129),(1887,166,NULL,NULL,'empire',99,2130),(1888,166,NULL,NULL,'empire',100,2131),(1889,166,NULL,NULL,'empire',100,2132),(1890,166,NULL,NULL,'rebels',100,2133),(1891,166,NULL,NULL,'empire',98,2134),(1892,166,NULL,NULL,'rebels',100,2135),(1893,166,NULL,NULL,'rebels',100,2136),(1894,167,NULL,NULL,'empire',99,2137),(1895,167,NULL,NULL,'empire',96,2138),(1896,167,NULL,NULL,'empire',100,2139),(1897,167,NULL,NULL,'rebels',99,2140),(1898,167,NULL,NULL,NULL,NULL,2141),(1899,167,NULL,NULL,NULL,NULL,2142),(1900,167,NULL,NULL,NULL,NULL,2143),(1901,168,NULL,NULL,'rebels',100,2144),(1902,168,NULL,NULL,'empire',100,2145),(1903,168,NULL,NULL,NULL,NULL,2146),(1904,168,NULL,NULL,NULL,NULL,2147),(1905,168,NULL,NULL,NULL,NULL,2148),(1906,168,NULL,NULL,NULL,NULL,2149),(1907,168,NULL,NULL,NULL,NULL,2150),(1908,168,NULL,NULL,NULL,NULL,2151),(1909,168,NULL,NULL,NULL,NULL,2152),(1910,168,NULL,NULL,NULL,NULL,2153),(1911,168,NULL,NULL,NULL,NULL,2154),(1912,168,NULL,NULL,NULL,NULL,2155),(1913,168,NULL,NULL,NULL,NULL,2156),(1914,168,NULL,NULL,NULL,NULL,2157),(1915,169,NULL,NULL,'empire',100,2158),(1916,169,NULL,NULL,'rebels',99,2159),(1917,169,NULL,NULL,'empire',99,2160),(1918,169,NULL,NULL,'empire',96,2161),(1919,169,NULL,NULL,'empire',100,2162),(1920,169,NULL,NULL,'rebels',100,2163),(1921,169,NULL,NULL,'rebels',100,2164),(1922,169,NULL,NULL,'empire',99,2165),(1923,169,NULL,NULL,'empire',99,2166),(1924,169,NULL,NULL,'rebels',100,2167),(1925,169,NULL,NULL,'rebels',100,2168),(1926,169,NULL,NULL,'rebels',100,2169),(1927,169,NULL,NULL,'rebels',98,2170),(1928,169,NULL,NULL,'rebels',100,2171),(1929,169,NULL,NULL,'empire',99,2172),(1930,169,NULL,NULL,'rebels',100,2173),(1931,169,NULL,NULL,'rebels',100,2174),(1932,169,NULL,NULL,'empire',100,2175),(1933,169,NULL,NULL,'rebels',100,2176),(1934,169,NULL,NULL,'rebels',100,2177),(1935,169,NULL,NULL,'empire',100,2178),(1936,169,NULL,NULL,'rebels',100,2179),(1937,170,NULL,NULL,'empire',99,2180),(1938,170,NULL,NULL,'empire',100,2181),(1939,170,NULL,NULL,'rebels',100,2182),(1940,170,NULL,NULL,'empire',100,2183),(1941,170,NULL,NULL,'rebels',100,2184),(1942,170,NULL,NULL,'empire',99,2185),(1943,170,NULL,NULL,'empire',100,2186),(1944,170,NULL,NULL,'rebels',100,2187),(1945,170,NULL,NULL,'rebels',99,2188),(1946,170,NULL,NULL,NULL,NULL,2189),(1947,170,NULL,NULL,'rebels',100,2190),(1948,170,NULL,NULL,NULL,NULL,2191),(1949,170,NULL,NULL,NULL,NULL,2192),(1950,170,NULL,NULL,'rebels',99,2193),(1951,170,NULL,NULL,'rebels',100,2194),(1952,170,NULL,NULL,'rebels',100,2195),(1953,170,NULL,NULL,NULL,NULL,2196),(1954,170,NULL,NULL,NULL,NULL,2197),(1955,170,NULL,NULL,'empire',98,2198),(1956,170,NULL,NULL,'rebels',100,2199),(1957,170,NULL,NULL,NULL,NULL,2200),(1958,170,NULL,NULL,'rebels',99,2201),(1959,170,NULL,NULL,NULL,NULL,2202),(1960,170,NULL,NULL,'rebels',100,2203),(1961,170,NULL,NULL,'rebels',100,2204),(1962,170,NULL,NULL,NULL,NULL,2205),(1963,170,NULL,NULL,'empire',97,2206),(1964,170,NULL,NULL,'empire',99,2207),(1965,170,NULL,NULL,'rebels',99,2208),(1966,170,NULL,NULL,'empire',100,2209),(1967,170,NULL,NULL,'empire',95,2210),(1968,170,NULL,NULL,'empire',99,2211),(1969,170,NULL,NULL,NULL,NULL,2212),(1970,170,NULL,NULL,'rebels',100,2213),(1971,170,NULL,NULL,'rebels',100,2214),(1972,170,NULL,NULL,'empire',100,2215),(1973,170,NULL,NULL,NULL,NULL,2216),(1974,170,NULL,NULL,'rebels',100,2217),(1975,170,NULL,NULL,'empire',100,2218),(1976,170,NULL,NULL,'rebels',99,2219),(2071,173,NULL,NULL,'empire',100,2314),(2072,173,NULL,NULL,'rebels',100,2315),(2073,173,NULL,NULL,'rebels',100,2316),(2074,173,NULL,NULL,'empire',100,2317),(2075,173,NULL,NULL,'rebels',100,2318),(2076,173,NULL,NULL,'rebels',100,2319),(2077,173,NULL,NULL,'rebels',100,2320),(2078,173,NULL,NULL,'scum',98,2321),(2079,173,NULL,NULL,'empire',98,2322),(2080,173,NULL,NULL,'rebels',100,2323),(2081,173,NULL,NULL,'empire',104,2324),(2082,173,NULL,NULL,'empire',103,2325),(2083,174,NULL,NULL,NULL,NULL,2326),(2084,174,NULL,NULL,NULL,NULL,2327),(2085,174,NULL,NULL,NULL,NULL,2328),(2086,174,NULL,NULL,NULL,NULL,2329),(2087,174,NULL,NULL,NULL,NULL,2330),(2088,174,NULL,NULL,NULL,NULL,2331),(2089,174,NULL,NULL,NULL,NULL,2332),(2090,174,NULL,NULL,NULL,NULL,2333),(2091,174,NULL,NULL,NULL,NULL,2334),(2092,174,NULL,NULL,NULL,NULL,2335),(2093,174,NULL,NULL,NULL,NULL,2336),(2094,174,NULL,NULL,NULL,NULL,2337),(2095,174,NULL,NULL,NULL,NULL,2338),(2096,174,NULL,NULL,NULL,NULL,2339),(2097,174,NULL,NULL,NULL,NULL,2340),(2098,174,NULL,NULL,NULL,NULL,2341),(2099,174,NULL,NULL,NULL,NULL,2342),(2100,174,NULL,NULL,NULL,NULL,2343),(2101,174,NULL,NULL,NULL,NULL,2344),(2102,174,NULL,NULL,NULL,NULL,2345),(2103,174,NULL,NULL,NULL,NULL,2346),(2104,174,NULL,NULL,NULL,NULL,2347),(2105,174,NULL,NULL,NULL,NULL,2348),(2106,174,NULL,NULL,NULL,NULL,2349),(2107,174,NULL,NULL,NULL,NULL,2350),(2108,174,NULL,NULL,NULL,NULL,2351),(2109,174,NULL,NULL,NULL,NULL,2352),(2110,175,NULL,NULL,NULL,NULL,2353),(2111,175,NULL,NULL,NULL,NULL,2354),(2112,175,NULL,NULL,NULL,NULL,2355),(2113,175,NULL,NULL,NULL,NULL,2356),(2114,175,NULL,NULL,NULL,NULL,2357),(2115,175,NULL,NULL,NULL,NULL,2358),(2116,175,NULL,NULL,NULL,NULL,2359),(2117,175,NULL,NULL,NULL,NULL,2360),(2118,175,NULL,NULL,NULL,NULL,2361),(2119,175,NULL,NULL,NULL,NULL,2362),(2120,175,NULL,NULL,NULL,NULL,2363),(2121,175,NULL,NULL,NULL,NULL,2364),(2122,175,NULL,NULL,NULL,NULL,2365),(2123,175,NULL,NULL,NULL,NULL,2366),(2124,175,NULL,NULL,NULL,NULL,2367),(2125,175,NULL,NULL,NULL,NULL,2368),(2126,175,NULL,NULL,NULL,NULL,2369),(2127,175,NULL,NULL,NULL,NULL,2370),(2128,175,NULL,NULL,NULL,NULL,2371),(2129,175,NULL,NULL,NULL,NULL,2372),(2130,175,NULL,NULL,NULL,NULL,2373),(2131,175,NULL,NULL,NULL,NULL,2374),(2132,175,NULL,NULL,NULL,NULL,2375),(2133,175,NULL,NULL,NULL,NULL,2376),(2134,175,NULL,NULL,NULL,NULL,2377),(2135,175,NULL,NULL,NULL,NULL,2378),(2136,176,NULL,NULL,'empire',100,2404),(2137,176,NULL,NULL,NULL,NULL,2405),(2138,176,NULL,NULL,NULL,NULL,2406),(2139,176,NULL,NULL,NULL,NULL,2407),(2140,176,NULL,NULL,NULL,NULL,2408),(2141,176,NULL,NULL,NULL,NULL,2409),(2142,176,NULL,NULL,NULL,NULL,2410),(2143,176,NULL,NULL,NULL,NULL,2411),(2144,176,NULL,NULL,NULL,NULL,2412),(2145,176,NULL,NULL,NULL,NULL,2413),(2146,176,NULL,NULL,NULL,NULL,2414),(2147,176,NULL,NULL,NULL,NULL,2415),(2148,176,NULL,NULL,NULL,NULL,2416),(2149,176,NULL,NULL,NULL,NULL,2417),(2150,176,NULL,NULL,NULL,NULL,2418);
/*!40000 ALTER TABLE `tourney_list` ENABLE KEYS */;
UNLOCK TABLES;

--
-- Table structure for table `tourney_player`
--

DROP TABLE IF EXISTS `tourney_player`;
/*!40101 SET @saved_cs_client     = @@character_set_client */;
/*!40101 SET character_set_client = utf8 */;
CREATE TABLE `tourney_player` (
  `id` int(11) NOT NULL AUTO_INCREMENT,
  `tourney_id` int(11) DEFAULT NULL,
  `player_name` varchar(128) DEFAULT NULL,
  PRIMARY KEY (`id`),
  KEY `tourney_id` (`tourney_id`),
  CONSTRAINT `tourney_player_ibfk_1` FOREIGN KEY (`tourney_id`) REFERENCES `tourney` (`id`)
) ENGINE=InnoDB AUTO_INCREMENT=3418 DEFAULT CHARSET=latin1;
/*!40101 SET character_set_client = @saved_cs_client */;

--
-- Dumping data for table `tourney_player`
--

LOCK TABLES `tourney_player` WRITE;
/*!40000 ALTER TABLE `tourney_player` DISABLE KEYS */;
INSERT INTO `tourney_player` VALUES (245,1,'Ira Mayer'),(246,1,'Morgan Reid'),(247,1,'Joseph Kaufman'),(248,1,'Richard Hsu'),(249,1,'Aaron Bonar'),(250,1,'Doug Kinney'),(251,1,'James Skeffington'),(252,1,'Scott Williams'),(253,1,'Ryan Weissinger'),(254,1,'Patrick McDonald'),(255,1,'James McDonald'),(256,1,'Joshua MacDonald'),(257,1,'Jonathan Gomes'),(258,1,'Chris Jenkins'),(259,1,'Francois Fressen'),(260,1,'Nick Jones'),(261,1,'Evan Claassen'),(262,1,'Dustin Poskochil'),(263,1,'Keith Wilson'),(264,1,'Jason McMahon'),(265,1,'Dustin Foran'),(266,1,'Michael Russell'),(267,1,'Ron Brannon'),(268,1,'Brian Charlier'),(269,1,'James Hobbs'),(270,1,'Rick Sidebotham'),(271,1,'Jonathan Reinig'),(272,1,'Landon Otis'),(273,1,'Kevin Leintz'),(274,1,'Matt Baxter'),(275,1,'Jean-Christophe Hu'),(276,1,'Jim Blakley'),(277,1,'Bjorn Kraft'),(278,1,'Dallas Parker'),(279,1,'James Proctor'),(280,1,'Tyler Tippett'),(281,1,'Mark Fletcher'),(282,1,'Sean Esser'),(283,1,'Bronson Wongkew'),(284,1,'Kyle Adams'),(285,1,'Ian Schaffer'),(286,1,'Matthew Moutoux'),(287,1,'Christopher Bates'),(288,1,'Marv Cole'),(289,1,'Randy Barker'),(290,1,'Howard Thomas'),(291,1,'Jason Markowitz'),(292,1,'Jeff Berling'),(293,1,'Robert Thomas'),(294,1,'Rene Modery'),(295,1,'Bernie Lin'),(296,1,'Gavin Norman'),(297,1,'James Elhardt'),(298,1,'Troy Perry'),(299,1,'Mike Little'),(300,1,'Scott Syverson'),(301,1,'Josh Ackerman'),(302,1,'Alex Wobberna'),(303,1,'Jason Becker'),(304,1,'Andrew Kluis'),(305,1,'Eero Bodien'),(306,1,'Anthony Backhaus'),(307,1,'James Tomasson'),(308,1,'Colin McMahon'),(309,1,'Joseph Hensen'),(310,1,'Jim Lumpkin'),(311,1,'Carl Peach'),(312,1,'Chris Miller'),(313,1,'Jenny Schafer'),(314,1,'Adam Schuh'),(315,1,'Matt Brugge'),(316,1,'Michael Evans'),(317,1,'Neil Gilsdorf'),(318,1,'Adam Uhler'),(319,1,'Pasquale Mazzei'),(320,1,'Eric Meske'),(321,1,'Patrick Doyle'),(322,1,'Matt Holland'),(323,1,'Erik Gudmunson'),(324,1,'Joe McGlinchey'),(325,1,'Shayn Lavender'),(326,1,'Marshal Blackburn'),(327,1,'Jim Spurrier'),(328,1,'Rebecca Zittel'),(329,1,'Paul Dykstra'),(330,1,'Kent Kampos'),(331,1,'Timothy Sturm'),(332,1,'Matt Froom'),(333,1,'Chien Lin'),(334,1,'Tony Staub'),(335,1,'David Cohn'),(336,1,'Jason Reynolds'),(337,1,'Jason Matchett'),(338,1,'Andre Benedict'),(339,1,'Jason Neurath'),(340,1,'Meshari Al-Faris'),(341,1,'Ben Franzen'),(342,1,'Steve Dodd'),(343,1,'Ethan Westgate'),(344,1,'Timothy Dugan'),(345,1,'Rachel Houk'),(346,1,'Nickie Bonar'),(347,1,'Shawn Patterson'),(348,1,'Devon Hein'),(349,1,'John Leibel'),(350,1,'Richard White'),(351,1,'Dien Tran'),(352,1,'Rich Meade'),(353,1,'Kyle O-Connell'),(354,1,'Matthew Walker'),(355,1,'Martin Hoffman'),(356,1,'Brian Brimmer'),(357,1,'Michael Jones'),(358,1,'Garrett Pruim'),(359,2,'Keith Wilson'),(360,2,'Paul Heaver'),(361,2,'Jim Judziewicz'),(362,2,'William Wadden'),(363,2,'Lyle Hayhurst'),(364,2,'Patrick Wilcox'),(365,2,'Iain Hamp'),(366,2,'Nathan Eide'),(367,2,'Chien Lin'),(368,2,'Landon Otis'),(369,2,'Dallas Parker'),(370,2,'Captain Typo'),(371,2,'Jeff Judziewicz'),(372,2,'Daniel Hars'),(373,2,'Jason Christopherson'),(374,2,'Dom Cairo'),(375,2,'Ben Keller'),(376,2,'Bjorn Frafft'),(377,2,'Dion Erbes'),(378,2,'Jean-Christophe Hu'),(379,2,'Olaf Ohman'),(380,2,'Ryan Voigt'),(381,2,'Jorgen Tonne'),(382,2,'Michael Evans'),(383,2,'Ian Schaffer'),(384,2,'Brett Ulrich'),(385,2,'John Wilson'),(386,2,'Jim Blakley'),(387,2,'Benjamin Chee'),(388,2,'James Hobbs'),(389,2,'Ryan Gericke'),(390,2,'Jonathan Reinig'),(391,2,'Mark Fletcher'),(392,2,'Emilio Serrano'),(393,2,'Tim Fournier'),(394,2,'Macieg Rzepinski'),(395,2,'Matt Kreideweis'),(396,2,'Steve Dodd'),(397,2,'Blake Boetler'),(398,2,'Jason Markowitz'),(399,2,'Thomas Hoffman'),(400,2,'Max Gingold'),(401,2,'Andres Matesanz'),(402,2,'Ben Franzen'),(403,2,'Dustin Foran'),(404,2,'Jeff Berling'),(405,2,'Christopher Greff'),(406,2,'Ryan Hatzenbeller'),(407,2,'Pasquale Mazzei'),(408,2,'Anthony Rossi'),(409,2,'Matt ray'),(410,2,'Tom Mann'),(411,2,'Nickie Bonar'),(412,2,'Michael McFarlin'),(413,2,'Howard Thomas'),(414,2,'Joe McGlinchey'),(415,2,'Nick Brickelmann'),(416,2,'Sean Lahti'),(417,2,'Sam Cromwell'),(418,2,'Nick Tomlonovic'),(419,2,'Phil Weist'),(420,2,'Rob Ross'),(421,2,'Shayn Lavender'),(422,2,'James Proctor'),(423,2,'Kyle O-Connell'),(424,2,'Fernando Rodriguez'),(425,2,'James Tomassoni'),(426,2,'Kyle Adams'),(427,2,'Ryan Krippendorf'),(428,2,'Brooks Fluegaur-Leavitt'),(429,2,'Jason Neurath'),(430,2,'David Bernstein'),(431,2,'Nick Mueller'),(432,2,'Richard White'),(433,2,'Gordon McDonald'),(434,2,'Randy Barker'),(435,2,'Ron Brannan'),(436,2,'Minh Tran'),(437,2,'Tony Roberto'),(438,2,'Ian Swenson'),(439,2,'Tyler Tippett'),(440,2,'Matt Montoux'),(441,2,'Jim Spurrier'),(442,2,'Brandon Barthel'),(443,2,'Alexander Drewek'),(444,2,'Michael McDowell'),(445,2,'Joseph Pepin'),(446,2,'Nate Collins'),(447,2,'Perry Nichols'),(448,2,'Ryan Forsythe'),(449,2,'Bernie Lin'),(450,2,'Matthew W'),(451,2,'Troy Perry'),(452,2,'Mauricio Sanchez'),(453,2,'Kevin Leintz'),(454,2,'Rebecca Zittel'),(455,2,'Barry Bradley'),(456,2,'Lee Lahti'),(457,2,'Shawn Patterson'),(458,2,'Miles Hammatt'),(459,2,'Micah Pilley'),(460,2,'Ron Longhi'),(461,2,'Dal Downing'),(462,2,'Terrance Reeves-Chong'),(463,2,'Rob Davis'),(464,2,'Eric Doree'),(465,2,'Scott Brewer'),(466,2,'Matthew Saloff'),(467,2,'Matthew Grosvenor'),(468,2,'Rebecca Poulos'),(469,2,'Samuel Roamer'),(470,2,'Andrew Harding'),(471,2,'Robert Portillo'),(472,2,'Brad Zimmerman'),(473,2,'Daniel Topczewski'),(474,2,'Alberto Nieto'),(475,2,'Adam Uhler'),(476,2,'Jim Fraser'),(477,2,'Matt Baxter'),(478,2,'Eric Huffman'),(479,2,'John Harris'),(480,2,'David Bergstrom'),(481,2,'David Cohn'),(482,2,'Joshua Tabak'),(483,2,'Bronson Wongkew'),(484,2,'Mark Calhoun'),(485,2,'Kristopher Jamieson'),(486,2,'Darren Eskandari'),(487,2,'Gavin Norman'),(488,2,'Jon Dalesandry'),(618,28,'frank'),(619,28,'julie'),(620,28,'gab'),(621,28,'remi'),(622,28,'denis'),(623,28,'chris'),(624,28,'kev'),(625,28,'mic'),(626,28,'jon'),(637,32,'Pheaver'),(638,32,'Texx'),(639,32,'Dom'),(640,32,'Theorist'),(641,32,'sozin'),(642,32,'Morgan'),(643,32,'MrFroggies'),(644,32,'SideSlip'),(645,32,'KineticOperator'),(646,32,'StarSlinger72'),(647,32,'Mu0n'),(648,32,'KelvanTiberius'),(649,33,'Jeff Wilder'),(650,33,'Geordan Rosario'),(651,33,'Bernie Lin'),(652,33,'Drew Bishop'),(653,33,'Brendan'),(654,33,'Jason Kremin'),(655,33,'Audrey Carstensen'),(656,33,'Noel Cuevas'),(657,33,'Eli Stevens'),(658,33,'Brian Francis'),(659,33,'Justin Hoeger'),(660,33,'Andy Cutright'),(661,33,'Jeffrey Lee-Mars'),(662,33,'Darryl McMillon'),(663,37,'Tiago (Sapo)'),(664,37,'Fernando (NoProblem)'),(665,37,'Daniel (Kaleidoscopio)'),(666,37,'Paulo P'),(667,37,'Alex '),(668,37,'Paulo (PSAI)'),(669,37,'Alves'),(670,37,'Carlos (von Richthofen)'),(671,37,'Lourenco'),(672,37,'Mapril (Crimson)'),(673,37,'Sousa'),(674,37,'Andre (48k)'),(675,37,'Joao JAB'),(684,43,'Danilo Almeida'),(685,43,'Carlos Augusto'),(686,43,'Douglas Brito'),(687,43,'Gustavo Silva'),(688,43,'Emmanuel Valadares'),(689,43,'Kirlian Silvestre'),(690,43,'Marcelo Ferreira'),(691,43,'Joao Henrique'),(776,53,'Bill Sullivan'),(777,53,'Dom Cairo'),(778,53,'Zach Carriger'),(779,53,'Ryan Cassidy'),(780,53,'Daniel Schneiber'),(781,53,'Steven Smith'),(782,53,'Matt Babiash'),(783,53,'Lyle Hayhurst'),(784,53,'Russell Roberts'),(785,53,'Javier Perez'),(786,53,'Phil Kalata'),(787,53,'David Pontier'),(788,53,'Rob Ross'),(789,53,'Luke Fritz'),(790,53,'Elliot Moore'),(791,53,'Brandon Prokos'),(792,53,'Jerry Skizzydek'),(793,53,'Nate Moore'),(794,53,'Louie Fabicon'),(795,55,'Carlos Augusto'),(796,55,'Danilo Almeida'),(797,55,'Denisson Gusmao'),(798,55,'Beto Tiburcio'),(799,55,'Douglas Brito'),(800,55,'Alison Rodrigues'),(801,55,'Diego LC'),(802,55,'Ricardo Bernardo'),(803,55,'Wolney Andre'),(804,55,'Emmanuel Valadares'),(805,55,'Kirlian Silvestre'),(806,55,'Joao Henrique'),(807,56,'Ryan Gericke'),(808,56,'Ben Blasius'),(809,56,'Alex Blasius'),(810,56,'Jesse Cheung'),(811,56,'Dylan Wintersteen'),(812,56,'Richard Hsu'),(813,56,'Jon Spamer'),(814,56,'Nick White'),(815,56,'Matt Loy'),(816,56,'Michael Morgan'),(817,56,'Matt  Boardman'),(818,56,'James Ayers'),(819,56,'Jesse Stitcher'),(820,56,'Chad Woyce'),(821,56,'Allen Lancing'),(822,56,'Joe Greene'),(823,56,'Wilson Wise'),(824,56,'Casey Waters'),(825,56,'Joseph Davis'),(826,56,'Phillip Keler'),(827,56,'Davin Swafford'),(828,56,'Adam Melton'),(829,56,'Rich Meade'),(830,56,'Ivan Izaguirre'),(831,56,'James Matchett'),(832,56,'Andy Hartley'),(833,56,'So Pase'),(834,56,'Kyle Wilson'),(835,56,'John Riggins'),(836,56,'Brenden Dougherty'),(837,56,'Kurt Kless'),(838,56,'Reggie Dawson'),(839,56,'Sam Talley'),(840,56,'Scott Wilson'),(841,56,'Ian Swafford'),(842,56,'Jason Becker'),(843,58,'Andreas \"Tzaziki-Mann\"'),(844,58,'Philipp \"Skyballer\"'),(845,58,'Marcel \"Qbyrd\"'),(846,58,'Roland \"Rolinger\"'),(847,58,'Patrick \"paetrickstar\"'),(848,58,'Tobias \"Starlumi\"'),(849,58,'Matthias \"wolfir\"'),(850,58,'Tobias \"Durian_Khaar\"'),(851,58,'Ferdinand \"mercurio\"'),(852,58,'Matthias \"Mattes\"'),(853,58,'Florian \"Flo-Master\"'),(854,58,'Christoph \"Eldar-Lord\"'),(855,58,'Sascha \"Loken5888\"'),(856,58,'Bjorn \"Shepard\"'),(857,58,'Till \"Farlander\"'),(858,58,'Frank \"Raven17\"'),(859,58,'Christian \"Thyreus\"'),(860,58,'Andreas \"ikit-claw\"'),(861,58,'Sebastian \"Grifter\"'),(862,58,'Max \"Rookie-Pilot\"'),(863,58,'Erol \"Enjineer\"'),(864,58,'Peter \"Vile\"'),(865,58,'Lukas \"Salamander1122\"'),(866,58,'Ronald \"Rooker\"'),(867,63,'Leo T.'),(868,63,'Curt Elliott'),(869,63,'Desmond M.'),(870,63,'David'),(871,63,'Scott'),(872,63,'Jarid S.'),(873,63,'Cole'),(874,63,'Robert E.'),(875,63,'Ben M.'),(876,65,'Honter Lin'),(877,65,'Ira Mayers'),(878,65,'John Sargent'),(879,65,'John-Louis Rumingan'),(880,65,'Chris Lothers'),(881,65,'Patrick Eagles'),(882,65,'Chris Mattioli'),(883,65,'Paul Heaver'),(884,65,'James Steele'),(885,65,'Mike Josselyn'),(886,65,'CJ Harrington'),(887,65,'Deven Combs'),(888,65,'Ryan Rovnak'),(889,65,'Brad Shue'),(890,65,'Will Peterson'),(891,65,'Ron Brannan'),(892,65,'David'),(999,79,'Fernando'),(1000,79,'Antonio'),(1001,79,'Mapril'),(1002,79,'Alex'),(1003,79,'48K'),(1004,80,'Morgan'),(1005,80,'StarSlinger'),(1006,80,'KineticOperator'),(1007,80,'Texx'),(1008,80,'sozin'),(1009,80,'kelvan'),(1010,80,'pheaver'),(1011,80,'SideSlip'),(1012,80,'Mu0n'),(1013,80,'Theorist'),(1014,80,'Dom'),(1015,80,'MrFroggies'),(1016,81,'Chris Nicolopoulos'),(1017,81,'Joseph McGlinchey'),(1018,81,'Josh Isaacs'),(1019,81,'Tom Bouwman-Wozencraft'),(1020,81,'Matt Weissman'),(1021,81,'Chris Scotti'),(1022,81,'David Boegner'),(1023,81,'Ben Schwalb'),(1024,81,'Brian Frost'),(1025,81,'Richard Stumpenhagen'),(1026,81,'Frank Corso'),(1027,81,'Matthew Cordeiro'),(1028,81,'Jon Zucchi'),(1029,81,'Joel Morgan'),(1030,81,'Logan Morgan'),(1031,81,'Erich Ridlon'),(1032,81,'Paul Ring'),(1033,81,'Jason Davis'),(1034,82,'Christopher McKreever'),(1035,82,'Aaron Steede'),(1036,82,'Aaron Bonar'),(1037,82,'Jon Cleaves'),(1038,82,'Nathan Martin'),(1039,82,'Richard White'),(1040,82,'Michael Prater'),(1041,82,'Jonathan Reinig'),(1042,82,'Bryan Bledsoe'),(1043,82,'Sam Barisich'),(1044,82,'Herbert Flather'),(1045,82,'Matt Budney'),(1046,82,'Thomas Buyatt'),(1047,82,'Weston Wickman'),(1048,82,'Reggie Shannon'),(1049,82,'James Hobbs'),(1050,82,'Sean Dorcy'),(1051,82,'Dannie Hallin'),(1052,82,'Joe Hensen'),(1053,82,'Gavin Norman'),(1054,82,'Brandon Shelley'),(1055,82,'Evan Claassen'),(1056,82,'Nick Letcher'),(1057,82,'Aaron Dorcy'),(1058,82,'Leighton Eash'),(1059,82,'Andrew Davis'),(1060,82,'Tyler Brown'),(1061,82,'David Oswald'),(1062,82,'Michael Eddy'),(1063,82,'Devon Hein'),(1064,82,'Brandon Barthel'),(1065,82,'Lloyd Wood'),(1066,82,'Mike Russell'),(1067,82,'Landon Otis'),(1073,84,'Mike'),(1074,84,'Ian'),(1075,84,'Decota'),(1076,84,'Jason'),(1077,84,'Sam'),(1078,84,'Kirk'),(1079,84,'Louis'),(1080,84,'Jonathan M'),(1081,84,'Chet'),(1082,84,'Nathaniel'),(1083,84,'Andrew'),(1084,84,'Clayton'),(1085,84,'Jonathan S'),(1086,84,'Greg'),(1087,84,'Sean'),(1088,84,'Corey'),(1089,84,'Todd'),(1090,84,'Jacob'),(1091,84,'Jeremy'),(1092,84,'Alexandre'),(1093,84,'Ethan'),(1094,85,'Ben'),(1095,85,'Peyton'),(1096,85,'Brannon'),(1097,85,'Matt'),(1098,85,'Rev Joe'),(1099,85,'Travis'),(1100,85,'George'),(1101,85,'Tree'),(1102,85,'Steve'),(1103,85,'Brian'),(1104,85,'Roger'),(1105,85,'Wendy'),(1106,85,'Carlos'),(1107,85,'Josh'),(1108,85,'Johnathan'),(1109,85,'Tony'),(1110,85,'John'),(1111,85,'David D'),(1112,85,'Kenney'),(1113,85,'Grant'),(1120,91,'Joe'),(1121,91,'Dave'),(1122,91,'Player 3'),(1123,91,'Player 4'),(1124,91,'Player 5'),(1125,91,'Player 6'),(1126,91,'Player 7'),(1127,91,'Player 8'),(1128,91,'Player 9'),(1129,91,'Player 10'),(1130,91,'Player 11'),(1131,91,'Player 12'),(1132,91,'Player 13'),(1133,91,'Player 14'),(1146,94,'Bryan Bayne'),(1147,94,'Nick Taylor'),(1148,94,'Lee Sudreth'),(1149,94,'Joe Grim'),(1150,94,'Eric Jeffries'),(1151,94,'Lyle Mac'),(1152,94,'Devon Shippey'),(1153,94,'Brian Simpson'),(1154,94,'Andrew Harper'),(1155,94,'Jeff Richardson'),(1156,94,'Geoffrey Yurcisin'),(1157,94,'Jake Smith'),(1158,94,'Jay Wallace'),(1159,94,'Patrick Hughes'),(1160,94,'Jarrod Alford'),(1161,94,'Casey Waters'),(1162,94,'Joshua Boroughs'),(1163,94,'Ryan Harper'),(1164,94,'Michael Shiles'),(1165,94,'Joshua Wicker'),(1166,94,'Tre Orbin'),(1167,94,'Michael Benedict'),(1168,94,'Cameron Farr'),(1169,94,'Bobby Ray'),(1170,94,'Saidmann'),(1171,94,'James Ayers'),(1176,96,'Richard'),(1177,96,'Michael'),(1178,96,'Josh'),(1179,96,'Elias Storhaug'),(1180,96,'Trevor'),(1181,96,'Steve'),(1182,97,'Will Ames'),(1183,97,'Isaac Whitehair'),(1184,97,'Ed Razanauskas'),(1185,97,'Matt Court'),(1186,97,'Brian Burkett'),(1187,97,'Tim Bronder'),(1188,97,'Joel Richard'),(1189,97,'Jeremy Collins'),(1190,97,'David Frishkorn'),(1191,97,'AJ Smith'),(1192,97,'Michael Jones'),(1193,97,'Ryan Fleming'),(1194,97,'Charles Sherrango'),(1195,97,'Chad Brown'),(1196,97,'Mike Harbody (Father)'),(1197,97,'Alfred Schnabel'),(1198,97,'Matt Kelsey'),(1199,97,'Joshua Davidson'),(1200,97,'Steven Read'),(1201,97,'Rod White'),(1202,97,'Billy McCane'),(1203,97,'Mike Harbody (Son)'),(1204,98,'Shawn Crowley'),(1205,98,'Scott Smeltzer'),(1206,98,'Mike Pierce'),(1207,98,'Richard Curl'),(1208,98,'Aaron Lathrop'),(1209,98,'Jared Kauffman'),(1210,98,'Jay Dobies'),(1211,98,'Mike Taglioni'),(1212,98,'Chip Crowe'),(1213,98,'James Beaver'),(1214,98,'Kevin Arnold'),(1215,98,'Russell Paixao'),(1216,98,'Joseph Tiefanthaler'),(1217,98,'Peter Stalker'),(1218,98,'Andrew Hutt'),(1219,98,'Zac Cady'),(1220,98,'James Hedgepeth'),(1221,98,'Antonio Saratan'),(1222,98,'Michael Jacobi'),(1223,98,'C.J. Denny'),(1224,98,'Rob Keiser'),(1225,98,'Jonathan Lee'),(1226,98,'Francis Paixao'),(1227,98,'Matt Moutoux'),(1228,99,'Travis K'),(1229,99,'Andrew K'),(1230,99,'Joe C'),(1231,99,'Rob S'),(1232,99,'Lee G'),(1233,99,'Joel B'),(1234,99,'Jerry S'),(1235,99,'David S'),(1260,105,'Eric Lalande'),(1261,105,'Duncan Johnson'),(1262,105,'Ben Hisey'),(1263,105,'Jason Corso'),(1264,105,'Julien Modolo'),(1265,105,'Hossam  Moyheldin'),(1266,107,'Stephen Michel'),(1267,107,'Matthew Moisan'),(1268,107,'Chris Lothers'),(1269,107,'Chris Shriner'),(1270,107,'Neil Jenkins'),(1271,107,'Brian Perdue'),(1272,107,'Cody Seeger'),(1273,107,'Christopher Duffy'),(1274,107,'Noah Jenkins'),(1275,107,'Aaron Guyer'),(1276,107,'Joe Snavely'),(1277,107,'Chris Self'),(1278,107,'Troy Nowak'),(1279,107,'Paul Heaver'),(1280,107,'Kevin Long'),(1281,107,'Ira Mayers'),(1282,107,'Kris Soehlin'),(1283,107,'Nick Ditizio'),(1284,107,'Tyler Sanefers'),(1285,107,'Honter Lin'),(1286,107,'Raymond Martinez'),(1287,107,'TJ Haller'),(1288,107,'Mike Josselyn'),(1289,107,'Micheal Emrich'),(1290,107,'James Upton'),(1291,107,'James Steele'),(1292,107,'Jason Dejink'),(1293,107,'Chris Mattioli'),(1294,107,'Roy Scales'),(1314,109,'Texx'),(1315,109,'Morgan'),(1316,109,'StarSlinger72'),(1317,109,'sozin'),(1318,109,'KineticOperator'),(1319,109,'Dom'),(1320,109,'Mu0n'),(1321,109,'Kelvan'),(1322,109,'Pheaver'),(1323,109,'Sideslip'),(1324,109,'MrFroggies'),(1325,109,'Theorist'),(1326,110,'Texx'),(1327,110,'Morgan'),(1328,110,'StarSlinger72'),(1329,110,'sozin'),(1330,110,'KineticOperator'),(1331,110,'Dom'),(1332,110,'Mu0n'),(1333,110,'Kelvan'),(1334,110,'pheaver'),(1335,110,'Sideslip'),(1336,110,'MrFroggies'),(1337,110,'Theorist'),(1342,112,'Neff'),(1343,112,'Chad'),(1344,112,'Robert'),(1345,112,'Josh'),(1346,112,'Chris'),(1347,112,'Jesse'),(1354,116,'Josiah Stottlemyer'),(1355,116,'Chris Tailor'),(1356,116,'Chad Gay'),(1357,116,'Mitchell Stewart'),(1358,116,'Greg Gallardo'),(1359,116,'Josh Stottlemyer'),(1360,116,'Alex Eding'),(1361,116,'Andre Duklos'),(1362,116,'Ben Franzen'),(1363,116,'Chris Brown'),(1364,116,'Justin Neff'),(1365,116,'Matthew Brown'),(1366,116,'Mike Hogan'),(1367,117,'Jaron J.'),(1368,117,'Jason D.'),(1369,117,'Robert M.'),(1370,117,'John S.'),(1371,117,'Mike J.'),(1372,117,'Stephen M.'),(1373,117,'Ira M.'),(1374,117,'Kris S.'),(1375,117,'Tony B.'),(1376,117,'Peter H.'),(1377,117,'Honter L.'),(1378,117,'Pat D.'),(1379,117,'Rob W.'),(1380,117,'Ian M.'),(1381,117,'Chris L.'),(1382,117,'Ron B.'),(1383,118,'Danilo Almeida'),(1384,118,'Denisson Gusmao'),(1385,118,'Ricardo Schmitz'),(1386,118,'Ricardo Mandarine'),(1387,118,'Ivo Henrique'),(1388,118,'Ricardo Bernardo'),(1389,118,'Wolney Andre'),(1390,118,'Arthur Schmitz'),(1391,118,'Kirlian Silvestre'),(1392,118,'Marcelo Ferreira'),(1393,118,'Roberto Tiburcio'),(1394,118,'Joao Henrique'),(1409,120,'Denis Samson'),(1410,120,'Chris Rush Fortier'),(1411,120,'Remi Rehoj Hovington'),(1412,120,'Gab Dube'),(1413,120,'Francois Khei Beaumont'),(1414,120,'Jonathan Wildhorn Maisonneuve'),(1415,120,'Kevin Klutz Belisle'),(1416,120,'Steve SlimJim Coulterman'),(1417,120,'SImon Sim:) Belisle'),(1418,120,'Mic Mu0n Juneau'),(1419,120,'Benoit Philippe'),(1420,120,'Normand Sevigny'),(1421,120,'Julie Fortin Hamelin'),(1422,120,'Carl Gionet'),(1423,121,'Joel Stephens'),(1424,121,'David FrishKorn'),(1425,121,'Dan Myers'),(1426,121,'Brent Lucas'),(1427,121,'Chris Greff'),(1428,121,'mike Jones'),(1429,121,'Matt Kelsey'),(1430,121,'Ryan Fleming'),(1431,121,'Josh Carney'),(1432,121,'Stayce Lueders'),(1433,121,'Chris Molley'),(1434,121,'Louis Hayberg'),(1435,121,'Chad Brown'),(1436,121,'Tori Holes'),(1437,121,'Ian Brockway'),(1438,121,'Mathew Court'),(1439,121,'Linda Mills'),(1440,121,'David Carver'),(1441,121,'Dustin Tichon'),(1442,121,'Josh McMillen'),(1443,121,'Chris Markley'),(1444,121,'Logan Brown'),(1445,121,'James Lueders'),(1446,121,'Ed Horne'),(1447,122,'Shiu Yik Au'),(1448,122,'Devon Monkhouse'),(1449,122,'Jack Smaga'),(1450,122,'Norman Weir'),(1451,122,'Brian Evinou'),(1452,122,'Donald Komhyr'),(1453,122,'Carlo Roque'),(1454,122,'Emily Parker'),(1455,122,'Jeff Jirard'),(1456,122,'William Tink'),(1457,122,'Richard Laurie'),(1458,122,'Grish'),(1459,122,'Vijay Rasaiah'),(1460,122,'Josh Derksen'),(1461,122,'Kelvin Lau'),(1462,123,'Jim McNaney'),(1463,123,'Steve Hoover'),(1464,123,'Adam Eash'),(1465,123,'Adam Landon'),(1466,123,'Blair'),(1467,126,'Ryan Farmer'),(1468,126,'Don Tolentino'),(1469,126,'JohnathanNguyen'),(1470,126,'Dee Yun'),(1471,126,'Kelly Jernigan'),(1472,126,'Chris Tomas'),(1473,126,'Chris Mapile'),(1474,126,'David Wong'),(1475,126,'Jason K Averill'),(1476,126,'David Wu'),(1477,126,'Keith Macaulay'),(1478,126,'Taylor McMullen'),(1479,126,'Thomas Dadeurian'),(1480,126,'Jim Judziewicz'),(1481,126,'Glen Smallman'),(1482,126,'Michael Hartman'),(1483,126,'GJ Lewis'),(1484,126,'Jeff Judziewicz'),(1485,126,'Andrew Schlueter'),(1486,126,'Nick Menor'),(1487,126,'Steven Gonzales'),(1488,126,'Chris Macaulay'),(1489,127,'Rob P'),(1490,127,'Deanna H.'),(1491,127,'Ryan Hickey'),(1492,127,'Ryan Hively'),(1493,127,'Michael S'),(1494,127,'Manuel C.'),(1495,127,'Javier P.'),(1496,127,'Chad H.'),(1497,127,'Pasquale M.'),(1498,127,'Victor S.'),(1499,127,'Riley H.'),(1500,127,'Kyle A.'),(1501,127,'Bret R.'),(1502,127,'Ryan K'),(1503,127,'Joe J.'),(1504,127,'Doug C.'),(1505,127,'Adam S.'),(1506,127,'Dan C.'),(1507,127,'Rob R.'),(1508,127,'James V.'),(1509,127,'Zander S.'),(1510,127,'Zeb S.'),(1511,127,'Nick T.'),(1512,127,'NIck M.'),(1513,127,'Don C.'),(1514,128,'Erich Ridlon'),(1515,128,'Mike Montag'),(1516,128,'Bob Randall'),(1517,128,'Aiden Montag'),(1518,128,'Joe White'),(1519,128,'Chris Nicolopoulos'),(1532,131,'Lucas'),(1533,131,'Spencer'),(1534,131,'Carlo'),(1535,131,'Chris'),(1536,132,'Glen'),(1537,132,'Ryan '),(1538,132,'Zee'),(1539,132,'Robert'),(1540,132,'Charles'),(1541,132,'Michael '),(1542,132,'Guido'),(1543,132,'David '),(1544,133,'DJ'),(1545,133,'Brian'),(1546,133,'Ben'),(1547,133,'Mike G'),(1548,133,'Andrew'),(1549,133,'David'),(1550,133,'Ronald'),(1551,133,'Andre'),(1552,133,'Mike C'),(1553,133,'Joseph'),(1554,133,'Pablo'),(1555,133,'Jason'),(1556,134,'Unknown4'),(1557,134,'Unknown10'),(1558,134,'Unknown'),(1559,134,'Blair Bunke'),(1560,134,'Richard Li'),(1561,134,'Kevin Mccann'),(1562,134,'Unknown2'),(1563,134,'Unknown3'),(1564,134,'Unknown6'),(1565,134,'Unknown7'),(1566,134,'Rob Tapp'),(1567,134,'Unknown5'),(1568,134,'Unknown8'),(1569,134,'Unknown9'),(1570,134,'Eric Benson'),(1571,134,'Corwin Marsh'),(1572,136,'Dale G'),(1573,136,'Paul D'),(1574,136,'Justin C'),(1575,136,'Landon C'),(1576,136,'Bryce N'),(1577,136,'Brandon B'),(1578,136,'Doker'),(1579,136,'Don D'),(1580,136,'Javier M'),(1581,136,'Eric G'),(1582,136,'Walter P'),(1583,136,'Tabatha'),(1584,136,'Dave M'),(1585,136,'TJ M'),(1586,136,'Brett D'),(1587,136,'Sean M'),(1588,136,'Todd S'),(1589,136,'Johnathon B'),(1626,140,'Player 1'),(1627,140,'Player 2'),(1628,140,'Player 3'),(1629,140,'Player 4'),(1630,140,'Player 5'),(1631,140,'Player 6'),(1632,140,'Player 7'),(1633,140,'Player 8'),(1634,140,'Player 9'),(1635,140,'Player 10'),(1636,140,'Player 11'),(1637,140,'Player 12'),(1638,140,'Player 13'),(1639,140,'Player 14'),(1640,140,'Player 15'),(1641,140,'Player 16'),(1642,140,'Player 17'),(1643,140,'Player 18'),(1644,140,'Player 19'),(1645,140,'Player 20'),(1646,140,'Player 21'),(1647,140,'Player 22'),(1648,140,'Player 23'),(1649,140,'Player 24'),(1650,140,'Player 25'),(1651,140,'Player 26'),(1652,140,'Player 27'),(1653,140,'Player 28'),(1654,140,'Player 29'),(1655,140,'Player 30'),(1656,140,'Player 31'),(1657,140,'Player 32'),(1658,140,'Player 33'),(1659,140,'Player 34'),(1660,140,'Player 35'),(1661,140,'Player 36'),(1662,140,'Player 37'),(1663,140,'Player 38'),(1664,140,'Player 39'),(1665,140,'Player 40'),(1675,142,'Morgan'),(1676,142,'Texx'),(1677,142,'Kinetic Operator'),(1678,142,'Dom'),(1679,142,'sozin'),(1680,142,'pheaver'),(1681,142,'SideSlip'),(1682,142,'StarSlinger72'),(1683,142,'Mu0n'),(1684,142,'Theorist'),(1685,142,'Kelvan'),(1686,142,'MrFroggies'),(1687,143,'Player 1'),(1688,143,'Player 2'),(1689,143,'Player 3'),(1690,143,'Player 4'),(1691,143,'Player 5'),(1692,143,'Player 6'),(1693,143,'Player 7'),(1694,143,'Player 8'),(1695,143,'Player 9'),(1696,143,'Player 10'),(1697,143,'Player 11'),(1698,143,'Player 12'),(1699,143,'Player 13'),(1700,143,'Player 14'),(1701,143,'Player 15'),(1702,143,'Player 16'),(1703,143,'Player 17'),(1704,143,'Player 18'),(1705,144,'Player 1'),(1706,144,'Player 2'),(1707,144,'Player 3'),(1708,144,'Player 4'),(1709,144,'Player 5'),(1710,144,'Player 6'),(1711,144,'Player 7'),(1712,144,'Player 8'),(1713,144,'Player 9'),(1714,144,'Player 10'),(1715,144,'Player 11'),(1716,144,'Player 12'),(1717,144,'Player 13'),(1718,144,'Player 14'),(1719,144,'Player 15'),(1720,144,'Player 16'),(1721,144,'Player 17'),(1722,144,'Player 18'),(1723,144,'Player 19'),(1724,144,'Player 20'),(1725,144,'Player 21'),(1726,144,'Player 22'),(1727,144,'Player 23'),(1728,144,'Player 24'),(1729,144,'Player 25'),(1730,144,'Player 26'),(1731,144,'Player 27'),(1732,144,'Player 28'),(1733,144,'Player 29'),(1734,144,'Player 30'),(1735,144,'Player 31'),(1736,144,'Player 32'),(1737,144,'Player 33'),(1738,144,'Player 34'),(1739,144,'Player 35'),(1740,144,'Player 36'),(1741,144,'Player 37'),(1742,144,'Player 38'),(1743,144,'Player 39'),(1744,144,'Player 40'),(1745,144,'Player 41'),(1746,145,'Player 1'),(1747,145,'Player 2'),(1748,145,'Player 3'),(1749,145,'Player 4'),(1750,145,'Player 5'),(1751,145,'Player 6'),(1752,145,'Player 7'),(1753,145,'Player 8'),(1754,145,'Player 9'),(1755,145,'Player 10'),(1756,145,'Player 11'),(1757,145,'Player 12'),(1758,145,'Player 13'),(1759,145,'Player 14'),(1760,145,'Player 15'),(1761,145,'Player 16'),(1762,146,'Player 1'),(1763,146,'Player 2'),(1764,146,'Player 3'),(1765,146,'Player 4'),(1766,146,'Player 5'),(1767,146,'Player 6'),(1768,146,'Player 7'),(1769,146,'Player 8'),(1770,146,'Player 9'),(1771,146,'Player 10'),(1772,146,'Player 11'),(1773,146,'Player 12'),(1774,146,'Player 13'),(1775,146,'Player 14'),(1776,146,'Player 15'),(1777,146,'Player 16'),(1778,146,'Player 17'),(1779,146,'Player 18'),(1780,146,'Player 19'),(1781,146,'Player 20'),(1782,146,'Player 21'),(1783,146,'Player 22'),(1784,146,'Player 23'),(1785,146,'Player 24'),(1786,146,'Player 25'),(1787,146,'Player 26'),(1788,146,'Player 27'),(1789,146,'Player 28'),(1790,147,'Player 1'),(1791,147,'Player 2'),(1792,147,'Player 3'),(1793,147,'Player 4'),(1794,147,'Player 5'),(1795,148,'Alex Davy'),(1796,148,'Matt Baxter'),(1797,148,'Tim Dugan'),(1798,148,'Phil Weist'),(1799,148,'Landon Otis'),(1800,148,'Adam Uhler'),(1801,148,'Perry Nichols'),(1802,148,'Captain Typo'),(1803,148,'Player 9'),(1804,148,'Player 10'),(1805,148,'Player 11'),(1806,148,'Player 12'),(1807,148,'Player 13'),(1808,148,'Player 14'),(1809,148,'Player 15'),(1810,148,'Player 16'),(1811,148,'Player 17'),(1812,148,'Player 18'),(1813,148,'Player 19'),(1814,148,'Player 20'),(1815,148,'Player 21'),(1816,148,'Player 22'),(1817,148,'Player 23'),(1818,148,'Player 24'),(1819,148,'Player 25'),(1820,148,'Player 26'),(1821,148,'Player 27'),(1822,148,'Player 28'),(1823,148,'Player 29'),(1824,148,'Player 30'),(1825,148,'Player 31'),(1826,148,'Player 32'),(1827,148,'Player 33'),(1828,148,'Player 34'),(1829,148,'Player 35'),(1830,148,'Player 36'),(1831,148,'Player 37'),(1832,148,'Player 38'),(1833,148,'Player 39'),(1834,148,'Player 40'),(1835,148,'Player 41'),(1836,148,'Player 42'),(1837,148,'Player 43'),(1838,148,'Player 44'),(1839,148,'Player 45'),(1840,148,'Player 46'),(1841,149,'Player 1'),(1842,149,'Player 2'),(1843,149,'Player 3'),(1844,149,'Player 4'),(1845,149,'Player 5'),(1846,149,'Player 6'),(1847,149,'Player 7'),(1848,149,'Player 8'),(1849,149,'Player 9'),(1850,149,'Player 10'),(1851,149,'Player 11'),(1852,149,'Player 12'),(1853,149,'Player 13'),(1854,149,'Player 14'),(1855,149,'Player 15'),(1856,149,'Player 16'),(1857,149,'Player 17'),(1858,149,'Player 18'),(1859,149,'Player 19'),(1860,149,'Player 20'),(1861,149,'Player 21'),(1862,149,'Player 22'),(1863,149,'Player 23'),(1864,149,'Player 24'),(1865,149,'Player 25'),(1866,149,'Player 26'),(1867,149,'Player 27'),(1868,149,'Player 28'),(1869,149,'Player 29'),(1870,149,'Player 30'),(1871,149,'Player 31'),(1872,149,'Player 32'),(1873,149,'Player 33'),(1874,149,'Player 34'),(1875,149,'Player 35'),(1876,149,'Player 36'),(1877,149,'Player 37'),(1878,149,'Player 38'),(1879,149,'Player 39'),(1880,149,'Player 40'),(1881,149,'Player 41'),(1882,149,'Player 42'),(1883,149,'Player 43'),(1884,149,'Player 44'),(1885,149,'Player 45'),(1886,150,'Player 1'),(1887,150,'Player 2'),(1888,150,'Player 3'),(1889,150,'Player 4'),(1890,150,'Player 5'),(1891,150,'Player 6'),(1892,151,'Player 1'),(1893,151,'Player 2'),(1894,151,'Player 3'),(1895,151,'Player 4'),(1896,151,'Player 5'),(1897,151,'Player 6'),(1898,151,'Player 7'),(1899,151,'Player 8'),(1900,151,'Player 9'),(1901,151,'Player 10'),(1902,151,'Player 11'),(1903,151,'Player 12'),(1904,151,'Player 13'),(1905,151,'Player 14'),(1906,151,'Player 15'),(1907,151,'Player 16'),(1908,151,'Player 17'),(1909,151,'Player 18'),(1910,151,'Player 19'),(1911,151,'Player 20'),(1912,152,'Player 1'),(1913,152,'Player 2'),(1914,152,'Player 3'),(1915,152,'Player 4'),(1916,152,'Player 5'),(1917,152,'Player 6'),(1918,152,'Player 7'),(1919,152,'Player 8'),(1920,152,'Player 9'),(1921,152,'Player 10'),(1922,152,'Player 11'),(1923,152,'Player 12'),(1924,152,'Player 13'),(1925,152,'Player 14'),(1926,152,'Player 15'),(1927,153,'Player 1'),(1928,153,'Player 2'),(1929,153,'Player 3'),(1930,153,'Player 4'),(1931,153,'Player 5'),(1932,153,'Player 6'),(1933,153,'Player 7'),(1934,153,'Player 8'),(1935,153,'Player 9'),(1936,153,'Player 10'),(1937,153,'Player 11'),(1938,153,'Player 12'),(1939,153,'Player 13'),(1940,153,'Player 14'),(1941,154,'Player 1'),(1942,154,'Player 2'),(1943,154,'Player 3'),(1944,154,'Player 4'),(1945,154,'Player 5'),(1946,154,'Player 6'),(1947,154,'Player 7'),(1948,154,'Player 8'),(1949,154,'Player 9'),(1950,154,'Player 10'),(1951,154,'Player 11'),(1952,154,'Player 12'),(1953,154,'Player 13'),(1954,154,'Player 14'),(1955,154,'Player 15'),(1956,154,'Player 16'),(1957,154,'Player 17'),(1958,154,'Player 18'),(1959,154,'Player 19'),(1960,154,'Player 20'),(1961,154,'Player 21'),(1962,154,'Player 22'),(1972,156,'Mike Dennis'),(1973,156,'Player 2'),(1974,156,'Player 3'),(1975,156,'Player 4'),(1976,156,'Player 5'),(1977,156,'Player 6'),(1978,156,'Player 7'),(1979,156,'Player 8'),(1980,156,'Player 9'),(1981,156,'Player 10'),(1982,156,'Player 11'),(1983,156,'Player 12'),(1984,156,'Player 13'),(1985,156,'Player 14'),(1986,156,'Player 15'),(1987,156,'Player 16'),(1988,156,'Player 17'),(1989,156,'Player 18'),(1990,156,'Player 19'),(1991,156,'Player 20'),(1992,156,'Player 21'),(1993,156,'Player 22'),(1994,156,'Player 23'),(1995,156,'Player 24'),(1996,156,'Player 25'),(1997,156,'Player 26'),(1998,156,'Player 27'),(1999,156,'Player 28'),(2000,156,'Player 29'),(2001,156,'Player 30'),(2002,156,'Player 31'),(2003,156,'Player 32'),(2004,156,'Player 33'),(2005,156,'Player 34'),(2006,156,'Player 35'),(2007,156,'Player 36'),(2008,156,'Player 37'),(2009,156,'Player 38'),(2010,156,'Player 39'),(2011,156,'Player 40'),(2012,156,'Player 41'),(2013,156,'Player 42'),(2014,156,'Player 43'),(2015,156,'Player 44'),(2016,156,'Player 45'),(2017,156,'Player 46'),(2018,157,'Player 1'),(2019,157,'Player 2'),(2020,157,'Player 3'),(2021,157,'Player 4'),(2022,157,'Player 5'),(2023,157,'Player 6'),(2024,157,'Player 7'),(2025,157,'Player 8'),(2026,157,'Player 9'),(2027,157,'Player 10'),(2028,157,'Player 11'),(2029,157,'Player 12'),(2030,157,'Player 13'),(2031,157,'Player 14'),(2032,158,'MK'),(2033,158,'BG'),(2034,158,'MD'),(2035,158,'JG'),(2036,158,'JD'),(2037,158,'JF'),(2038,158,'NC'),(2039,158,'LS'),(2040,158,'JM'),(2041,158,'AY'),(2042,158,'CW'),(2043,158,'SW'),(2089,164,'Casey Waters'),(2090,164,'Bobby Ray'),(2091,164,'Patrick Hughes'),(2092,164,'Player 4'),(2093,164,'Player 5'),(2094,164,'Zach Hand'),(2095,164,'Eric Maynard'),(2096,164,'Player 8'),(2097,164,'Brandon Maynard '),(2098,164,'Jarrod Alford'),(2099,164,'Player 11'),(2100,164,'Player 12'),(2101,164,'Player 13'),(2102,164,'Player 14'),(2103,164,'Player 15'),(2104,164,'Player 16'),(2105,164,'Player 17'),(2106,164,'Player 18'),(2107,164,'Player 19'),(2108,164,'Player 20'),(2109,164,'Player 21'),(2110,164,'Player 22'),(2111,164,'Player 23'),(2112,164,'Player 24'),(2113,164,'Player 25'),(2114,164,'Player 26'),(2115,165,'Cliff Holm'),(2116,165,'Craig Allen'),(2117,165,'Kieth Haire'),(2118,165,'AJ Lancing'),(2119,165,'Lucas Jonhson'),(2120,165,'Jordan Lindsan'),(2121,165,'Jacob Holloman'),(2122,165,'Bob Mitchell'),(2123,165,'Mike Gott'),(2124,166,'Adam Cramer'),(2125,166,'Leo T.'),(2126,166,'Eric Knudsen'),(2127,166,'Cole Wilcox'),(2128,166,'David Blauvett'),(2129,166,'Alec Mangum'),(2130,166,'Desmond M.'),(2131,166,'Rose Whelan'),(2132,166,'Jarid S.'),(2133,166,'Xave Whelan'),(2134,166,'Eoin Whelan'),(2135,166,'Robert E.'),(2136,166,'Scott Blauvett'),(2137,167,'Player 1'),(2138,167,'Player 2'),(2139,167,'Player 3'),(2140,167,'Player 4'),(2141,167,'Player 5'),(2142,167,'Player 6'),(2143,167,'Player 7'),(2144,168,'Matt Baxter'),(2145,168,'Phil A'),(2146,168,'Player 3'),(2147,168,'Player 4'),(2148,168,'Player 5'),(2149,168,'Player 6'),(2150,168,'Player 7'),(2151,168,'Player 8'),(2152,168,'Player 9'),(2153,168,'Player 10'),(2154,168,'Player 11'),(2155,168,'Player 12'),(2156,168,'Player 13'),(2157,168,'Player 14'),(2158,169,'Stuart Boshier'),(2159,169,'Phillip Rawles'),(2160,169,'Chris Cooper'),(2161,169,'Cadan Jones'),(2162,169,'Stephen Ashton'),(2163,169,'Will Jones'),(2164,169,'Andrew Bailey'),(2165,169,'Stuart Robinson'),(2166,169,'Luke StMart'),(2167,169,'Ollie Carden'),(2168,169,'Craig Barrett'),(2169,169,'Ben Vere'),(2170,169,'Josh Gutteridge'),(2171,169,'John Cooper'),(2172,169,'Kevin Sharpes'),(2173,169,'Scott Jacobs'),(2174,169,'Dave Wheatley'),(2175,169,'Edward Bently'),(2176,169,'Matt Hardy'),(2177,169,'Don Shields'),(2178,169,'Jamie Booker'),(2179,169,'Elliot Weights'),(2180,170,'Chee Wong'),(2181,170,'Morgan R'),(2182,170,'Robert S'),(2183,170,'Darren B'),(2184,170,'Michael A'),(2185,170,'Chris M'),(2186,170,'Jaren F'),(2187,170,'Gary L'),(2188,170,'James H'),(2189,170,'Jason Sz'),(2190,170,'Alastair F'),(2191,170,'Travis F'),(2192,170,'Tyrstan F'),(2193,170,'Lee C'),(2194,170,'Grant O\'D'),(2195,170,'Kenny N'),(2196,170,'Jason G'),(2197,170,'Patrick M'),(2198,170,'Chris H'),(2199,170,'Dave R'),(2200,170,'Alex T'),(2201,170,'Martin A'),(2202,170,'Suresh K'),(2203,170,'Kris W'),(2204,170,'Luke M'),(2205,170,'Robert B'),(2206,170,'Alasdair Mc'),(2207,170,'Luke S'),(2208,170,'Casey M'),(2209,170,'Michael G'),(2210,170,'Jason C'),(2211,170,'Damien W'),(2212,170,'Alex G'),(2213,170,'Scott M'),(2214,170,'Alex S'),(2215,170,'Ted R'),(2216,170,'Wayne L'),(2217,170,'Greg B'),(2218,170,'Michael T'),(2219,170,'Mark Mc'),(2314,173,'Texx'),(2315,173,'Morgan'),(2316,173,'Pheaver'),(2317,173,'Dom'),(2318,173,'Kinetic Operator'),(2319,173,'Sozin'),(2320,173,'Mu0n'),(2321,173,'SideSlip'),(2322,173,'StarSlinger72'),(2323,173,'Theorist'),(2324,173,'Kelvan'),(2325,173,'MrFroggies'),(2326,174,'Noel C'),(2327,174,'Chris L'),(2328,174,'Chris M'),(2329,174,'Eli S'),(2330,174,'Brendan K'),(2331,174,'Marcus H'),(2332,174,'Lance K'),(2333,174,'Darryl M'),(2334,174,'Bill D'),(2335,174,'Jason K'),(2336,174,'Tony S'),(2337,174,'Adam S'),(2338,174,'Shawn B'),(2339,174,'Martin C'),(2340,174,'Fred S'),(2341,174,'Carlos G'),(2342,174,'Ray B'),(2343,174,'David C'),(2344,174,'Jason N'),(2345,174,'Mark F'),(2346,174,'Bernie L'),(2347,174,'Jeff W'),(2348,174,'Jeff L'),(2349,174,'Benjamin G'),(2350,174,'BJ R'),(2351,174,'Drew B'),(2352,174,'Josh F'),(2353,175,'Derick Calder'),(2354,175,'Gordon Hall'),(2355,175,'Jason Stoltz'),(2356,175,'Mark Burckhard'),(2357,175,'Taylor Seidlitz'),(2358,175,'Travis MacIntosh'),(2359,175,'Troy Zweber'),(2360,175,'Brendan Phelan'),(2361,175,'Bennett Kim'),(2362,175,'Justin Meh'),(2363,175,'James Winter'),(2364,175,'Steven Pailthorp'),(2365,175,'Aaron Kryger'),(2366,175,'Rob Sheffield'),(2367,175,'Bryan Schmidt'),(2368,175,'Justin Swanson'),(2369,175,'Scott Rose'),(2370,175,'Peter Harper'),(2371,175,'Paul Guise'),(2372,175,'Michael Rochel'),(2373,175,'Kainoa Pestana'),(2374,175,'Andrew Corcoran'),(2375,175,'Scott Williams'),(2376,175,'Beau Bogart'),(2377,175,'David Coley'),(2378,175,'Jay Bishop'),(2379,175,'Beau Bogart'),(2380,175,'Rob Sheffield'),(2381,175,'Mark Burckhard'),(2382,175,'Brendan Phelan'),(2383,175,'Scott Williams'),(2384,175,'Peter Harper'),(2385,175,'Aaron Kryger'),(2386,175,'Steven Pailthorp'),(2387,175,'Kainoa Pestana'),(2388,175,'Bryan Schmidt'),(2389,175,'Justin Meh'),(2390,175,'Derick Calder'),(2391,175,'Justin Swanson'),(2392,175,'David Coley'),(2393,175,'Andrew Corcoran'),(2394,175,'Bishop, Jay'),(2395,175,'Jason Stoltz'),(2396,175,'Paul Guise'),(2397,175,'Michael Rochel'),(2398,175,'Gordon Hall'),(2399,175,'Travis MacIntosh'),(2400,175,'Bennett Kim'),(2401,175,'Taylor Seidlitz'),(2402,175,'Troy Zweber'),(2403,175,'James Winter'),(2404,176,'Tom Duncan'),(2405,176,'Player 2'),(2406,176,'Player 3'),(2407,176,'Player 4'),(2408,176,'Player 5'),(2409,176,'Player 6'),(2410,176,'Player 7'),(2411,176,'Player 8'),(2412,176,'Player 9'),(2413,176,'Player 10'),(2414,176,'Player 11'),(2415,176,'Player 12'),(2416,176,'Player 13'),(2417,176,'Player 14'),(2418,176,'Player 15');
/*!40000 ALTER TABLE `tourney_player` ENABLE KEYS */;
UNLOCK TABLES;

--
-- Table structure for table `tourney_ranking`
--

DROP TABLE IF EXISTS `tourney_ranking`;
/*!40101 SET @saved_cs_client     = @@character_set_client */;
/*!40101 SET character_set_client = utf8 */;
CREATE TABLE `tourney_ranking` (
  `id` int(11) NOT NULL AUTO_INCREMENT,
  `tourney_id` int(11) DEFAULT NULL,
  `player_id` int(11) DEFAULT NULL,
  `score` int(11) DEFAULT NULL,
  `mov` int(11) DEFAULT NULL,
  `sos` int(11) DEFAULT NULL,
  `rank` int(11) DEFAULT NULL,
  `elim_rank` int(11) DEFAULT NULL,
  `dropped` tinyint(1) DEFAULT NULL,
  PRIMARY KEY (`id`),
  KEY `tourney_id` (`tourney_id`),
  KEY `player_id` (`player_id`),
  CONSTRAINT `tourney_ranking_ibfk_1` FOREIGN KEY (`tourney_id`) REFERENCES `tourney` (`id`),
  CONSTRAINT `tourney_ranking_ibfk_2` FOREIGN KEY (`player_id`) REFERENCES `tourney_player` (`id`)
) ENGINE=InnoDB AUTO_INCREMENT=2969 DEFAULT CHARSET=latin1;
/*!40101 SET character_set_client = @saved_cs_client */;

--
-- Dumping data for table `tourney_ranking`
--

LOCK TABLES `tourney_ranking` WRITE;
/*!40000 ALTER TABLE `tourney_ranking` DISABLE KEYS */;
INSERT INTO `tourney_ranking` VALUES (1,1,245,NULL,NULL,NULL,1,4,0),(2,1,246,NULL,NULL,NULL,2,2,0),(3,1,247,NULL,NULL,NULL,3,32,0),(4,1,248,NULL,NULL,NULL,4,8,0),(5,1,249,NULL,NULL,NULL,5,32,0),(6,1,250,NULL,NULL,NULL,6,32,0),(7,1,251,NULL,NULL,NULL,7,32,0),(8,1,252,NULL,NULL,NULL,8,32,0),(9,1,253,NULL,NULL,NULL,9,32,0),(10,1,254,NULL,NULL,NULL,10,32,0),(11,1,255,NULL,NULL,NULL,11,8,0),(12,1,256,NULL,NULL,NULL,12,16,0),(13,1,257,NULL,NULL,NULL,13,8,0),(14,1,258,NULL,NULL,NULL,14,32,0),(15,1,259,NULL,NULL,NULL,15,NULL,0),(16,1,260,NULL,NULL,NULL,16,32,0),(17,1,261,NULL,NULL,NULL,17,32,0),(18,1,262,NULL,NULL,NULL,18,NULL,0),(19,1,263,NULL,NULL,NULL,19,NULL,0),(20,1,264,NULL,NULL,NULL,20,NULL,0),(21,1,265,NULL,NULL,NULL,21,NULL,0),(22,1,266,NULL,NULL,NULL,22,NULL,0),(23,1,267,NULL,NULL,NULL,23,NULL,0),(24,1,268,NULL,NULL,NULL,24,NULL,0),(25,1,269,NULL,NULL,NULL,25,NULL,0),(26,1,270,NULL,NULL,NULL,26,NULL,0),(27,1,271,NULL,NULL,NULL,27,NULL,0),(28,1,272,NULL,NULL,NULL,28,NULL,0),(29,1,273,NULL,NULL,NULL,29,NULL,0),(30,1,274,NULL,NULL,NULL,30,NULL,0),(31,1,275,NULL,NULL,NULL,31,NULL,0),(32,1,276,NULL,NULL,NULL,32,NULL,0),(33,1,277,NULL,NULL,NULL,33,NULL,0),(34,1,278,NULL,NULL,NULL,34,NULL,0),(35,1,279,NULL,NULL,NULL,35,NULL,0),(36,1,280,NULL,NULL,NULL,36,NULL,0),(37,1,281,NULL,NULL,NULL,37,NULL,0),(38,1,282,NULL,NULL,NULL,38,NULL,0),(39,1,283,NULL,NULL,NULL,39,NULL,0),(40,1,284,NULL,NULL,NULL,40,NULL,0),(41,1,285,NULL,NULL,NULL,41,NULL,0),(42,1,286,NULL,NULL,NULL,42,NULL,0),(43,1,287,NULL,NULL,NULL,43,NULL,0),(44,1,288,NULL,NULL,NULL,44,NULL,0),(45,1,289,NULL,NULL,NULL,45,NULL,0),(46,1,290,NULL,NULL,NULL,46,NULL,0),(47,1,291,NULL,NULL,NULL,47,NULL,0),(48,1,292,NULL,NULL,NULL,48,NULL,0),(49,1,293,NULL,NULL,NULL,49,NULL,0),(50,1,294,NULL,NULL,NULL,50,NULL,0),(51,1,295,NULL,NULL,NULL,51,NULL,0),(52,1,296,NULL,NULL,NULL,52,NULL,0),(53,1,297,NULL,NULL,NULL,53,NULL,0),(54,1,298,NULL,NULL,NULL,54,NULL,0),(55,1,299,NULL,NULL,NULL,55,NULL,0),(56,1,300,NULL,NULL,NULL,56,NULL,0),(57,1,301,NULL,NULL,NULL,57,NULL,0),(58,1,302,NULL,NULL,NULL,58,NULL,0),(59,1,303,NULL,NULL,NULL,59,NULL,0),(60,1,304,NULL,NULL,NULL,60,NULL,0),(61,1,305,NULL,NULL,NULL,61,NULL,0),(62,1,306,NULL,NULL,NULL,62,NULL,0),(63,1,307,NULL,NULL,NULL,63,NULL,0),(64,1,308,NULL,NULL,NULL,64,NULL,0),(65,1,309,NULL,NULL,NULL,65,NULL,0),(66,1,310,NULL,NULL,NULL,66,NULL,0),(67,1,311,NULL,NULL,NULL,67,NULL,0),(68,1,312,NULL,NULL,NULL,68,NULL,0),(69,1,313,NULL,NULL,NULL,69,NULL,0),(70,1,314,NULL,NULL,NULL,70,NULL,0),(71,1,315,NULL,NULL,NULL,71,NULL,0),(72,1,316,NULL,NULL,NULL,72,NULL,0),(73,1,317,NULL,NULL,NULL,73,NULL,0),(74,1,318,NULL,NULL,NULL,74,NULL,0),(75,1,319,NULL,NULL,NULL,75,NULL,0),(76,1,320,NULL,NULL,NULL,76,NULL,0),(77,1,321,NULL,NULL,NULL,77,NULL,0),(78,1,322,NULL,NULL,NULL,78,NULL,0),(79,1,323,NULL,NULL,NULL,79,NULL,0),(80,1,324,NULL,NULL,NULL,80,NULL,0),(81,1,325,NULL,NULL,NULL,81,NULL,0),(82,1,326,NULL,NULL,NULL,82,NULL,0),(83,1,327,NULL,NULL,NULL,83,NULL,0),(84,1,328,NULL,NULL,NULL,84,NULL,0),(85,1,329,NULL,NULL,NULL,85,NULL,0),(86,1,330,NULL,NULL,NULL,86,NULL,0),(87,1,331,NULL,NULL,NULL,87,NULL,0),(88,1,332,NULL,NULL,NULL,88,NULL,0),(89,1,333,NULL,NULL,NULL,89,NULL,0),(90,1,334,NULL,NULL,NULL,90,NULL,0),(91,1,335,NULL,NULL,NULL,91,NULL,0),(92,1,336,NULL,NULL,NULL,92,NULL,0),(93,1,337,NULL,NULL,NULL,93,NULL,0),(94,1,338,NULL,NULL,NULL,94,NULL,0),(95,1,339,NULL,NULL,NULL,95,NULL,0),(96,1,340,NULL,NULL,NULL,96,NULL,0),(97,1,341,NULL,NULL,NULL,97,NULL,0),(98,1,342,NULL,NULL,NULL,98,NULL,0),(99,1,343,NULL,NULL,NULL,99,NULL,0),(100,1,344,NULL,NULL,NULL,100,NULL,0),(101,1,345,NULL,NULL,NULL,101,NULL,0),(102,1,346,NULL,NULL,NULL,102,NULL,0),(103,1,347,NULL,NULL,NULL,103,NULL,0),(104,1,348,NULL,NULL,NULL,104,NULL,0),(105,1,349,NULL,NULL,NULL,105,NULL,0),(106,1,350,NULL,NULL,NULL,106,NULL,0),(107,1,351,NULL,NULL,NULL,107,NULL,0),(108,1,352,NULL,NULL,NULL,108,NULL,0),(109,1,353,NULL,NULL,NULL,109,NULL,0),(110,1,354,NULL,NULL,NULL,110,NULL,0),(111,1,355,NULL,NULL,NULL,111,NULL,0),(112,1,356,NULL,NULL,NULL,112,NULL,0),(113,1,357,NULL,NULL,NULL,113,NULL,0),(114,1,358,NULL,NULL,NULL,114,NULL,0),(115,2,359,NULL,NULL,NULL,1,4,0),(116,2,360,NULL,NULL,NULL,2,1,0),(117,2,361,NULL,NULL,NULL,3,16,0),(118,2,362,NULL,NULL,NULL,4,32,0),(119,2,363,NULL,NULL,NULL,5,32,0),(120,2,364,NULL,NULL,NULL,6,32,0),(121,2,365,NULL,NULL,NULL,7,16,0),(122,2,366,NULL,NULL,NULL,8,16,0),(123,2,367,NULL,NULL,NULL,9,16,0),(124,2,368,NULL,NULL,NULL,10,16,0),(125,2,369,NULL,NULL,NULL,11,4,0),(126,2,370,NULL,NULL,NULL,12,16,0),(127,2,371,NULL,NULL,NULL,13,32,0),(128,2,372,NULL,NULL,NULL,14,16,0),(129,2,373,NULL,NULL,NULL,15,32,0),(130,2,374,NULL,NULL,NULL,16,32,0),(131,2,375,NULL,NULL,NULL,17,NULL,0),(132,2,376,NULL,NULL,NULL,18,NULL,0),(133,2,377,NULL,NULL,NULL,19,NULL,0),(134,2,378,NULL,NULL,NULL,20,NULL,0),(135,2,379,NULL,NULL,NULL,21,NULL,0),(136,2,380,NULL,NULL,NULL,22,NULL,0),(137,2,381,NULL,NULL,NULL,23,NULL,0),(138,2,382,NULL,NULL,NULL,24,NULL,0),(139,2,383,NULL,NULL,NULL,25,NULL,0),(140,2,384,NULL,NULL,NULL,26,NULL,0),(141,2,385,NULL,NULL,NULL,27,NULL,0),(142,2,386,NULL,NULL,NULL,28,NULL,0),(143,2,387,NULL,NULL,NULL,29,NULL,0),(144,2,388,NULL,NULL,NULL,30,NULL,0),(145,2,389,NULL,NULL,NULL,31,NULL,0),(146,2,390,NULL,NULL,NULL,32,NULL,0),(147,2,391,NULL,NULL,NULL,33,NULL,0),(148,2,392,NULL,NULL,NULL,34,NULL,0),(149,2,393,NULL,NULL,NULL,35,NULL,0),(150,2,394,NULL,NULL,NULL,36,NULL,0),(151,2,395,NULL,NULL,NULL,37,NULL,0),(152,2,396,NULL,NULL,NULL,38,NULL,0),(153,2,397,NULL,NULL,NULL,39,NULL,0),(154,2,398,NULL,NULL,NULL,40,NULL,0),(155,2,399,NULL,NULL,NULL,41,NULL,0),(156,2,400,NULL,NULL,NULL,42,NULL,0),(157,2,401,NULL,NULL,NULL,43,NULL,0),(158,2,402,NULL,NULL,NULL,44,NULL,0),(159,2,403,NULL,NULL,NULL,45,NULL,0),(160,2,404,NULL,NULL,NULL,46,NULL,0),(161,2,405,NULL,NULL,NULL,47,NULL,0),(162,2,406,NULL,NULL,NULL,48,NULL,0),(163,2,407,NULL,NULL,NULL,49,NULL,0),(164,2,408,NULL,NULL,NULL,50,NULL,0),(165,2,409,NULL,NULL,NULL,51,NULL,0),(166,2,410,NULL,NULL,NULL,52,NULL,0),(167,2,411,NULL,NULL,NULL,53,NULL,0),(168,2,412,NULL,NULL,NULL,54,NULL,0),(169,2,413,NULL,NULL,NULL,55,NULL,0),(170,2,414,NULL,NULL,NULL,56,NULL,0),(171,2,415,NULL,NULL,NULL,57,NULL,0),(172,2,416,NULL,NULL,NULL,58,NULL,0),(173,2,417,NULL,NULL,NULL,59,NULL,0),(174,2,418,NULL,NULL,NULL,60,NULL,0),(175,2,419,NULL,NULL,NULL,61,NULL,0),(176,2,420,NULL,NULL,NULL,62,NULL,0),(177,2,421,NULL,NULL,NULL,63,NULL,0),(178,2,422,NULL,NULL,NULL,64,NULL,0),(179,2,423,NULL,NULL,NULL,65,NULL,0),(180,2,424,NULL,NULL,NULL,66,NULL,0),(181,2,425,NULL,NULL,NULL,67,NULL,0),(182,2,426,NULL,NULL,NULL,68,NULL,0),(183,2,427,NULL,NULL,NULL,69,NULL,0),(184,2,428,NULL,NULL,NULL,70,NULL,0),(185,2,429,NULL,NULL,NULL,71,NULL,0),(186,2,430,NULL,NULL,NULL,72,NULL,0),(187,2,431,NULL,NULL,NULL,73,NULL,0),(188,2,432,NULL,NULL,NULL,74,NULL,0),(189,2,433,NULL,NULL,NULL,75,NULL,0),(190,2,434,NULL,NULL,NULL,76,NULL,0),(191,2,435,NULL,NULL,NULL,77,NULL,0),(192,2,436,NULL,NULL,NULL,78,NULL,0),(193,2,437,NULL,NULL,NULL,79,NULL,0),(194,2,438,NULL,NULL,NULL,80,NULL,0),(195,2,439,NULL,NULL,NULL,81,NULL,0),(196,2,440,NULL,NULL,NULL,82,NULL,0),(197,2,441,NULL,NULL,NULL,83,NULL,0),(198,2,442,NULL,NULL,NULL,84,NULL,0),(199,2,443,NULL,NULL,NULL,85,NULL,0),(200,2,444,NULL,NULL,NULL,86,NULL,0),(201,2,445,NULL,NULL,NULL,87,NULL,0),(202,2,446,NULL,NULL,NULL,88,NULL,0),(203,2,447,NULL,NULL,NULL,89,NULL,0),(204,2,448,NULL,NULL,NULL,90,NULL,0),(205,2,449,NULL,NULL,NULL,91,NULL,0),(206,2,450,NULL,NULL,NULL,92,NULL,0),(207,2,451,NULL,NULL,NULL,93,NULL,0),(208,2,452,NULL,NULL,NULL,94,NULL,0),(209,2,453,NULL,NULL,NULL,95,NULL,0),(210,2,454,NULL,NULL,NULL,96,NULL,0),(211,2,455,NULL,NULL,NULL,97,NULL,0),(212,2,456,NULL,NULL,NULL,98,NULL,0),(213,2,457,NULL,NULL,NULL,99,NULL,0),(214,2,458,NULL,NULL,NULL,100,NULL,0),(215,2,459,NULL,NULL,NULL,101,NULL,0),(216,2,460,NULL,NULL,NULL,102,NULL,0),(217,2,461,NULL,NULL,NULL,103,NULL,0),(218,2,462,NULL,NULL,NULL,104,NULL,0),(219,2,463,NULL,NULL,NULL,105,NULL,0),(220,2,464,NULL,NULL,NULL,106,NULL,0),(221,2,465,NULL,NULL,NULL,107,NULL,0),(222,2,466,NULL,NULL,NULL,108,NULL,0),(223,2,467,NULL,NULL,NULL,109,NULL,0),(224,2,468,NULL,NULL,NULL,110,NULL,0),(225,2,469,NULL,NULL,NULL,111,NULL,0),(226,2,470,NULL,NULL,NULL,112,NULL,0),(227,2,471,NULL,NULL,NULL,113,NULL,0),(228,2,472,NULL,NULL,NULL,114,NULL,0),(229,2,473,NULL,NULL,NULL,115,NULL,0),(230,2,474,NULL,NULL,NULL,116,NULL,0),(231,2,475,NULL,NULL,NULL,117,NULL,0),(232,2,476,NULL,NULL,NULL,118,NULL,0),(233,2,477,NULL,NULL,NULL,119,NULL,0),(234,2,478,NULL,NULL,NULL,120,NULL,0),(235,2,479,NULL,NULL,NULL,121,NULL,0),(236,2,480,NULL,NULL,NULL,122,NULL,0),(237,2,481,NULL,NULL,NULL,123,NULL,0),(238,2,482,NULL,NULL,NULL,124,NULL,0),(239,2,483,NULL,NULL,NULL,125,NULL,0),(240,2,484,NULL,NULL,NULL,126,NULL,0),(241,2,485,NULL,NULL,NULL,127,NULL,0),(242,2,486,NULL,NULL,NULL,128,NULL,0),(243,2,487,NULL,NULL,NULL,129,NULL,0),(244,2,488,NULL,NULL,NULL,130,NULL,0),(308,28,624,20,649,45,1,NULL,0),(309,28,623,15,651,45,2,NULL,0),(310,28,619,13,485,30,3,NULL,0),(311,28,618,10,562,33,4,NULL,0),(312,28,625,10,378,53,5,NULL,0),(313,28,620,10,320,45,6,NULL,0),(314,28,626,10,277,40,7,NULL,0),(315,28,621,5,316,33,8,NULL,0),(316,28,622,5,162,38,9,NULL,0),(327,32,637,0,NULL,NULL,1,NULL,0),(328,32,638,0,NULL,NULL,2,NULL,0),(329,32,639,0,NULL,NULL,3,NULL,0),(330,32,640,0,NULL,NULL,4,NULL,0),(331,32,641,0,NULL,NULL,5,NULL,0),(332,32,642,0,NULL,NULL,6,NULL,0),(333,32,643,0,NULL,NULL,7,NULL,0),(334,32,644,0,NULL,NULL,8,NULL,0),(335,32,645,0,NULL,NULL,9,NULL,0),(336,32,646,0,NULL,NULL,10,NULL,0),(337,32,647,0,NULL,NULL,11,NULL,0),(338,32,648,0,NULL,NULL,12,NULL,0),(339,33,649,20,677,NULL,1,NULL,0),(340,33,650,15,612,NULL,2,NULL,0),(341,33,651,15,563,NULL,3,NULL,0),(342,33,652,15,509,NULL,4,NULL,0),(343,33,653,15,508,NULL,5,NULL,0),(344,33,654,15,495,NULL,6,NULL,0),(345,33,655,10,480,NULL,7,NULL,0),(346,33,656,10,412,NULL,8,NULL,0),(347,33,657,10,361,NULL,9,NULL,0),(348,33,658,10,352,NULL,10,NULL,0),(349,33,659,10,337,NULL,11,NULL,0),(350,33,660,5,328,NULL,12,NULL,0),(351,33,661,5,254,NULL,13,NULL,0),(352,33,662,0,184,NULL,14,NULL,0),(353,37,663,16,613,NULL,1,NULL,0),(354,37,664,15,634,NULL,1,NULL,0),(355,37,665,15,481,NULL,1,NULL,0),(356,37,666,15,469,NULL,1,NULL,0),(357,37,667,15,449,NULL,1,NULL,0),(358,37,668,10,440,NULL,1,NULL,0),(359,37,669,10,433,NULL,1,NULL,0),(360,37,670,10,382,NULL,1,NULL,0),(361,37,671,8,365,NULL,1,NULL,0),(362,37,672,6,331,NULL,1,NULL,0),(363,37,673,5,347,NULL,1,NULL,0),(364,37,674,5,347,NULL,1,NULL,0),(365,37,675,5,347,NULL,1,NULL,0),(374,43,691,15,510,25,1,NULL,0),(375,43,690,10,404,30,2,NULL,0),(376,43,689,10,302,15,3,NULL,0),(377,43,687,10,279,25,4,NULL,0),(378,43,684,5,320,15,5,NULL,0),(379,43,688,5,239,20,6,NULL,0),(380,43,686,5,199,30,7,NULL,0),(381,43,685,0,147,20,8,NULL,0),(411,53,783,20,622,50,1,NULL,0),(412,53,791,15,647,45,2,NULL,0),(413,53,777,15,603,45,3,NULL,0),(414,53,786,15,602,35,4,NULL,0),(415,53,787,15,510,44,5,NULL,0),(416,53,784,15,500,34,6,NULL,0),(417,53,776,15,342,41,7,NULL,0),(418,53,782,10,451,41,8,NULL,0),(419,53,789,10,341,35,9,NULL,0),(420,53,779,10,191,38,10,NULL,0),(421,53,792,8,486,45,11,NULL,0),(422,53,780,6,365,31,12,NULL,0),(423,53,790,6,193,41,13,NULL,0),(424,53,794,5,400,56,14,NULL,0),(425,53,778,5,388,35,15,NULL,0),(426,53,793,5,270,40,16,NULL,0),(427,53,788,5,270,38,17,NULL,0),(428,53,785,0,119,15,0,NULL,1),(429,53,781,0,0,5,0,NULL,1),(430,55,802,15,462,20,1,NULL,0),(431,55,806,11,393,11,2,NULL,0),(432,55,796,10,420,25,3,NULL,0),(433,55,797,10,329,15,4,NULL,0),(434,55,803,10,190,6,5,NULL,0),(435,55,805,6,298,21,6,NULL,0),(436,55,800,5,274,26,7,NULL,0),(437,55,798,5,215,20,8,NULL,0),(438,55,799,5,208,15,0,NULL,1),(439,55,801,0,144,21,9,NULL,0),(440,55,804,0,137,10,10,NULL,0),(441,55,795,0,130,26,11,NULL,0),(442,56,831,25,1016,104,1,2,0),(443,56,823,25,819,86,2,1,0),(444,56,829,24,780,93,3,8,0),(445,56,839,23,790,79,4,4,0),(446,56,811,20,913,94,5,8,0),(447,56,827,20,769,96,6,4,0),(448,56,809,20,758,85,7,8,0),(449,56,818,20,740,105,8,8,0),(450,56,812,20,735,98,9,NULL,0),(451,56,841,20,704,80,10,NULL,0),(452,56,822,20,560,99,11,NULL,0),(453,56,810,18,663,101,12,NULL,0),(454,56,808,15,638,112,13,NULL,0),(455,56,837,15,634,104,14,NULL,0),(456,56,826,15,631,88,15,NULL,0),(457,56,817,15,624,80,16,NULL,0),(458,56,820,15,620,103,17,NULL,0),(459,56,813,15,592,65,18,NULL,0),(460,56,836,15,591,90,19,NULL,0),(461,56,828,15,586,93,20,NULL,0),(462,56,816,15,533,91,21,NULL,0),(463,56,814,13,483,58,22,NULL,0),(464,56,807,11,542,92,23,NULL,0),(465,56,821,11,536,84,24,NULL,0),(466,56,832,10,589,82,25,NULL,0),(467,56,842,10,541,78,26,NULL,0),(468,56,825,10,503,65,27,NULL,0),(469,56,840,10,489,104,28,NULL,0),(470,56,835,10,400,48,29,NULL,0),(471,56,830,10,394,69,30,NULL,0),(472,56,834,8,466,91,31,NULL,0),(473,56,815,5,388,58,32,NULL,0),(474,56,838,5,376,94,33,NULL,0),(475,56,833,5,290,71,0,NULL,1),(476,56,819,5,212,70,0,NULL,1),(477,56,824,0,145,28,0,NULL,1),(478,58,843,21,NULL,NULL,1,NULL,0),(479,58,844,20,NULL,NULL,2,NULL,0),(480,58,845,20,NULL,NULL,3,NULL,0),(481,58,846,20,NULL,NULL,4,NULL,0),(482,58,847,20,NULL,NULL,5,NULL,0),(483,58,848,15,NULL,NULL,6,NULL,0),(484,58,849,15,NULL,NULL,7,NULL,0),(485,58,850,15,NULL,NULL,8,NULL,0),(486,58,851,15,NULL,NULL,9,NULL,0),(487,58,852,15,NULL,NULL,10,NULL,0),(488,58,853,15,NULL,NULL,11,NULL,0),(489,58,854,11,NULL,NULL,12,NULL,0),(490,58,855,10,NULL,NULL,13,NULL,0),(491,58,856,10,NULL,NULL,14,NULL,0),(492,58,857,10,NULL,NULL,15,NULL,0),(493,58,858,10,NULL,NULL,16,NULL,0),(494,58,859,10,NULL,NULL,17,NULL,0),(495,58,860,10,NULL,NULL,18,NULL,0),(496,58,861,10,NULL,NULL,19,NULL,0),(497,58,862,5,NULL,NULL,20,NULL,0),(498,58,863,5,NULL,NULL,21,NULL,0),(499,58,864,5,NULL,NULL,22,NULL,0),(500,58,865,5,NULL,NULL,23,NULL,0),(501,58,866,5,NULL,NULL,24,NULL,0),(502,63,875,15,350,18,1,NULL,0),(503,63,872,10,409,15,2,NULL,0),(504,63,869,10,400,33,3,NULL,0),(505,63,871,10,323,20,4,NULL,0),(506,63,874,8,476,23,5,NULL,0),(507,63,867,8,271,13,6,NULL,0),(508,63,873,5,219,18,7,NULL,0),(509,63,868,3,282,16,8,NULL,0),(510,63,870,0,120,23,9,NULL,0),(511,65,876,20,700,NULL,1,NULL,0),(512,65,877,15,590,NULL,2,NULL,0),(513,65,878,15,535,NULL,3,NULL,0),(514,65,879,15,530,NULL,4,NULL,0),(515,65,880,15,486,NULL,5,NULL,0),(516,65,881,15,457,NULL,6,NULL,0),(517,65,882,10,428,NULL,7,NULL,0),(518,65,883,10,401,NULL,8,NULL,0),(519,65,884,10,347,NULL,9,NULL,0),(520,65,885,6,411,NULL,10,NULL,0),(521,65,886,6,254,NULL,11,NULL,0),(522,65,887,5,283,NULL,12,NULL,0),(523,65,888,5,269,NULL,13,NULL,0),(524,65,889,5,260,NULL,14,NULL,0),(525,65,890,5,254,NULL,15,NULL,0),(526,65,891,0,0,NULL,16,NULL,1),(527,65,892,0,0,NULL,17,NULL,1),(629,79,999,20,784,NULL,1,NULL,0),(630,79,1000,15,601,NULL,2,NULL,0),(631,79,1001,15,531,NULL,3,NULL,0),(632,79,1002,15,455,NULL,4,NULL,0),(633,79,1003,10,429,NULL,5,NULL,0),(634,80,1004,5,188,NULL,1,NULL,0),(635,80,1005,5,188,NULL,2,NULL,0),(636,80,1006,5,180,NULL,3,NULL,0),(637,80,1007,5,170,NULL,4,NULL,0),(638,80,1008,5,152,NULL,5,NULL,0),(639,80,1009,5,152,NULL,6,NULL,0),(640,80,1010,0,48,NULL,7,NULL,0),(641,80,1011,0,48,NULL,8,NULL,0),(642,80,1012,0,30,NULL,9,NULL,0),(643,80,1013,0,20,NULL,10,NULL,0),(644,80,1014,0,0,NULL,11,NULL,0),(645,80,1015,0,0,NULL,12,NULL,0),(646,81,1016,20,600,35,1,NULL,0),(647,81,1017,15,595,50,2,NULL,0),(648,81,1018,15,584,35,3,NULL,0),(649,81,1019,15,532,50,4,NULL,0),(650,81,1020,15,529,33,5,NULL,0),(651,81,1021,15,491,25,6,NULL,0),(652,81,1022,10,488,38,7,NULL,0),(653,81,1023,10,481,28,8,NULL,0),(654,81,1024,10,370,43,9,NULL,0),(655,81,1025,10,367,40,10,NULL,0),(656,81,1026,10,364,25,11,NULL,0),(657,81,1027,10,316,60,12,NULL,0),(658,81,1028,8,337,45,13,NULL,0),(659,81,1029,5,327,40,14,NULL,0),(660,81,1030,5,296,45,15,NULL,0),(661,81,1031,5,259,40,16,NULL,0),(662,81,1032,0,156,30,17,NULL,0),(663,81,1033,0,108,50,18,NULL,0),(664,82,1049,30,1112,85,1,NULL,0),(665,82,1041,25,872,110,2,NULL,0),(666,82,1051,25,849,104,3,NULL,0),(667,82,1037,20,851,80,4,NULL,0),(668,82,1067,20,790,90,5,NULL,0),(669,82,1036,20,772,105,6,NULL,0),(670,82,1054,20,746,93,7,NULL,0),(671,82,1058,20,736,120,8,NULL,0),(672,82,1053,20,660,120,9,NULL,0),(673,82,1066,20,511,85,10,NULL,0),(674,82,1039,18,737,61,11,NULL,0),(675,82,1035,15,637,64,12,NULL,0),(676,82,1055,15,631,85,13,NULL,0),(677,82,1043,15,605,85,14,NULL,0),(678,82,1044,15,594,58,15,NULL,0),(679,82,1046,15,580,110,16,NULL,0),(680,82,1062,15,530,85,17,NULL,0),(681,82,1056,10,551,73,18,NULL,0),(682,82,1065,10,523,71,0,NULL,1),(683,82,1057,10,473,95,19,NULL,0),(684,82,1038,10,424,55,0,NULL,1),(685,82,1045,10,422,75,0,NULL,1),(686,82,1059,10,414,46,0,NULL,1),(687,82,1048,10,380,71,20,NULL,0),(688,82,1050,10,360,55,21,NULL,0),(689,82,1061,8,430,72,22,NULL,0),(690,82,1047,6,531,49,23,NULL,0),(691,82,1034,6,301,57,0,NULL,1),(692,82,1042,5,255,68,0,NULL,1),(693,82,1060,5,208,65,0,NULL,1),(694,82,1063,5,176,28,0,NULL,1),(695,82,1040,0,74,15,0,NULL,1),(696,82,1052,0,72,35,0,NULL,1),(697,82,1064,0,43,40,0,NULL,1),(703,84,1074,15,578,25,1,8,0),(704,84,1080,15,550,20,2,2,0),(705,84,1073,11,340,25,3,8,0),(706,84,1088,10,424,21,4,4,0),(707,84,1087,10,422,20,5,8,0),(708,84,1081,10,400,20,6,4,0),(709,84,1082,10,370,30,7,8,0),(710,84,1084,10,370,16,8,1,0),(711,84,1083,10,357,15,9,NULL,0),(712,84,1085,10,340,30,10,NULL,0),(713,84,1089,10,303,20,11,NULL,0),(714,84,1077,5,357,16,12,NULL,0),(715,84,1075,5,315,20,13,NULL,0),(716,84,1090,5,216,20,14,NULL,0),(717,84,1092,5,200,25,15,NULL,0),(718,84,1078,5,197,25,16,NULL,0),(719,84,1079,5,172,25,17,NULL,0),(720,84,1076,5,150,15,18,NULL,0),(721,84,1091,0,92,20,0,NULL,1),(722,84,1086,0,89,20,19,NULL,0),(723,84,1093,0,58,20,20,NULL,0),(724,85,1094,25,NULL,NULL,1,NULL,0),(725,85,1095,20,NULL,NULL,2,NULL,0),(726,85,1096,20,NULL,NULL,3,NULL,0),(727,85,1097,15,NULL,NULL,4,NULL,0),(728,85,1098,15,NULL,NULL,5,NULL,0),(729,85,1099,15,NULL,NULL,6,NULL,0),(730,85,1100,15,NULL,NULL,7,NULL,0),(731,85,1101,15,NULL,NULL,8,NULL,0),(732,85,1102,15,NULL,NULL,9,NULL,0),(733,85,1103,11,NULL,NULL,10,NULL,0),(734,85,1104,11,NULL,NULL,11,NULL,0),(735,85,1105,10,NULL,NULL,12,NULL,0),(736,85,1106,10,NULL,NULL,13,NULL,0),(737,85,1107,10,NULL,NULL,14,NULL,0),(738,85,1108,10,NULL,NULL,15,NULL,0),(739,85,1109,5,NULL,NULL,16,NULL,0),(740,85,1110,5,NULL,NULL,17,NULL,0),(741,85,1111,5,NULL,NULL,18,NULL,0),(742,85,1112,0,NULL,NULL,19,NULL,0),(743,85,1113,0,NULL,NULL,20,NULL,0),(750,91,1120,25,NULL,NULL,3,1,0),(751,91,1121,23,NULL,NULL,1,2,0),(752,91,1122,15,NULL,NULL,2,3,0),(753,91,1123,15,NULL,NULL,4,4,0),(754,91,1124,0,NULL,NULL,0,NULL,0),(755,91,1125,0,NULL,NULL,0,NULL,0),(756,91,1126,0,NULL,NULL,0,NULL,0),(757,91,1127,0,NULL,NULL,0,NULL,0),(758,91,1128,0,NULL,NULL,0,NULL,0),(759,91,1129,0,NULL,NULL,0,NULL,0),(760,91,1130,0,NULL,NULL,0,NULL,0),(761,91,1131,0,NULL,NULL,0,NULL,0),(762,91,1132,0,NULL,NULL,0,NULL,0),(763,91,1133,0,NULL,NULL,0,NULL,0),(776,94,1155,20,747,48,1,8,0),(777,94,1149,15,641,36,2,1,0),(778,94,1156,15,500,40,3,8,0),(779,94,1159,15,487,40,4,8,0),(780,94,1152,15,484,40,5,4,0),(781,94,1148,15,481,48,6,4,0),(782,94,1157,13,482,28,7,8,0),(783,94,1151,13,459,43,8,2,0),(784,94,1158,13,400,33,9,NULL,0),(785,94,1171,10,488,45,10,NULL,0),(786,94,1146,10,466,40,11,NULL,0),(787,94,1169,10,445,30,12,NULL,0),(788,94,1167,10,395,60,13,NULL,0),(789,94,1165,10,353,35,14,NULL,0),(790,94,1163,10,343,28,15,NULL,0),(791,94,1168,10,321,30,16,NULL,0),(792,94,1161,10,319,48,17,NULL,0),(793,94,1150,8,347,48,18,NULL,0),(794,94,1154,5,352,30,19,NULL,0),(795,94,1170,5,341,36,20,NULL,0),(796,94,1164,5,336,41,21,NULL,0),(797,94,1147,5,322,40,22,NULL,0),(798,94,1153,5,300,35,23,NULL,0),(799,94,1166,5,155,30,24,NULL,0),(800,94,1160,0,316,33,25,NULL,0),(801,94,1162,0,120,43,26,NULL,0),(806,96,1176,15,542,35,1,NULL,0),(807,96,1179,15,510,45,2,NULL,0),(808,96,1178,10,472,40,3,NULL,0),(809,96,1177,10,453,40,4,NULL,0),(810,96,1180,10,411,35,5,NULL,0),(811,96,1181,0,12,45,6,NULL,0),(812,97,1185,20,613,40,1,4,0),(813,97,1183,18,625,40,2,4,0),(814,97,1192,15,572,43,3,2,0),(815,97,1191,15,530,40,4,8,0),(816,97,1193,15,504,55,5,1,0),(817,97,1187,15,502,45,6,8,0),(818,97,1182,10,447,35,7,8,0),(819,97,1184,10,434,38,8,8,0),(820,97,1188,10,431,41,9,NULL,0),(821,97,1194,10,413,50,10,NULL,0),(822,97,1199,10,413,35,11,NULL,0),(823,97,1190,10,406,35,12,NULL,0),(824,97,1189,10,402,45,13,NULL,0),(825,97,1198,10,394,50,14,NULL,0),(826,97,1202,10,309,20,15,NULL,0),(827,97,1197,5,333,45,16,NULL,0),(828,97,1196,5,311,35,17,NULL,0),(829,97,1200,5,263,41,18,NULL,0),(830,97,1186,5,248,35,19,NULL,0),(831,97,1201,3,162,15,0,NULL,1),(832,97,1203,0,153,23,20,NULL,0),(833,97,1195,0,135,35,21,NULL,0),(834,98,1205,20,761,40,1,8,0),(835,98,1204,16,575,38,2,8,0),(836,98,1210,15,639,55,3,4,0),(837,98,1211,15,600,45,4,4,0),(838,98,1219,15,590,30,5,8,0),(839,98,1226,15,477,45,6,8,0),(840,98,1208,13,429,41,7,1,0),(841,98,1225,10,571,49,8,2,0),(842,98,1220,10,483,31,9,NULL,0),(843,98,1227,10,425,40,10,NULL,0),(844,98,1223,10,409,41,11,NULL,0),(845,98,1213,10,400,50,12,NULL,0),(846,98,1218,10,399,45,13,NULL,0),(847,98,1209,10,372,45,14,NULL,0),(848,98,1207,10,372,25,15,NULL,0),(849,98,1217,5,301,23,16,NULL,0),(850,98,1224,5,284,39,17,NULL,0),(851,98,1206,5,279,26,0,NULL,1),(852,98,1222,5,251,25,18,NULL,0),(853,98,1216,5,234,30,0,NULL,1),(854,98,1214,5,191,35,19,NULL,0),(855,98,1221,5,175,35,20,NULL,0),(856,98,1212,3,158,25,21,NULL,0),(857,98,1215,0,25,40,22,NULL,0),(858,99,1228,25,439,NULL,8,1,0),(859,99,1229,25,566,NULL,3,2,0),(860,99,1230,20,754,NULL,1,5,0),(861,99,1231,25,545,NULL,2,3,0),(862,99,1232,20,514,NULL,5,4,0),(863,99,1233,10,484,NULL,7,6,0),(864,99,1234,15,547,NULL,4,7,0),(865,99,1235,15,488,NULL,6,8,0),(890,105,1260,20,766,30,1,NULL,0),(891,105,1263,15,600,45,2,NULL,0),(892,105,1265,10,497,30,3,NULL,0),(893,105,1264,10,283,45,4,NULL,0),(894,105,1262,5,254,45,5,NULL,0),(895,105,1261,0,0,45,6,NULL,0),(896,107,1266,25,811,NULL,1,5,0),(897,107,1267,20,857,NULL,2,2,0),(898,107,1268,20,802,NULL,3,6,0),(899,107,1269,20,738,NULL,4,7,0),(900,107,1270,20,694,NULL,5,8,0),(901,107,1271,20,688,NULL,6,1,0),(902,107,1272,15,592,NULL,7,3,0),(903,107,1273,15,553,NULL,8,4,0),(904,107,1274,15,NULL,NULL,9,NULL,0),(905,107,1275,15,NULL,NULL,10,NULL,0),(906,107,1276,15,NULL,NULL,11,NULL,0),(907,107,1277,15,NULL,NULL,12,NULL,0),(908,107,1278,15,NULL,NULL,13,NULL,0),(909,107,1279,13,NULL,NULL,14,NULL,0),(910,107,1280,10,NULL,NULL,15,NULL,0),(911,107,1281,10,NULL,NULL,16,NULL,0),(912,107,1282,10,NULL,NULL,17,NULL,0),(913,107,1283,10,NULL,NULL,18,NULL,0),(914,107,1284,10,NULL,NULL,19,NULL,0),(915,107,1285,10,NULL,NULL,20,NULL,0),(916,107,1286,10,NULL,NULL,21,NULL,0),(917,107,1287,10,NULL,NULL,22,NULL,0),(918,107,1288,10,NULL,NULL,23,NULL,0),(919,107,1289,10,NULL,NULL,24,NULL,0),(920,107,1290,5,NULL,NULL,25,NULL,0),(921,107,1291,5,NULL,NULL,26,NULL,0),(922,107,1292,5,NULL,NULL,27,NULL,0),(923,107,1293,3,NULL,NULL,28,NULL,0),(924,107,1294,0,NULL,NULL,29,NULL,0),(944,109,1314,15,NULL,NULL,1,NULL,0),(945,109,1315,10,NULL,NULL,2,NULL,0),(946,109,1316,10,NULL,NULL,3,NULL,0),(947,109,1317,10,NULL,NULL,4,NULL,0),(948,109,1318,10,NULL,NULL,5,NULL,0),(949,109,1319,10,NULL,NULL,6,NULL,0),(950,109,1320,5,NULL,NULL,7,NULL,0),(951,109,1321,5,NULL,NULL,8,NULL,0),(952,109,1322,5,NULL,NULL,9,NULL,0),(953,109,1323,5,NULL,NULL,10,NULL,0),(954,109,1324,5,NULL,NULL,11,NULL,0),(955,109,1325,5,NULL,NULL,12,NULL,0),(956,110,1326,15,NULL,NULL,1,NULL,0),(957,110,1327,10,NULL,NULL,2,NULL,0),(958,110,1328,10,NULL,NULL,3,NULL,0),(959,110,1329,10,NULL,NULL,4,NULL,0),(960,110,1330,10,NULL,NULL,5,NULL,0),(961,110,1331,10,NULL,NULL,6,NULL,0),(962,110,1332,5,NULL,NULL,7,NULL,0),(963,110,1333,5,NULL,NULL,8,NULL,0),(964,110,1334,5,NULL,NULL,9,NULL,0),(965,110,1335,5,NULL,NULL,10,NULL,0),(966,110,1336,0,NULL,NULL,11,NULL,0),(967,110,1337,0,NULL,NULL,12,NULL,0),(972,112,1346,15,484,20,1,NULL,0),(973,112,1342,10,393,30,2,NULL,0),(974,112,1345,10,294,15,3,NULL,0),(975,112,1343,5,292,25,4,NULL,0),(976,112,1344,5,218,25,5,NULL,0),(977,112,1347,0,119,20,6,NULL,0),(984,116,1365,20,700,45,1,2,0),(985,116,1362,15,603,50,2,1,0),(986,116,1360,15,600,45,3,4,0),(987,116,1366,15,455,45,4,4,0),(988,116,1359,10,457,35,5,NULL,0),(989,116,1356,10,321,45,6,NULL,0),(990,116,1363,10,305,45,7,NULL,0),(991,116,1357,10,259,40,8,NULL,0),(992,116,1354,5,374,40,9,NULL,0),(993,116,1361,5,310,40,10,NULL,0),(994,116,1364,5,310,30,11,NULL,0),(995,116,1355,5,256,30,12,NULL,0),(996,116,1358,0,0,5,0,NULL,1),(997,117,1373,15,493,25,1,4,0),(998,117,1382,13,485,15,2,1,0),(999,117,1381,10,470,28,3,4,0),(1000,117,1368,10,460,25,4,2,0),(1001,117,1374,10,400,20,5,NULL,0),(1002,117,1378,10,400,15,6,NULL,0),(1003,117,1379,10,338,26,7,NULL,0),(1004,117,1375,6,290,15,8,NULL,0),(1005,117,1367,5,253,21,9,NULL,0),(1006,117,1380,5,250,15,10,NULL,0),(1007,117,1372,5,222,33,11,NULL,0),(1008,117,1371,5,200,25,12,NULL,0),(1009,117,1369,5,200,20,13,NULL,0),(1010,117,1370,5,167,20,14,NULL,0),(1011,117,1376,0,172,16,15,NULL,0),(1012,117,1377,0,0,23,16,NULL,0),(1013,118,1394,15,604,40,1,NULL,0),(1014,118,1388,15,566,45,2,NULL,0),(1015,118,1389,15,536,40,3,NULL,0),(1016,118,1384,15,464,45,4,NULL,0),(1017,118,1392,11,429,21,5,NULL,0),(1018,118,1385,10,466,55,6,NULL,0),(1019,118,1383,10,398,35,7,NULL,0),(1020,118,1387,10,311,42,8,NULL,0),(1021,118,1391,5,297,41,9,NULL,0),(1022,118,1390,5,240,37,10,NULL,0),(1023,118,1393,5,239,36,11,NULL,0),(1024,118,1386,1,250,31,12,NULL,0),(1039,120,1421,20,588,55,1,4,0),(1040,120,1419,15,558,43,2,1,0),(1041,120,1415,15,515,50,3,4,0),(1042,120,1411,15,486,35,4,2,0),(1043,120,1413,13,506,30,5,NULL,0),(1044,120,1412,10,438,35,6,NULL,0),(1045,120,1414,10,438,35,7,NULL,0),(1046,120,1410,10,416,30,8,NULL,0),(1047,120,1418,10,411,50,9,NULL,0),(1048,120,1417,5,326,48,10,NULL,0),(1049,120,1416,5,325,43,11,NULL,0),(1050,120,1420,5,260,30,12,NULL,0),(1051,120,1422,5,210,33,13,NULL,0),(1052,120,1409,0,123,35,14,NULL,0),(1053,121,1430,25,862,61,1,8,0),(1054,121,1446,20,737,75,2,4,0),(1055,121,1445,20,694,65,3,8,0),(1056,121,1435,20,682,53,4,2,0),(1057,121,1429,16,691,58,5,8,0),(1058,121,1428,16,620,60,6,1,0),(1059,121,1434,15,674,73,7,8,0),(1060,121,1444,15,586,50,8,4,0),(1061,121,1436,15,552,55,9,NULL,0),(1062,121,1439,15,500,60,10,NULL,0),(1063,121,1424,13,532,57,11,NULL,0),(1064,121,1427,11,549,62,12,NULL,0),(1065,121,1425,11,530,42,13,NULL,0),(1066,121,1438,10,546,59,14,NULL,0),(1067,121,1433,10,473,66,15,NULL,0),(1068,121,1426,10,413,71,16,NULL,0),(1069,121,1441,10,408,89,17,NULL,0),(1070,121,1442,10,373,73,18,NULL,0),(1071,121,1443,8,299,66,19,NULL,0),(1072,121,1423,5,324,51,20,NULL,0),(1073,121,1431,5,323,36,21,NULL,0),(1074,121,1440,5,262,61,22,NULL,0),(1075,121,1437,5,214,46,23,NULL,0),(1076,121,1432,0,156,61,24,NULL,0),(1077,122,1458,20,640,55,1,NULL,0),(1078,122,1450,15,624,50,2,NULL,0),(1079,122,1460,15,572,48,3,NULL,0),(1080,122,1447,15,556,50,4,NULL,0),(1081,122,1452,15,540,43,5,NULL,0),(1082,122,1454,10,462,30,6,NULL,0),(1083,122,1461,10,460,50,7,NULL,0),(1084,122,1453,10,444,45,8,NULL,0),(1085,122,1456,10,398,25,9,NULL,0),(1086,122,1449,10,388,45,10,NULL,0),(1087,122,1459,8,224,40,11,NULL,0),(1088,122,1451,5,248,28,12,NULL,0),(1089,122,1455,5,223,28,13,NULL,0),(1090,122,1448,5,173,40,14,NULL,0),(1091,122,1457,0,148,20,0,NULL,1),(1092,123,1462,100,NULL,NULL,1,NULL,0),(1093,123,1463,99,NULL,NULL,2,NULL,0),(1094,123,1464,98,NULL,NULL,3,NULL,0),(1095,123,1465,97,NULL,NULL,4,NULL,0),(1096,123,1466,96,NULL,NULL,5,NULL,0),(1097,126,1480,25,860,71,1,8,0),(1098,126,1487,20,728,51,2,8,0),(1099,126,1484,20,598,71,3,2,0),(1100,126,1477,16,650,56,4,8,0),(1101,126,1474,16,513,74,5,1,0),(1102,126,1478,15,625,53,6,8,0),(1103,126,1470,15,624,71,7,4,0),(1104,126,1485,15,586,75,8,4,0),(1105,126,1483,15,534,66,9,NULL,0),(1106,126,1468,13,672,49,10,NULL,0),(1107,126,1488,13,535,63,11,NULL,0),(1108,126,1469,10,488,59,12,NULL,0),(1109,126,1471,10,451,50,13,NULL,0),(1110,126,1473,10,402,65,14,NULL,0),(1111,126,1482,10,356,61,15,NULL,0),(1112,126,1476,10,309,41,0,NULL,1),(1113,126,1479,8,419,71,16,NULL,0),(1114,126,1475,5,439,66,17,NULL,0),(1115,126,1481,5,252,50,18,NULL,0),(1116,126,1472,5,248,38,0,NULL,1),(1117,126,1467,5,241,38,19,NULL,0),(1118,126,1486,0,70,15,0,NULL,1),(1119,127,1507,20,680,50,1,4,0),(1120,127,1508,18,620,33,2,4,0),(1121,127,1495,15,616,35,3,8,0),(1122,127,1497,15,541,35,4,2,0),(1123,127,1510,15,517,35,5,8,0),(1124,127,1493,15,514,55,6,1,0),(1125,127,1492,15,293,50,7,8,0),(1126,127,1513,10,540,45,0,NULL,1),(1127,127,1494,10,497,43,0,NULL,1),(1128,127,1512,10,466,38,8,8,0),(1129,127,1491,10,460,45,9,NULL,0),(1130,127,1500,10,423,30,10,NULL,0),(1131,127,1498,10,417,45,11,NULL,0),(1132,127,1511,10,390,53,12,NULL,0),(1133,127,1502,10,365,40,13,NULL,0),(1134,127,1496,10,233,43,14,NULL,0),(1135,127,1499,10,177,30,15,NULL,0),(1136,127,1504,8,472,43,16,NULL,0),(1137,127,1503,5,424,30,17,NULL,0),(1138,127,1506,5,380,30,18,NULL,0),(1139,127,1505,5,340,53,19,NULL,0),(1140,127,1509,5,283,30,20,NULL,0),(1141,127,1489,5,239,40,21,NULL,0),(1142,127,1501,5,187,35,22,NULL,0),(1143,127,1490,5,126,28,23,NULL,0),(1144,128,1516,15,461,23,1,NULL,0),(1145,128,1514,10,375,20,2,NULL,0),(1146,128,1515,8,275,20,3,NULL,0),(1147,128,1519,5,316,30,4,NULL,0),(1148,128,1517,5,227,13,5,NULL,0),(1149,128,1518,0,146,23,6,NULL,0),(1162,131,1532,15,576,NULL,3,1,0),(1163,131,1533,20,NULL,NULL,1,2,0),(1164,131,1534,16,NULL,NULL,2,3,0),(1165,131,1535,15,NULL,NULL,4,4,0),(1166,132,1543,15,429,20,1,NULL,0),(1167,132,1537,10,431,30,2,NULL,0),(1168,132,1541,10,395,25,3,NULL,0),(1169,132,1542,10,334,20,4,NULL,0),(1170,132,1539,5,268,25,5,NULL,0),(1171,132,1540,5,200,15,6,NULL,0),(1172,132,1536,5,190,20,7,NULL,0),(1173,132,1538,0,153,25,8,NULL,0),(1174,133,1554,20,618,36,1,4,0),(1175,133,1550,15,510,36,2,1,0),(1176,133,1549,15,500,40,3,4,0),(1177,133,1544,15,471,55,4,2,0),(1178,133,1551,10,490,35,5,NULL,0),(1179,133,1548,10,447,40,6,NULL,0),(1180,133,1545,10,369,50,7,NULL,0),(1181,133,1547,6,224,41,8,NULL,0),(1182,133,1552,5,384,46,9,NULL,0),(1183,133,1555,5,328,37,10,NULL,0),(1184,133,1553,5,310,31,11,NULL,0),(1185,133,1546,1,149,21,12,NULL,0),(1186,134,1559,20,694,45,1,1,0),(1187,134,1560,15,561,47,2,2,0),(1188,134,1564,15,521,30,3,4,0),(1189,134,1566,15,518,37,4,4,0),(1190,134,1561,15,487,40,5,NULL,0),(1191,134,1571,10,494,47,6,NULL,0),(1192,134,1556,10,409,37,7,NULL,0),(1193,134,1563,10,344,28,8,NULL,0),(1194,134,1568,10,309,53,9,NULL,0),(1195,134,1557,8,390,37,10,NULL,0),(1196,134,1567,5,304,37,11,NULL,0),(1197,134,1570,5,227,47,12,NULL,0),(1198,134,1562,2,336,27,13,NULL,0),(1199,134,1565,2,286,29,14,NULL,0),(1200,134,1558,2,280,24,15,NULL,0),(1201,134,1569,2,240,19,16,NULL,0),(1202,136,1572,15,538,30,3,1,0),(1203,136,1573,20,671,35,1,2,0),(1204,136,1574,15,598,53,2,4,0),(1205,136,1575,15,534,20,4,4,0),(1206,136,1576,15,513,60,5,8,0),(1207,136,1577,15,457,25,6,8,0),(1208,136,1578,13,447,30,7,8,0),(1209,136,1579,10,485,29,8,8,0),(1210,136,1580,10,416,36,9,NULL,0),(1211,136,1581,10,318,50,10,NULL,0),(1212,136,1582,10,317,31,11,NULL,0),(1213,136,1583,6,250,11,12,NULL,0),(1214,136,1584,5,380,54,13,NULL,0),(1215,136,1585,5,325,55,14,NULL,0),(1216,136,1586,5,285,51,15,NULL,0),(1217,136,1587,1,164,36,16,NULL,0),(1218,136,1588,0,160,43,17,NULL,1),(1219,136,1589,0,92,25,18,NULL,1),(1256,140,1626,0,0,0,1,1,0),(1257,140,1627,0,0,0,3,NULL,0),(1258,140,1628,0,0,0,4,NULL,0),(1259,140,1629,0,0,0,5,NULL,0),(1260,140,1630,0,0,0,6,NULL,0),(1261,140,1631,0,0,0,7,NULL,0),(1262,140,1632,0,0,0,8,NULL,0),(1263,140,1633,0,0,0,9,NULL,0),(1264,140,1634,0,0,0,10,NULL,0),(1265,140,1635,0,0,0,11,NULL,0),(1266,140,1636,0,0,0,12,NULL,0),(1267,140,1637,0,0,0,13,NULL,0),(1268,140,1638,0,0,0,14,NULL,0),(1269,140,1639,0,0,0,15,NULL,0),(1270,140,1640,0,0,0,16,NULL,0),(1271,140,1641,0,0,0,17,NULL,0),(1272,140,1642,0,0,0,18,NULL,0),(1273,140,1643,0,0,0,19,NULL,0),(1274,140,1644,0,0,0,20,NULL,0),(1275,140,1645,0,0,0,21,NULL,0),(1276,140,1646,0,0,0,22,NULL,0),(1277,140,1647,0,0,0,23,NULL,0),(1278,140,1648,0,0,0,24,NULL,0),(1279,140,1649,0,0,0,25,NULL,0),(1280,140,1650,0,0,0,26,NULL,0),(1281,140,1651,0,0,0,27,NULL,0),(1282,140,1652,0,0,0,28,NULL,0),(1283,140,1653,0,0,0,29,NULL,0),(1284,140,1654,0,0,0,30,NULL,0),(1285,140,1655,0,0,0,31,NULL,0),(1286,140,1656,0,0,0,32,NULL,0),(1287,140,1657,0,0,0,33,NULL,0),(1288,140,1658,0,0,0,34,NULL,0),(1289,140,1659,0,0,0,35,NULL,0),(1290,140,1660,0,0,0,36,NULL,0),(1291,140,1661,0,0,0,37,NULL,0),(1292,140,1662,0,0,0,38,NULL,0),(1293,140,1663,0,0,0,39,NULL,0),(1294,140,1664,0,0,0,40,NULL,0),(1295,140,1665,0,0,0,41,NULL,0),(1296,142,1675,15,0,0,1,NULL,0),(1297,142,1676,15,0,0,2,NULL,0),(1298,142,1677,15,0,0,3,NULL,0),(1299,142,1678,15,0,0,4,NULL,0),(1300,142,1679,10,0,0,5,NULL,0),(1301,142,1680,10,0,0,6,NULL,0),(1302,142,1681,10,0,0,7,NULL,0),(1303,142,1682,10,0,0,8,NULL,0),(1304,142,1683,5,0,0,9,NULL,0),(1305,142,1684,5,0,0,10,NULL,0),(1306,142,1685,5,0,0,11,NULL,0),(1307,142,1686,0,0,0,12,NULL,0),(1308,143,1687,0,0,0,2,NULL,0),(1309,143,1688,0,0,0,3,NULL,0),(1310,143,1689,0,0,0,4,NULL,0),(1311,143,1690,0,0,0,5,NULL,0),(1312,143,1691,0,0,0,6,NULL,0),(1313,143,1692,0,0,0,7,NULL,0),(1314,143,1693,0,0,0,8,NULL,0),(1315,143,1694,0,0,0,9,NULL,0),(1316,143,1695,0,0,0,10,NULL,0),(1317,143,1696,0,0,0,11,NULL,0),(1318,143,1697,0,0,0,12,NULL,0),(1319,143,1698,0,0,0,13,NULL,0),(1320,143,1699,0,0,0,14,NULL,0),(1321,143,1700,0,0,0,15,NULL,0),(1322,143,1701,0,0,0,16,NULL,0),(1323,143,1702,0,0,0,17,NULL,0),(1324,143,1703,0,0,0,18,NULL,0),(1325,143,1704,0,0,0,19,NULL,0),(1326,144,1705,0,0,0,2,NULL,0),(1327,144,1706,0,0,0,3,NULL,0),(1328,144,1707,0,0,0,4,NULL,0),(1329,144,1708,0,0,0,5,NULL,0),(1330,144,1709,0,0,0,6,NULL,0),(1331,144,1710,0,0,0,7,NULL,0),(1332,144,1711,0,0,0,8,NULL,0),(1333,144,1712,0,0,0,9,NULL,0),(1334,144,1713,0,0,0,10,NULL,0),(1335,144,1714,0,0,0,11,NULL,0),(1336,144,1715,0,0,0,12,NULL,0),(1337,144,1716,0,0,0,13,NULL,0),(1338,144,1717,0,0,0,14,NULL,0),(1339,144,1718,0,0,0,15,NULL,0),(1340,144,1719,0,0,0,16,NULL,0),(1341,144,1720,0,0,0,17,NULL,0),(1342,144,1721,0,0,0,18,NULL,0),(1343,144,1722,0,0,0,19,NULL,0),(1344,144,1723,0,0,0,20,NULL,0),(1345,144,1724,0,0,0,21,NULL,0),(1346,144,1725,0,0,0,22,NULL,0),(1347,144,1726,0,0,0,23,NULL,0),(1348,144,1727,0,0,0,24,NULL,0),(1349,144,1728,0,0,0,25,NULL,0),(1350,144,1729,0,0,0,26,NULL,0),(1351,144,1730,0,0,0,27,NULL,0),(1352,144,1731,0,0,0,28,NULL,0),(1353,144,1732,0,0,0,29,NULL,0),(1354,144,1733,0,0,0,30,NULL,0),(1355,144,1734,0,0,0,31,NULL,0),(1356,144,1735,0,0,0,32,NULL,0),(1357,144,1736,0,0,0,33,NULL,0),(1358,144,1737,0,0,0,34,NULL,0),(1359,144,1738,0,0,0,35,NULL,0),(1360,144,1739,0,0,0,36,NULL,0),(1361,144,1740,0,0,0,37,NULL,0),(1362,144,1741,0,0,0,38,NULL,0),(1363,144,1742,0,0,0,39,NULL,0),(1364,144,1743,0,0,0,40,NULL,0),(1365,144,1744,0,0,0,41,NULL,0),(1366,144,1745,0,0,0,42,NULL,0),(1367,145,1746,0,0,0,2,NULL,0),(1368,145,1747,0,0,0,3,NULL,0),(1369,145,1748,0,0,0,4,NULL,0),(1370,145,1749,0,0,0,5,NULL,0),(1371,145,1750,0,0,0,6,NULL,0),(1372,145,1751,0,0,0,7,NULL,0),(1373,145,1752,0,0,0,8,NULL,0),(1374,145,1753,0,0,0,9,NULL,0),(1375,145,1754,0,0,0,10,NULL,0),(1376,145,1755,0,0,0,11,NULL,0),(1377,145,1756,0,0,0,12,NULL,0),(1378,145,1757,0,0,0,13,NULL,0),(1379,145,1758,0,0,0,14,NULL,0),(1380,145,1759,0,0,0,15,NULL,0),(1381,145,1760,0,0,0,16,NULL,0),(1382,145,1761,0,0,0,17,NULL,0),(1383,146,1762,0,0,0,2,NULL,0),(1384,146,1763,0,0,0,3,NULL,0),(1385,146,1764,0,0,0,4,NULL,0),(1386,146,1765,0,0,0,5,NULL,0),(1387,146,1766,0,0,0,6,NULL,0),(1388,146,1767,0,0,0,7,NULL,0),(1389,146,1768,0,0,0,8,NULL,0),(1390,146,1769,0,0,0,9,NULL,0),(1391,146,1770,0,0,0,10,NULL,0),(1392,146,1771,0,0,0,11,NULL,0),(1393,146,1772,0,0,0,12,NULL,0),(1394,146,1773,0,0,0,13,NULL,0),(1395,146,1774,0,0,0,14,NULL,0),(1396,146,1775,0,0,0,15,NULL,0),(1397,146,1776,0,0,0,16,NULL,0),(1398,146,1777,0,0,0,17,NULL,0),(1399,146,1778,0,0,0,18,NULL,0),(1400,146,1779,0,0,0,19,NULL,0),(1401,146,1780,0,0,0,20,NULL,0),(1402,146,1781,0,0,0,21,NULL,0),(1403,146,1782,0,0,0,22,NULL,0),(1404,146,1783,0,0,0,23,NULL,0),(1405,146,1784,0,0,0,24,NULL,0),(1406,146,1785,0,0,0,25,NULL,0),(1407,146,1786,0,0,0,26,NULL,0),(1408,146,1787,0,0,0,27,NULL,0),(1409,146,1788,0,0,0,28,NULL,0),(1410,146,1789,0,0,0,29,NULL,0),(1411,147,1790,0,0,0,2,NULL,0),(1412,147,1791,0,0,0,3,NULL,0),(1413,147,1792,0,0,0,4,NULL,0),(1414,147,1793,0,0,0,5,NULL,0),(1415,147,1794,0,0,0,6,NULL,0),(1416,148,1795,0,0,0,2,1,0),(1417,148,1796,0,0,0,8,2,0),(1418,148,1797,0,0,0,4,4,0),(1419,148,1798,0,0,0,6,4,0),(1420,148,1799,0,0,0,1,8,0),(1421,148,1800,0,0,0,3,8,0),(1422,148,1801,0,0,0,5,8,0),(1423,148,1802,0,0,0,7,8,0),(1424,148,1803,0,0,0,10,NULL,0),(1425,148,1804,0,0,0,11,NULL,0),(1426,148,1805,0,0,0,12,NULL,0),(1427,148,1806,0,0,0,13,NULL,0),(1428,148,1807,0,0,0,14,NULL,0),(1429,148,1808,0,0,0,15,NULL,0),(1430,148,1809,0,0,0,16,NULL,0),(1431,148,1810,0,0,0,17,NULL,0),(1432,148,1811,0,0,0,18,NULL,0),(1433,148,1812,0,0,0,19,NULL,0),(1434,148,1813,0,0,0,20,NULL,0),(1435,148,1814,0,0,0,21,NULL,0),(1436,148,1815,0,0,0,22,NULL,0),(1437,148,1816,0,0,0,23,NULL,0),(1438,148,1817,0,0,0,24,NULL,0),(1439,148,1818,0,0,0,25,NULL,0),(1440,148,1819,0,0,0,26,NULL,0),(1441,148,1820,0,0,0,27,NULL,0),(1442,148,1821,0,0,0,28,NULL,0),(1443,148,1822,0,0,0,29,NULL,0),(1444,148,1823,0,0,0,30,NULL,0),(1445,148,1824,0,0,0,31,NULL,0),(1446,148,1825,0,0,0,32,NULL,0),(1447,148,1826,0,0,0,33,NULL,0),(1448,148,1827,0,0,0,34,NULL,0),(1449,148,1828,0,0,0,35,NULL,0),(1450,148,1829,0,0,0,36,NULL,0),(1451,148,1830,0,0,0,37,NULL,0),(1452,148,1831,0,0,0,38,NULL,0),(1453,148,1832,0,0,0,39,NULL,0),(1454,148,1833,0,0,0,40,NULL,0),(1455,148,1834,0,0,0,41,NULL,0),(1456,148,1835,0,0,0,42,NULL,0),(1457,148,1836,0,0,0,43,NULL,0),(1458,148,1837,0,0,0,44,NULL,0),(1459,148,1838,0,0,0,45,NULL,0),(1460,148,1839,0,0,0,46,NULL,0),(1461,148,1840,0,0,0,47,NULL,0),(1462,149,1841,0,0,0,2,NULL,0),(1463,149,1842,0,0,0,3,NULL,0),(1464,149,1843,0,0,0,4,NULL,0),(1465,149,1844,0,0,0,5,NULL,0),(1466,149,1845,0,0,0,6,NULL,0),(1467,149,1846,0,0,0,7,NULL,0),(1468,149,1847,0,0,0,8,NULL,0),(1469,149,1848,0,0,0,9,NULL,0),(1470,149,1849,0,0,0,10,NULL,0),(1471,149,1850,0,0,0,11,NULL,0),(1472,149,1851,0,0,0,12,NULL,0),(1473,149,1852,0,0,0,13,NULL,0),(1474,149,1853,0,0,0,14,NULL,0),(1475,149,1854,0,0,0,15,NULL,0),(1476,149,1855,0,0,0,16,NULL,0),(1477,149,1856,0,0,0,17,NULL,0),(1478,149,1857,0,0,0,18,NULL,0),(1479,149,1858,0,0,0,19,NULL,0),(1480,149,1859,0,0,0,20,NULL,0),(1481,149,1860,0,0,0,21,NULL,0),(1482,149,1861,0,0,0,22,NULL,0),(1483,149,1862,0,0,0,23,NULL,0),(1484,149,1863,0,0,0,24,NULL,0),(1485,149,1864,0,0,0,25,NULL,0),(1486,149,1865,0,0,0,26,NULL,0),(1487,149,1866,0,0,0,27,NULL,0),(1488,149,1867,0,0,0,28,NULL,0),(1489,149,1868,0,0,0,29,NULL,0),(1490,149,1869,0,0,0,30,NULL,0),(1491,149,1870,0,0,0,31,NULL,0),(1492,149,1871,0,0,0,32,NULL,0),(1493,149,1872,0,0,0,33,NULL,0),(1494,149,1873,0,0,0,34,NULL,0),(1495,149,1874,0,0,0,35,NULL,0),(1496,149,1875,0,0,0,36,NULL,0),(1497,149,1876,0,0,0,37,NULL,0),(1498,149,1877,0,0,0,38,NULL,0),(1499,149,1878,0,0,0,39,NULL,0),(1500,149,1879,0,0,0,40,NULL,0),(1501,149,1880,0,0,0,41,NULL,0),(1502,149,1881,0,0,0,42,NULL,0),(1503,149,1882,0,0,0,43,NULL,0),(1504,149,1883,0,0,0,44,NULL,0),(1505,149,1884,0,0,0,45,NULL,0),(1506,149,1885,0,0,0,46,NULL,0),(1507,150,1886,0,0,0,2,NULL,0),(1508,150,1887,0,0,0,3,NULL,0),(1509,150,1888,0,0,0,4,NULL,0),(1510,150,1889,0,0,0,5,NULL,0),(1511,150,1890,0,0,0,6,NULL,0),(1512,150,1891,0,0,0,7,NULL,0),(1513,151,1892,0,0,0,2,NULL,0),(1514,151,1893,0,0,0,3,NULL,0),(1515,151,1894,0,0,0,4,NULL,0),(1516,151,1895,0,0,0,5,NULL,0),(1517,151,1896,0,0,0,6,NULL,0),(1518,151,1897,0,0,0,7,NULL,0),(1519,151,1898,0,0,0,8,NULL,0),(1520,151,1899,0,0,0,9,NULL,0),(1521,151,1900,0,0,0,10,NULL,0),(1522,151,1901,0,0,0,11,NULL,0),(1523,151,1902,0,0,0,12,NULL,0),(1524,151,1903,0,0,0,13,NULL,0),(1525,151,1904,0,0,0,14,NULL,0),(1526,151,1905,0,0,0,15,NULL,0),(1527,151,1906,0,0,0,16,NULL,0),(1528,151,1907,0,0,0,17,NULL,0),(1529,151,1908,0,0,0,18,NULL,0),(1530,151,1909,0,0,0,19,NULL,0),(1531,151,1910,0,0,0,20,NULL,0),(1532,151,1911,0,0,0,21,NULL,0),(1533,152,1912,0,0,0,2,NULL,0),(1534,152,1913,0,0,0,3,NULL,0),(1535,152,1914,0,0,0,4,NULL,0),(1536,152,1915,0,0,0,5,NULL,0),(1537,152,1916,0,0,0,6,NULL,0),(1538,152,1917,0,0,0,7,NULL,0),(1539,152,1918,0,0,0,8,NULL,0),(1540,152,1919,0,0,0,9,NULL,0),(1541,152,1920,0,0,0,10,NULL,0),(1542,152,1921,0,0,0,11,NULL,0),(1543,152,1922,0,0,0,12,NULL,0),(1544,152,1923,0,0,0,13,NULL,0),(1545,152,1924,0,0,0,14,NULL,0),(1546,152,1925,0,0,0,15,NULL,0),(1547,152,1926,0,0,0,16,NULL,0),(1548,153,1927,0,0,0,2,NULL,0),(1549,153,1928,0,0,0,3,NULL,0),(1550,153,1929,0,0,0,4,NULL,0),(1551,153,1930,0,0,0,5,NULL,0),(1552,153,1931,0,0,0,6,NULL,0),(1553,153,1932,0,0,0,7,NULL,0),(1554,153,1933,0,0,0,8,NULL,0),(1555,153,1934,0,0,0,9,NULL,0),(1556,153,1935,0,0,0,10,NULL,0),(1557,153,1936,0,0,0,11,NULL,0),(1558,153,1937,0,0,0,12,NULL,0),(1559,153,1938,0,0,0,13,NULL,0),(1560,153,1939,0,0,0,14,NULL,0),(1561,153,1940,0,0,0,15,NULL,0),(1562,154,1941,0,0,0,2,NULL,0),(1563,154,1942,0,0,0,3,NULL,0),(1564,154,1943,0,0,0,4,NULL,0),(1565,154,1944,0,0,0,5,NULL,0),(1566,154,1945,0,0,0,6,NULL,0),(1567,154,1946,0,0,0,7,NULL,0),(1568,154,1947,0,0,0,8,NULL,0),(1569,154,1948,0,0,0,9,NULL,0),(1570,154,1949,0,0,0,10,NULL,0),(1571,154,1950,0,0,0,11,NULL,0),(1572,154,1951,0,0,0,12,NULL,0),(1573,154,1952,0,0,0,13,NULL,0),(1574,154,1953,0,0,0,14,NULL,0),(1575,154,1954,0,0,0,15,NULL,0),(1576,154,1955,0,0,0,16,NULL,0),(1577,154,1956,0,0,0,17,NULL,0),(1578,154,1957,0,0,0,18,NULL,0),(1579,154,1958,0,0,0,19,NULL,0),(1580,154,1959,0,0,0,20,NULL,0),(1581,154,1960,0,0,0,21,NULL,0),(1582,154,1961,0,0,0,22,NULL,0),(1583,154,1962,0,0,0,23,NULL,0),(1584,156,1972,0,0,0,2,NULL,0),(1585,156,1973,0,0,0,3,NULL,0),(1586,156,1974,0,0,0,4,NULL,0),(1587,156,1975,0,0,0,5,NULL,0),(1588,156,1976,0,0,0,6,NULL,0),(1589,156,1977,0,0,0,7,NULL,0),(1590,156,1978,0,0,0,8,NULL,0),(1591,156,1979,0,0,0,9,NULL,0),(1592,156,1980,0,0,0,10,NULL,0),(1593,156,1981,0,0,0,11,NULL,0),(1594,156,1982,0,0,0,12,NULL,0),(1595,156,1983,0,0,0,13,NULL,0),(1596,156,1984,0,0,0,14,NULL,0),(1597,156,1985,0,0,0,15,NULL,0),(1598,156,1986,0,0,0,16,NULL,0),(1599,156,1987,0,0,0,17,NULL,0),(1600,156,1988,0,0,0,18,NULL,0),(1601,156,1989,0,0,0,19,NULL,0),(1602,156,1990,0,0,0,20,NULL,0),(1603,156,1991,0,0,0,21,NULL,0),(1604,156,1992,0,0,0,22,NULL,0),(1605,156,1993,0,0,0,23,NULL,0),(1606,156,1994,0,0,0,24,NULL,0),(1607,156,1995,0,0,0,25,NULL,0),(1608,156,1996,0,0,0,26,NULL,0),(1609,156,1997,0,0,0,27,NULL,0),(1610,156,1998,0,0,0,28,NULL,0),(1611,156,1999,0,0,0,29,NULL,0),(1612,156,2000,0,0,0,30,NULL,0),(1613,156,2001,0,0,0,31,NULL,0),(1614,156,2002,0,0,0,32,NULL,0),(1615,156,2003,0,0,0,33,NULL,0),(1616,156,2004,0,0,0,34,NULL,0),(1617,156,2005,0,0,0,35,NULL,0),(1618,156,2006,0,0,0,36,NULL,0),(1619,156,2007,0,0,0,37,NULL,0),(1620,156,2008,0,0,0,38,NULL,0),(1621,156,2009,0,0,0,39,NULL,0),(1622,156,2010,0,0,0,40,NULL,0),(1623,156,2011,0,0,0,41,NULL,0),(1624,156,2012,0,0,0,42,NULL,0),(1625,156,2013,0,0,0,43,NULL,0),(1626,156,2014,0,0,0,44,NULL,0),(1627,156,2015,0,0,0,45,NULL,0),(1628,156,2016,0,0,0,46,NULL,0),(1629,156,2017,0,0,0,47,NULL,0),(1630,157,2018,0,0,0,2,NULL,0),(1631,157,2019,0,0,0,3,NULL,0),(1632,157,2020,0,0,0,4,NULL,0),(1633,157,2021,0,0,0,5,NULL,0),(1634,157,2022,0,0,0,6,NULL,0),(1635,157,2023,0,0,0,7,NULL,0),(1636,157,2024,0,0,0,8,NULL,0),(1637,157,2025,0,0,0,9,NULL,0),(1638,157,2026,0,0,0,10,NULL,0),(1639,157,2027,0,0,0,11,NULL,0),(1640,157,2028,0,0,0,12,NULL,0),(1641,157,2029,0,0,0,13,NULL,0),(1642,157,2030,0,0,0,14,NULL,0),(1643,157,2031,0,0,0,15,NULL,0),(1644,158,2032,20,664,50,1,1,0),(1645,158,2033,15,515,50,2,2,0),(1646,158,2034,15,515,40,3,3,0),(1647,158,2035,10,504,40,4,4,0),(1648,158,2036,10,410,50,5,5,0),(1649,158,2037,10,380,40,6,6,0),(1650,158,2038,10,340,35,7,7,0),(1651,158,2039,10,338,35,8,8,0),(1652,158,2040,10,300,25,9,9,0),(1653,158,2041,5,402,40,10,10,0),(1654,158,2042,5,338,35,11,11,0),(1655,158,2043,0,94,45,12,12,0),(1665,164,2089,0,0,0,1,1,0),(1666,164,2090,0,0,0,3,2,0),(1667,164,2091,0,0,0,4,3,0),(1668,164,2092,0,0,0,5,NULL,0),(1669,164,2093,0,0,0,6,NULL,0),(1670,164,2094,0,0,0,7,NULL,0),(1671,164,2095,0,0,0,2,NULL,0),(1672,164,2096,0,0,0,9,NULL,0),(1673,164,2097,0,0,0,10,NULL,0),(1674,164,2098,0,0,0,11,NULL,0),(1675,164,2099,0,0,0,12,NULL,0),(1676,164,2100,0,0,0,13,NULL,0),(1677,164,2101,0,0,0,14,NULL,0),(1678,164,2102,0,0,0,15,NULL,0),(1679,164,2103,0,0,0,16,NULL,0),(1680,164,2104,0,0,0,17,NULL,0),(1681,164,2105,0,0,0,18,NULL,0),(1682,164,2106,0,0,0,19,NULL,0),(1683,164,2107,0,0,0,20,NULL,0),(1684,164,2108,0,0,0,21,NULL,0),(1685,164,2109,0,0,0,22,NULL,0),(1686,164,2110,0,0,0,23,NULL,0),(1687,164,2111,0,0,0,24,NULL,0),(1688,164,2112,0,0,0,25,NULL,0),(1689,164,2113,0,0,0,26,NULL,0),(1690,164,2114,0,0,0,27,NULL,0),(1691,165,2116,15,552,20,1,1,0),(1692,165,2122,15,528,15,2,2,0),(1693,165,2121,10,302,25,3,4,0),(1694,165,2118,10,300,25,4,4,0),(1695,165,2123,5,287,25,5,NULL,0),(1696,165,2120,5,257,10,6,NULL,0),(1697,165,2119,5,231,20,7,NULL,0),(1698,165,2115,5,219,30,8,NULL,0),(1699,165,2117,5,174,30,9,NULL,0),(1700,166,2135,15,445,20,1,NULL,0),(1701,166,2124,15,444,20,2,NULL,0),(1702,166,2130,10,441,30,3,NULL,0),(1703,166,2133,10,401,30,4,NULL,0),(1704,166,2127,10,378,20,5,NULL,0),(1705,166,2134,10,373,25,6,NULL,0),(1706,166,2132,10,334,15,7,NULL,0),(1707,166,2129,5,292,20,8,NULL,0),(1708,166,2126,5,263,25,9,NULL,0),(1709,166,2136,5,254,25,10,NULL,0),(1710,166,2125,5,199,25,11,NULL,0),(1711,166,2128,5,150,15,12,NULL,0),(1712,166,2131,0,76,20,13,NULL,0),(1713,167,2137,15,600,0,2,1,0),(1714,167,2138,0,0,0,3,NULL,0),(1715,167,2139,0,0,0,4,NULL,0),(1716,167,2140,0,0,0,5,NULL,0),(1717,167,2141,0,0,0,6,NULL,0),(1718,167,2142,0,0,0,7,NULL,0),(1719,167,2143,0,0,0,8,NULL,0),(1720,168,2144,0,0,0,1,1,0),(1721,168,2145,0,0,0,2,2,0),(1722,168,2146,0,0,0,4,NULL,0),(1723,168,2147,0,0,0,5,NULL,0),(1724,168,2148,0,0,0,6,NULL,0),(1725,168,2149,0,0,0,7,NULL,0),(1726,168,2150,0,0,0,8,NULL,0),(1727,168,2151,0,0,0,9,NULL,0),(1728,168,2152,0,0,0,10,NULL,0),(1729,168,2153,0,0,0,11,NULL,0),(1730,168,2154,0,0,0,12,NULL,0),(1731,168,2155,0,0,0,13,NULL,0),(1732,168,2156,0,0,0,14,NULL,0),(1733,168,2157,0,0,0,15,NULL,0),(1734,169,2166,21,639,72,1,NULL,0),(1735,169,2161,20,861,86,2,NULL,0),(1736,169,2173,20,753,65,3,NULL,0),(1737,169,2163,19,616,64,4,NULL,0),(1738,169,2169,15,660,63,5,NULL,0),(1739,169,2172,15,649,76,6,NULL,0),(1740,169,2164,15,600,60,7,NULL,0),(1741,169,2170,15,593,63,8,NULL,0),(1742,169,2171,15,529,67,9,NULL,0),(1743,169,2174,13,501,64,10,NULL,0),(1744,169,2158,13,498,38,11,NULL,0),(1745,169,2165,10,514,48,12,NULL,0),(1746,169,2176,10,505,70,13,NULL,0),(1747,169,2168,10,468,56,14,NULL,0),(1748,169,2160,10,370,62,15,NULL,0),(1749,169,2175,10,335,53,16,NULL,0),(1750,169,2167,8,347,60,17,NULL,0),(1751,169,2162,5,368,45,18,NULL,0),(1752,169,2178,5,342,61,19,NULL,0),(1753,169,2177,5,176,51,20,NULL,0),(1754,169,2159,3,452,38,21,NULL,0),(1755,169,2179,3,224,38,22,NULL,0),(1756,170,2180,10,481,0,30,NULL,0),(1757,170,2181,30,1161,0,1,1,0),(1758,170,2182,25,870,0,2,NULL,0),(1759,170,2183,25,840,0,3,2,0),(1760,170,2184,25,730,0,4,NULL,0),(1761,170,2185,20,881,0,5,NULL,0),(1762,170,2186,20,789,0,6,NULL,0),(1763,170,2187,20,768,0,8,NULL,0),(1764,170,2188,20,704,0,9,NULL,0),(1765,170,2189,20,783,0,7,NULL,0),(1766,170,2190,20,696,0,10,NULL,0),(1767,170,2191,20,696,0,11,NULL,0),(1768,170,2192,20,680,0,12,NULL,0),(1769,170,2193,20,678,0,13,NULL,0),(1770,170,2194,15,728,0,14,NULL,0),(1771,170,2195,15,717,0,15,NULL,0),(1772,170,2196,15,674,0,16,NULL,0),(1773,170,2197,15,656,0,17,NULL,0),(1774,170,2198,15,652,0,18,NULL,0),(1775,170,2199,15,647,0,19,NULL,0),(1776,170,2200,15,625,0,20,NULL,0),(1777,170,2201,15,610,0,21,NULL,0),(1778,170,2202,15,583,0,22,NULL,0),(1779,170,2203,15,550,0,23,NULL,0),(1780,170,2204,15,513,0,24,NULL,0),(1781,170,2205,13,541,0,25,NULL,0),(1782,170,2206,13,475,0,26,NULL,0),(1783,170,2207,10,541,0,27,NULL,0),(1784,170,2208,10,510,0,28,NULL,0),(1785,170,2209,10,499,0,29,NULL,0),(1786,170,2210,10,442,0,31,NULL,0),(1787,170,2211,10,426,0,32,NULL,0),(1788,170,2212,10,399,0,33,NULL,0),(1789,170,2213,7,527,0,35,NULL,0),(1790,170,2214,7,525,0,36,NULL,0),(1791,170,2215,8,321,0,37,NULL,0),(1792,170,2216,5,251,0,38,NULL,0),(1793,170,2217,8,434,0,34,NULL,0),(1794,170,2218,5,212,0,39,NULL,0),(1795,170,2219,5,185,0,40,NULL,0),(1890,173,2314,0,0,0,1,NULL,0),(1891,173,2315,0,0,0,2,NULL,0),(1892,173,2316,0,0,0,3,NULL,0),(1893,173,2317,0,0,0,4,NULL,0),(1894,173,2318,0,0,0,5,NULL,0),(1895,173,2319,0,0,0,6,NULL,0),(1896,173,2320,0,0,0,7,NULL,0),(1897,173,2321,0,0,0,8,NULL,0),(1898,173,2322,0,0,0,9,NULL,0),(1899,173,2323,0,0,0,10,NULL,0),(1900,173,2324,0,0,0,11,NULL,0),(1901,173,2325,0,0,0,12,NULL,0),(1902,174,2351,20,744,45,1,1,0),(1903,174,2343,20,662,40,2,8,0),(1904,174,2330,15,602,40,3,4,0),(1905,174,2346,15,563,50,4,4,0),(1906,174,2345,15,562,40,5,8,0),(1907,174,2342,15,546,40,0,NULL,1),(1908,174,2348,15,500,55,6,8,0),(1909,174,2352,15,495,50,7,2,0),(1910,174,2328,15,440,35,8,8,0),(1911,174,2335,10,474,50,9,NULL,0),(1912,174,2337,10,451,45,10,NULL,0),(1913,174,2350,10,450,40,11,NULL,0),(1914,174,2338,10,413,45,12,NULL,0),(1915,174,2333,10,400,35,13,NULL,0),(1916,174,2340,10,384,35,14,NULL,0),(1917,174,2347,10,381,35,15,NULL,0),(1918,174,2326,10,366,50,16,NULL,0),(1919,174,2336,10,334,30,17,NULL,0),(1920,174,2344,5,344,30,18,NULL,0),(1921,174,2331,5,342,45,19,NULL,0),(1922,174,2327,5,297,45,20,NULL,0),(1923,174,2339,5,279,35,21,NULL,0),(1924,174,2341,5,249,25,22,NULL,0),(1925,174,2332,5,228,40,23,NULL,0),(1926,174,2329,5,182,30,0,NULL,1),(1927,174,2349,5,150,20,24,NULL,0),(1928,174,2334,0,12,40,25,NULL,0),(1929,175,2369,5,188,43,25,NULL,0),(1930,175,2379,21,808,71,1,5,0),(1931,175,2380,20,729,68,2,6,0),(1932,175,2381,20,716,71,3,1,0),(1933,175,2382,20,667,77,4,3,0),(1934,175,2383,20,649,54,5,7,0),(1935,175,2384,15,643,80,6,8,0),(1936,175,2385,15,635,61,7,3,0),(1937,175,2386,15,621,55,8,2,0),(1938,175,2387,15,582,60,9,NULL,0),(1939,175,2388,15,547,68,10,NULL,0),(1940,175,2389,13,566,73,11,NULL,0),(1941,175,2390,13,489,63,12,NULL,0),(1942,175,2391,13,481,70,13,NULL,0),(1943,175,2392,11,505,64,14,NULL,0),(1944,175,2393,10,518,43,15,NULL,0),(1945,175,2394,10,475,75,16,NULL,0),(1946,175,2395,10,427,56,17,NULL,0),(1947,175,2396,10,422,60,18,NULL,0),(1948,175,2397,10,390,55,19,NULL,0),(1949,175,2398,8,355,47,20,NULL,0),(1950,175,2399,5,330,63,21,NULL,0),(1951,175,2400,5,315,43,22,NULL,0),(1952,175,2401,5,290,45,23,NULL,0),(1953,175,2402,5,281,60,24,NULL,0),(1954,175,2403,5,271,25,26,NULL,1),(1955,176,2404,0,0,0,1,NULL,0),(1956,176,2405,0,0,0,2,NULL,0),(1957,176,2406,0,0,0,3,NULL,0),(1958,176,2407,0,0,0,4,NULL,0),(1959,176,2408,0,0,0,5,NULL,0),(1960,176,2409,0,0,0,6,NULL,0),(1961,176,2410,0,0,0,7,NULL,0),(1962,176,2411,0,0,0,8,NULL,0),(1963,176,2412,0,0,0,9,NULL,0),(1964,176,2413,0,0,0,10,NULL,0),(1965,176,2414,0,0,0,11,NULL,0),(1966,176,2415,0,0,0,12,NULL,0),(1967,176,2416,0,0,0,13,NULL,0),(1968,176,2417,0,0,0,14,NULL,0),(1969,176,2418,0,0,0,15,NULL,0);
/*!40000 ALTER TABLE `tourney_ranking` ENABLE KEYS */;
UNLOCK TABLES;

--
-- Table structure for table `tourney_round`
--

DROP TABLE IF EXISTS `tourney_round`;
/*!40101 SET @saved_cs_client     = @@character_set_client */;
/*!40101 SET character_set_client = utf8 */;
CREATE TABLE `tourney_round` (
  `id` int(11) NOT NULL AUTO_INCREMENT,
  `tourney_id` int(11) DEFAULT NULL,
  `round_num` int(11) DEFAULT NULL,
  `round_type` enum('Elimination','Pre-Elimination') DEFAULT NULL,
  PRIMARY KEY (`id`),
  KEY `tourney_id` (`tourney_id`),
  CONSTRAINT `tourney_round_ibfk_1` FOREIGN KEY (`tourney_id`) REFERENCES `tourney` (`id`)
) ENGINE=InnoDB AUTO_INCREMENT=385 DEFAULT CHARSET=latin1;
/*!40101 SET character_set_client = @saved_cs_client */;

--
-- Dumping data for table `tourney_round`
--

LOCK TABLES `tourney_round` WRITE;
/*!40000 ALTER TABLE `tourney_round` DISABLE KEYS */;
INSERT INTO `tourney_round` VALUES (70,28,1,'Pre-Elimination'),(71,28,2,'Pre-Elimination'),(72,28,3,'Pre-Elimination'),(73,28,4,'Pre-Elimination'),(77,43,1,'Pre-Elimination'),(78,43,2,'Pre-Elimination'),(79,43,3,'Pre-Elimination'),(106,53,1,'Pre-Elimination'),(107,53,2,'Pre-Elimination'),(108,53,3,'Pre-Elimination'),(109,53,4,'Pre-Elimination'),(110,55,1,'Pre-Elimination'),(111,55,2,'Pre-Elimination'),(112,55,3,'Pre-Elimination'),(113,56,1,'Pre-Elimination'),(114,56,2,'Pre-Elimination'),(115,56,3,'Pre-Elimination'),(116,56,4,'Pre-Elimination'),(117,56,5,'Pre-Elimination'),(118,56,6,'Pre-Elimination'),(119,56,8,'Elimination'),(120,56,4,'Elimination'),(121,56,2,'Elimination'),(122,63,1,'Pre-Elimination'),(123,63,2,'Pre-Elimination'),(124,63,3,'Pre-Elimination'),(166,82,1,'Pre-Elimination'),(167,82,2,'Pre-Elimination'),(168,82,3,'Pre-Elimination'),(169,82,4,'Pre-Elimination'),(170,82,5,'Pre-Elimination'),(171,82,6,'Pre-Elimination'),(177,84,1,'Pre-Elimination'),(178,84,2,'Pre-Elimination'),(179,84,3,'Pre-Elimination'),(180,84,8,'Elimination'),(181,84,4,'Elimination'),(182,84,2,'Elimination'),(183,94,1,'Pre-Elimination'),(184,94,2,'Pre-Elimination'),(185,94,3,'Pre-Elimination'),(186,94,4,'Pre-Elimination'),(187,94,8,'Elimination'),(188,94,4,'Elimination'),(189,94,2,'Elimination'),(190,96,1,'Pre-Elimination'),(191,96,2,'Pre-Elimination'),(192,96,3,'Pre-Elimination'),(193,96,4,'Pre-Elimination'),(194,97,1,'Pre-Elimination'),(195,97,2,'Pre-Elimination'),(196,97,3,'Pre-Elimination'),(197,97,4,'Pre-Elimination'),(198,97,8,'Elimination'),(199,97,4,'Elimination'),(200,97,2,'Elimination'),(201,98,1,'Pre-Elimination'),(202,98,2,'Pre-Elimination'),(203,98,3,'Pre-Elimination'),(204,98,4,'Pre-Elimination'),(205,98,8,'Elimination'),(206,98,4,'Elimination'),(207,98,2,'Elimination'),(220,105,1,'Pre-Elimination'),(221,105,2,'Pre-Elimination'),(222,105,3,'Pre-Elimination'),(223,105,4,'Pre-Elimination'),(235,112,1,'Pre-Elimination'),(236,112,2,'Pre-Elimination'),(237,112,3,'Pre-Elimination'),(241,116,1,'Pre-Elimination'),(242,116,2,'Pre-Elimination'),(243,116,3,'Pre-Elimination'),(244,116,4,'Pre-Elimination'),(245,116,4,'Elimination'),(246,116,2,'Elimination'),(247,117,1,'Pre-Elimination'),(248,117,2,'Pre-Elimination'),(249,117,3,'Pre-Elimination'),(250,117,4,'Elimination'),(251,117,2,'Elimination'),(252,118,1,'Pre-Elimination'),(253,118,2,'Pre-Elimination'),(254,118,3,'Pre-Elimination'),(255,118,4,'Pre-Elimination'),(262,120,1,'Pre-Elimination'),(263,120,2,'Pre-Elimination'),(264,120,3,'Pre-Elimination'),(265,120,4,'Pre-Elimination'),(266,120,4,'Elimination'),(267,120,2,'Elimination'),(268,121,1,'Pre-Elimination'),(269,121,2,'Pre-Elimination'),(270,121,3,'Pre-Elimination'),(271,121,4,'Pre-Elimination'),(272,121,5,'Pre-Elimination'),(273,121,8,'Elimination'),(274,121,4,'Elimination'),(275,121,2,'Elimination'),(276,122,1,'Pre-Elimination'),(277,122,2,'Pre-Elimination'),(278,122,3,'Pre-Elimination'),(279,122,4,'Pre-Elimination'),(280,126,1,'Pre-Elimination'),(281,126,2,'Pre-Elimination'),(282,126,3,'Pre-Elimination'),(283,126,4,'Pre-Elimination'),(284,126,5,'Pre-Elimination'),(285,126,8,'Elimination'),(286,126,4,'Elimination'),(287,126,2,'Elimination'),(288,127,1,'Pre-Elimination'),(289,127,2,'Pre-Elimination'),(290,127,3,'Pre-Elimination'),(291,127,4,'Pre-Elimination'),(292,127,8,'Elimination'),(293,127,4,'Elimination'),(294,127,2,'Elimination'),(295,128,1,'Pre-Elimination'),(296,128,2,'Pre-Elimination'),(297,128,3,'Pre-Elimination'),(304,132,1,'Pre-Elimination'),(305,132,2,'Pre-Elimination'),(306,132,3,'Pre-Elimination'),(307,133,1,'Pre-Elimination'),(308,133,2,'Pre-Elimination'),(309,133,3,'Pre-Elimination'),(310,133,4,'Pre-Elimination'),(311,133,4,'Elimination'),(312,133,2,'Elimination'),(313,134,1,'Pre-Elimination'),(314,134,2,'Pre-Elimination'),(315,134,3,'Pre-Elimination'),(316,134,4,'Pre-Elimination'),(317,134,4,'Elimination'),(318,134,2,'Elimination'),(357,165,1,'Pre-Elimination'),(358,165,2,'Pre-Elimination'),(359,165,3,'Pre-Elimination'),(360,165,4,'Elimination'),(361,165,2,'Elimination'),(362,166,1,'Pre-Elimination'),(363,166,2,'Pre-Elimination'),(364,166,3,'Pre-Elimination'),(365,169,1,'Pre-Elimination'),(366,169,2,'Pre-Elimination'),(367,169,3,'Pre-Elimination'),(368,169,4,'Pre-Elimination'),(369,169,5,'Pre-Elimination'),(370,174,1,'Pre-Elimination'),(371,174,2,'Pre-Elimination'),(372,174,3,'Pre-Elimination'),(373,174,4,'Pre-Elimination'),(374,174,8,'Elimination'),(375,174,4,'Elimination'),(376,174,2,'Elimination');
/*!40000 ALTER TABLE `tourney_round` ENABLE KEYS */;
UNLOCK TABLES;

--
-- Table structure for table `tourney_set`
--

DROP TABLE IF EXISTS `tourney_set`;
/*!40101 SET @saved_cs_client     = @@character_set_client */;
/*!40101 SET character_set_client = utf8 */;
CREATE TABLE `tourney_set` (
  `id` int(11) NOT NULL AUTO_INCREMENT,
  `tourney_id` int(11) DEFAULT NULL,
  `set_id` int(11) DEFAULT NULL,
  PRIMARY KEY (`id`),
  KEY `tourney_id` (`tourney_id`),
  KEY `set_id` (`set_id`),
  CONSTRAINT `tourney_set_ibfk_1` FOREIGN KEY (`tourney_id`) REFERENCES `tourney` (`id`),
  CONSTRAINT `tourney_set_ibfk_2` FOREIGN KEY (`set_id`) REFERENCES `xwing_set` (`id`)
) ENGINE=InnoDB AUTO_INCREMENT=1555 DEFAULT CHARSET=latin1;
/*!40101 SET character_set_client = @saved_cs_client */;

--
-- Dumping data for table `tourney_set`
--

LOCK TABLES `tourney_set` WRITE;
/*!40000 ALTER TABLE `tourney_set` DISABLE KEYS */;
INSERT INTO `tourney_set` VALUES (105,1,19),(106,1,20),(107,1,21),(108,1,22),(109,1,23),(110,1,24),(111,1,25),(112,1,26),(113,1,27),(114,2,19),(115,2,20),(116,2,21),(117,2,22),(118,2,23),(119,2,24),(120,2,25),(121,2,26),(122,2,27),(163,28,22),(164,28,20),(165,28,19),(166,28,24),(167,28,27),(168,28,23),(169,28,26),(170,28,25),(171,28,21),(172,28,28),(203,32,22),(204,32,20),(205,32,19),(206,32,24),(207,32,27),(208,32,23),(209,32,26),(210,32,25),(211,32,21),(212,32,28),(213,33,22),(214,33,20),(215,33,19),(216,33,24),(217,33,27),(218,33,23),(219,33,26),(220,33,25),(221,33,21),(222,33,28),(241,37,22),(242,37,20),(243,37,19),(244,37,24),(245,37,27),(246,37,23),(247,37,26),(248,37,25),(249,37,21),(250,37,28),(278,43,20),(279,43,24),(280,43,27),(281,43,23),(282,43,26),(283,43,25),(284,43,21),(285,43,28),(360,53,22),(361,53,20),(362,53,19),(363,53,24),(364,53,27),(365,53,23),(366,53,26),(367,53,25),(368,53,21),(369,53,28),(378,55,20),(379,55,24),(380,55,27),(381,55,23),(382,55,26),(383,55,25),(384,55,21),(385,55,28),(386,56,22),(387,56,20),(388,56,19),(389,56,24),(390,56,27),(391,56,23),(392,56,26),(393,56,25),(394,56,21),(395,56,28),(396,58,20),(397,58,24),(398,58,27),(399,58,23),(400,58,26),(401,58,25),(402,58,21),(403,58,28),(404,59,22),(405,59,20),(406,59,19),(407,59,24),(408,59,27),(409,59,23),(410,59,26),(411,59,25),(412,59,21),(413,59,28),(422,63,20),(423,63,24),(424,63,27),(425,63,23),(426,63,26),(427,63,25),(428,63,21),(429,63,28),(430,64,20),(431,64,24),(432,64,27),(433,64,23),(434,64,26),(435,64,25),(436,64,21),(437,64,28),(438,65,20),(439,65,24),(440,65,27),(441,65,23),(442,65,26),(443,65,25),(444,65,21),(445,65,28),(576,79,22),(577,79,20),(578,79,19),(579,79,24),(580,79,27),(581,79,23),(582,79,26),(583,79,25),(584,79,21),(585,79,28),(586,80,22),(587,80,20),(588,80,19),(589,80,24),(590,80,27),(591,80,23),(592,80,26),(593,80,25),(594,80,21),(595,80,28),(596,81,22),(597,81,20),(598,81,19),(599,81,24),(600,81,27),(601,81,23),(602,81,26),(603,81,25),(604,81,21),(605,81,28),(606,82,22),(607,82,20),(608,82,19),(609,82,24),(610,82,27),(611,82,23),(612,82,26),(613,82,25),(614,82,21),(615,82,28),(626,84,22),(627,84,20),(628,84,19),(629,84,24),(630,84,27),(631,84,23),(632,84,26),(633,84,25),(634,84,21),(635,84,28),(636,85,22),(637,85,20),(638,85,19),(639,85,24),(640,85,27),(641,85,23),(642,85,26),(643,85,25),(644,85,21),(645,85,28),(646,86,22),(647,86,20),(648,86,19),(649,86,24),(650,86,27),(651,86,23),(652,86,26),(653,86,25),(654,86,21),(655,86,28),(696,91,22),(697,91,20),(698,91,19),(699,91,24),(700,91,27),(701,91,23),(702,91,26),(703,91,25),(704,91,21),(705,91,28),(726,94,22),(727,94,20),(728,94,19),(729,94,24),(730,94,27),(731,94,23),(732,94,26),(733,94,25),(734,94,21),(735,94,28),(746,96,22),(747,96,20),(748,96,19),(749,96,24),(750,96,27),(751,96,23),(752,96,26),(753,96,25),(754,96,21),(755,96,28),(756,97,22),(757,97,20),(758,97,19),(759,97,24),(760,97,27),(761,97,23),(762,97,26),(763,97,25),(764,97,21),(765,97,28),(766,98,22),(767,98,20),(768,98,19),(769,98,24),(770,98,27),(771,98,23),(772,98,26),(773,98,25),(774,98,21),(775,98,28),(776,99,22),(777,99,20),(778,99,19),(779,99,24),(780,99,27),(781,99,23),(782,99,26),(783,99,25),(784,99,21),(785,99,28),(816,103,22),(817,103,20),(818,103,19),(819,103,24),(820,103,27),(821,103,23),(822,103,26),(823,103,25),(824,103,21),(825,103,28),(826,104,22),(827,104,20),(828,104,19),(829,104,24),(830,104,27),(831,104,23),(832,104,26),(833,104,25),(834,104,21),(835,104,28),(836,105,22),(837,105,20),(838,105,19),(839,105,24),(840,105,27),(841,105,23),(842,105,26),(843,105,25),(844,105,21),(845,105,28),(856,107,22),(857,107,20),(858,107,19),(859,107,24),(860,107,27),(861,107,23),(862,107,26),(863,107,25),(864,107,21),(865,107,28),(876,109,22),(877,109,20),(878,109,19),(879,109,24),(880,109,27),(881,109,23),(882,109,26),(883,109,25),(884,109,21),(885,109,28),(886,110,22),(887,110,20),(888,110,19),(889,110,24),(890,110,27),(891,110,23),(892,110,26),(893,110,25),(894,110,21),(895,110,28),(906,112,20),(907,112,24),(908,112,27),(909,112,23),(910,112,26),(911,112,25),(912,112,21),(913,112,28),(944,116,22),(945,116,20),(946,116,19),(947,116,24),(948,116,27),(949,116,23),(950,116,26),(951,116,25),(952,116,21),(953,116,28),(954,117,22),(955,117,20),(956,117,19),(957,117,24),(958,117,27),(959,117,23),(960,117,26),(961,117,25),(962,117,21),(963,117,28),(964,118,20),(965,118,24),(966,118,27),(967,118,23),(968,118,26),(969,118,25),(970,118,21),(971,118,28),(982,120,22),(983,120,20),(984,120,19),(985,120,24),(986,120,27),(987,120,23),(988,120,26),(989,120,25),(990,120,21),(991,120,28),(992,121,22),(993,121,20),(994,121,19),(995,121,24),(996,121,27),(997,121,23),(998,121,26),(999,121,25),(1000,121,21),(1001,121,28),(1002,122,22),(1003,122,20),(1004,122,19),(1005,122,24),(1006,122,27),(1007,122,23),(1008,122,26),(1009,122,25),(1010,122,21),(1011,122,28),(1012,123,22),(1013,123,20),(1014,123,19),(1015,123,24),(1016,123,27),(1017,123,23),(1018,123,26),(1019,123,25),(1020,123,21),(1021,123,28),(1022,124,22),(1023,124,20),(1024,124,19),(1025,124,24),(1026,124,27),(1027,124,23),(1028,124,26),(1029,124,25),(1030,124,21),(1031,124,28),(1032,125,22),(1033,125,20),(1034,125,19),(1035,125,24),(1036,125,27),(1037,125,23),(1038,125,26),(1039,125,25),(1040,125,21),(1041,125,28),(1042,126,22),(1043,126,20),(1044,126,19),(1045,126,24),(1046,126,27),(1047,126,23),(1048,126,26),(1049,126,25),(1050,126,21),(1051,126,28),(1052,127,22),(1053,127,20),(1054,127,19),(1055,127,24),(1056,127,27),(1057,127,23),(1058,127,26),(1059,127,25),(1060,127,21),(1061,127,28),(1062,128,22),(1063,128,20),(1064,128,19),(1065,128,24),(1066,128,27),(1067,128,23),(1068,128,26),(1069,128,25),(1070,128,21),(1071,128,28),(1092,131,22),(1093,131,20),(1094,131,19),(1095,131,24),(1096,131,27),(1097,131,23),(1098,131,26),(1099,131,25),(1100,131,21),(1101,131,28),(1102,132,22),(1103,132,20),(1104,132,19),(1105,132,24),(1106,132,27),(1107,132,23),(1108,132,26),(1109,132,25),(1110,132,21),(1111,132,28),(1112,133,22),(1113,133,20),(1114,133,19),(1115,133,24),(1116,133,27),(1117,133,23),(1118,133,26),(1119,133,25),(1120,133,21),(1121,133,28),(1122,134,22),(1123,134,20),(1124,134,19),(1125,134,24),(1126,134,27),(1127,134,23),(1128,134,26),(1129,134,25),(1130,134,21),(1131,134,28),(1132,135,22),(1133,135,20),(1134,135,19),(1135,135,24),(1136,135,27),(1137,135,23),(1138,135,26),(1139,135,25),(1140,135,21),(1141,135,28),(1142,136,22),(1143,136,20),(1144,136,19),(1145,136,24),(1146,136,27),(1147,136,23),(1148,136,26),(1149,136,25),(1150,136,21),(1151,136,28),(1182,140,22),(1183,140,20),(1184,140,19),(1185,140,24),(1186,140,27),(1187,140,23),(1188,140,26),(1189,140,25),(1190,140,21),(1191,140,28),(1202,142,22),(1203,142,20),(1204,142,19),(1205,142,24),(1206,142,27),(1207,142,23),(1208,142,26),(1209,142,25),(1210,142,21),(1211,142,28),(1212,143,22),(1213,143,20),(1214,143,19),(1215,143,24),(1216,143,27),(1217,143,23),(1218,143,26),(1219,143,25),(1220,143,21),(1221,143,28),(1222,144,22),(1223,144,20),(1224,144,19),(1225,144,24),(1226,144,27),(1227,144,23),(1228,144,26),(1229,144,25),(1230,144,21),(1231,144,28),(1232,145,22),(1233,145,20),(1234,145,19),(1235,145,24),(1236,145,27),(1237,145,23),(1238,145,26),(1239,145,25),(1240,145,21),(1241,145,28),(1242,146,22),(1243,146,20),(1244,146,19),(1245,146,24),(1246,146,27),(1247,146,23),(1248,146,26),(1249,146,25),(1250,146,21),(1251,146,28),(1252,147,22),(1253,147,20),(1254,147,19),(1255,147,24),(1256,147,27),(1257,147,23),(1258,147,26),(1259,147,25),(1260,147,21),(1261,148,22),(1262,148,20),(1263,148,19),(1264,148,24),(1265,148,27),(1266,148,23),(1267,148,26),(1268,148,25),(1269,148,21),(1270,148,28),(1271,149,22),(1272,149,20),(1273,149,19),(1274,149,24),(1275,149,27),(1276,149,23),(1277,149,26),(1278,149,25),(1279,149,21),(1280,149,28),(1281,150,22),(1282,150,20),(1283,150,19),(1284,150,24),(1285,150,27),(1286,150,23),(1287,150,26),(1288,150,25),(1289,150,21),(1290,150,28),(1291,151,22),(1292,151,20),(1293,151,19),(1294,151,24),(1295,151,27),(1296,151,23),(1297,151,26),(1298,151,25),(1299,151,21),(1300,151,28),(1301,152,22),(1302,152,20),(1303,152,19),(1304,152,24),(1305,152,27),(1306,152,23),(1307,152,26),(1308,152,25),(1309,152,21),(1310,152,28),(1311,153,22),(1312,153,20),(1313,153,19),(1314,153,24),(1315,153,27),(1316,153,23),(1317,153,26),(1318,153,25),(1319,153,21),(1320,153,28),(1321,154,22),(1322,154,20),(1323,154,19),(1324,154,24),(1325,154,27),(1326,154,23),(1327,154,26),(1328,154,25),(1329,154,21),(1330,154,28),(1340,156,22),(1341,156,20),(1342,156,19),(1343,156,24),(1344,156,27),(1345,156,23),(1346,156,26),(1347,156,25),(1348,156,21),(1349,156,28),(1350,157,22),(1351,157,20),(1352,157,19),(1353,157,24),(1354,157,27),(1355,157,23),(1356,157,26),(1357,157,25),(1358,157,21),(1359,157,28),(1360,158,22),(1361,158,20),(1362,158,19),(1363,158,24),(1364,158,27),(1365,158,23),(1366,158,26),(1367,158,25),(1368,158,21),(1369,158,28),(1417,164,22),(1418,164,20),(1419,164,19),(1420,164,24),(1421,164,27),(1422,164,23),(1423,164,26),(1424,164,25),(1425,164,21),(1426,164,28),(1427,165,22),(1428,165,20),(1429,165,19),(1430,165,24),(1431,165,27),(1432,165,23),(1433,165,26),(1434,165,25),(1435,165,21),(1436,165,28),(1437,166,20),(1438,166,24),(1439,166,27),(1440,166,23),(1441,166,26),(1442,166,25),(1443,166,21),(1444,166,28),(1445,167,22),(1446,167,20),(1447,167,19),(1448,167,24),(1449,167,27),(1450,167,23),(1451,167,26),(1452,167,25),(1453,167,21),(1454,167,28),(1455,168,22),(1456,168,20),(1457,168,19),(1458,168,24),(1459,168,27),(1460,168,23),(1461,168,26),(1462,168,25),(1463,168,21),(1464,168,28),(1465,169,22),(1466,169,20),(1467,169,19),(1468,169,24),(1469,169,27),(1470,169,23),(1471,169,26),(1472,169,25),(1473,169,21),(1474,169,28),(1475,170,22),(1476,170,20),(1477,170,19),(1478,170,24),(1479,170,27),(1480,170,23),(1481,170,26),(1482,170,25),(1483,170,21),(1484,170,28),(1505,173,22),(1506,173,20),(1507,173,19),(1508,173,24),(1509,173,27),(1510,173,23),(1511,173,26),(1512,173,25),(1513,173,21),(1514,173,28),(1515,174,22),(1516,174,20),(1517,174,19),(1518,174,24),(1519,174,27),(1520,174,23),(1521,174,26),(1522,174,25),(1523,174,21),(1524,174,28),(1535,176,22),(1536,176,20),(1537,176,19),(1538,176,24),(1539,176,27),(1540,176,23),(1541,176,26),(1542,176,25),(1543,176,21),(1544,176,28);
/*!40000 ALTER TABLE `tourney_set` ENABLE KEYS */;
UNLOCK TABLES;

--
-- Table structure for table `tourney_venue`
--

DROP TABLE IF EXISTS `tourney_venue`;
/*!40101 SET @saved_cs_client     = @@character_set_client */;
/*!40101 SET character_set_client = utf8 */;
CREATE TABLE `tourney_venue` (
  `id` int(11) NOT NULL AUTO_INCREMENT,
  `tourney_id` int(11) DEFAULT NULL,
  `country` varchar(128) DEFAULT NULL,
  `state` varchar(128) DEFAULT NULL,
  `city` varchar(128) DEFAULT NULL,
  `venue` varchar(128) DEFAULT NULL,
  PRIMARY KEY (`id`),
  KEY `tourney_id` (`tourney_id`),
  CONSTRAINT `tourney_venue_ibfk_1` FOREIGN KEY (`tourney_id`) REFERENCES `tourney` (`id`)
) ENGINE=InnoDB AUTO_INCREMENT=145 DEFAULT CHARSET=latin1;
/*!40101 SET character_set_client = @saved_cs_client */;

--
-- Dumping data for table `tourney_venue`
--

LOCK TABLES `tourney_venue` WRITE;
/*!40000 ALTER TABLE `tourney_venue` DISABLE KEYS */;
INSERT INTO `tourney_venue` VALUES (1,1,'United States of America','Minnesota','Roseville','Fantasy Flight Games Center'),(2,2,'United States of America','Minnesota','Roseville','Fantasy Flight Games Center'),(7,28,'Canada','Quebec','Quebec City','boutique donjon'),(11,32,'United States of America','Kansas','Kansas City','Vassal'),(12,33,'United States of America','California','Alameda','D20 Games'),(15,37,'Portugal','Lisboa','Lisboa','Kult Games'),(19,43,'Brazil','Pernambuco','Recife','Paco Alfandega'),(23,53,'United States of America','Illinois','Chicago','Dice Dojo'),(25,55,'Brazil','Pernambuco','Recife','Paco Alfandega'),(26,56,'United States of America','Georgia','Alpharetta','FCB Comics and Games'),(27,58,'Germany','Bayern','Schesslitz','Dartheim Wild Hornets'),(28,59,'Canada','Ontario','Ottawa','Kessel Run Games'),(30,63,'United States of America','Virginia','Chesapeake','Tower of Games'),(31,64,'United States of America','California','San Diego','At Ease Games'),(32,65,'United States of America','Virginia','Chantilly','Game Parlor'),(46,79,'Portugal','Lisboa','Lisboa','Kult Games'),(47,80,'United States of America','Kansas','Kansas City','Vassal'),(48,81,'United States of America','Massachusetts','Plainville','Battleground Games & Hobbies'),(49,82,'United States of America','Missouri','Independence','The Game Cafe'),(51,84,'Canada','Nova Scotia','Halifax','Board Room Game Cafe'),(52,85,'United States of America','Florida','Palm Bay','Dogs of War'),(53,86,'Singapore','Singapore','Singapore','Funan IT Mall'),(58,91,'United States of America','Michigan','Grand Rapids','Big Kidz Games'),(61,94,'United States of America','South Carolina','Greenville','Borderlands Comics and Games'),(63,96,'United States of America','Hawaii','Kapolei','Kapolei High School'),(64,97,'United States of America','Pennsylvania','Pittsburgh','Phantom of the Attic'),(65,98,'United States of America','New Jersey','Pitman','All the King\'s Men'),(66,99,'United States of America','Illinois','Grayslake','Unique gifts and games'),(70,103,'Poland','Wielkopolskie','Poznan','CUBE'),(71,104,'Poland','Wielkopolskie','Poznan','CUBE'),(72,105,'Canada','Ontario','London','L.A. Mood'),(74,107,'United States of America','Virginia','Ashburn','Huzzah Hobbies'),(76,109,'United States of America','Kansas','Kansas City','Vassal'),(77,110,'United States of America','Kansas','Kansas City','Vassal'),(79,112,'United States of America','Indiana','Fort Wayne','The Game Annex'),(83,116,'United States of America','Ohio','Toledo','Checkmate Games'),(84,117,'United States of America','Virginia','Fairfax','Comics and Gaming, Fairfax'),(85,118,'Brazil','Pernambuco','Recife','Fenix Comic Shop'),(87,120,'Canada','Quebec','Ville de Quebec','Boutique le Donjon'),(88,121,'United States of America','Ohio','Cuyahoga Falls','Underhill\'s Games'),(89,122,'Canada','Ontario','Toronto','Hairy Tarantula North'),(90,123,'United States of America','Pennsylvania','Lemoyne','That Game Place'),(91,124,'United States of America','Pennsylvania','Jenkintown','7th Dimension Games'),(92,125,'United States of America','Pennsylvania','Jenkintown','7th Dimension Games'),(93,126,'United States of America','California','Montclair','The Monstore'),(94,127,'United States of America','Illinois','Plainfield','Wandering Dragon'),(95,128,'United States of America','Massachusetts','Rehoboth','Rivendell Books & Games'),(98,131,'Canada','Ontario','Waterloo','Just By Chance Games'),(99,132,'United States of America','Idaho','Mountain Home','Wondertrail'),(100,133,'United States of America','California','RIDGECREST','Just Imagine'),(101,134,'United States of America','Washington','Redmond','Uncle\'s Games (Redmond)'),(102,135,'Australia','New South Wales','Sydney','Good Games Town Hall'),(103,136,'United States of America','Utah','Salt Lake City','Epic Puzzles and Games'),(107,140,'Australia','New South Wales','Sydney','Unknown'),(109,142,'United States of America','Kansas','Kansas City','Vassal'),(110,143,'Canada','Ontario','Ottawa','Kessel Run'),(111,144,'United States of America','California','San Diego','At Ease Games'),(112,145,'Singapore','Singapore','Singapore','BattleBunker'),(113,146,'France','Centre','Paris','Issy les Moulineaux'),(114,147,'United States of America','California','Hillmar','Hillmar'),(115,148,'United States of America','Minnesota','Belleview','FFG '),(116,149,'United States of America','Michigan','Wixome','Flat Land Games'),(117,150,'United States of America','Montana','Great Falls','Great Falls'),(118,151,'United States of America','New York','Rochester','Millennium Games'),(119,152,'Canada','Nova Scotia','Hallifax','Monster Comics'),(120,153,'United Kingdom','Essex','Essen','Marquee Models'),(121,154,'Canada','Ontario','Waterloo','Just Chance Games'),(123,156,'United Kingdom','Lincolnshire','London','Dark Sphere'),(124,157,'United States of America','Michigan','Holt','AFK Games'),(125,158,'Canada','British Columbia','Vancouver','Strategies Games & Hobbies'),(131,164,'United States of America','North Carolina','Asheville','The Wyvern\'s Tale'),(132,165,'United States of America','Kentucky','Murray','Dragon\'s Hoard Gaming'),(133,166,'United States of America','Virginia','Chesapeake','Tower of Games'),(134,167,'United States of America','Vermont','Burlington','Quarterstaff Games'),(135,168,'United States of America','Minnesota','Cambridge','Gamer\'s Den'),(136,169,'United Kingdom','Hampshire','Portsmouth','Havant Leisure Centre'),(137,170,'Australia','New South Wales','Sydney','Good Games Town Hall'),(140,173,'United States of America','Kansas','Kansas City','Ricky\'s Mom\'s Basement'),(141,174,'United States of America','California','Concord','Black Diamond Games'),(142,175,'United States of America','Washington','Vancouver','Dice Age Games'),(143,176,'United Kingdom','Reading','Reading','Eclectic Games');
/*!40000 ALTER TABLE `tourney_venue` ENABLE KEYS */;
UNLOCK TABLES;

--
-- Table structure for table `upgrade`
--

DROP TABLE IF EXISTS `upgrade`;
/*!40101 SET @saved_cs_client     = @@character_set_client */;
/*!40101 SET character_set_client = utf8 */;
CREATE TABLE `upgrade` (
  `id` int(11) NOT NULL AUTO_INCREMENT,
  `upgrade_type` enum('bomb','turret','cannon','amd','system','crew','mod','title','ept','torpedo','missile','samd','illicit') DEFAULT NULL,
  `name` varchar(128) DEFAULT NULL,
  `cost` int(11) DEFAULT NULL,
  `canon_name` varchar(128) DEFAULT NULL,
  PRIMARY KEY (`id`)
) ENGINE=InnoDB AUTO_INCREMENT=144 DEFAULT CHARSET=utf8;
/*!40101 SET character_set_client = @saved_cs_client */;

--
-- Dumping data for table `upgrade`
--

LOCK TABLES `upgrade` WRITE;
/*!40000 ALTER TABLE `upgrade` DISABLE KEYS */;
INSERT INTO `upgrade` VALUES (1,'amd','R2 Astromech',1,'r2astromech'),(2,'amd','R5 Astromech',1,'r5astromech'),(3,'amd','R4-D6',1,'r4d6'),(4,'amd','R5-K6',2,'r5k6'),(5,'amd','R3-A2',2,'r3a2'),(6,'amd','R7 Astromech',2,'r7astromech'),(7,'amd','R2-F2',3,'r2f2'),(8,'amd','R5-D8',3,'r5d8'),(9,'amd','R5-P9',3,'r5p9'),(10,'amd','R7-T1',3,'r7t1'),(11,'amd','R2-D6',1,'r2d6'),(12,'amd','R2-D2',4,'r2d2'),(13,'turret','Blaster Turret',4,'blasterturret'),(14,'turret','Ion Cannon Turret',5,'ioncannonturret'),(15,'system','Enhanced Scopes',1,'enhancedscopes'),(16,'system','Fire-Control System',2,'firecontrolsystem'),(17,'system','Advanced Sensors',3,'advancedsensors'),(18,'system','Sensor Jammer',4,'sensorjammer'),(19,'crew','Intelligence Agent',1,'intelligenceagent'),(20,'crew','Mercenary Copilot',2,'mercenarycopilot'),(21,'crew','Saboteur',2,'saboteur'),(22,'crew','Tactician',2,'tactician'),(23,'crew','Weapons Engineer',3,'weaponsengineer'),(24,'crew','Recon Specialist',3,'reconspecialist'),(25,'crew','Navigator',3,'navigator'),(26,'crew','Flight Instructor',4,'flightinstructor'),(27,'crew','Gunner',5,'gunner'),(28,'crew','Nien Nunb',1,'niennunb'),(29,'crew','Han Solo',2,'hansolo'),(30,'crew','Jan Ors',2,'janors'),(31,'crew','Dash Rendar',2,'dashrendar'),(32,'crew','Leebo',2,'leebo'),(33,'crew','C-3PO',3,'c3po'),(34,'crew','Kyle Katarn',3,'kylekatarn'),(35,'crew','Lando Calrissian',3,'landocalrissian'),(36,'crew','Chewbacca',4,'chewbacca'),(37,'crew','Leia Organa',4,'leiaorgana'),(38,'crew','R2-D2',4,'r2d2'),(39,'crew','Luke Skywalker',7,'lukeskywalker'),(40,'crew','Moff Jerjerrod',2,'moffjerjerrod'),(41,'crew','Darth Vader',3,'darthvader'),(42,'crew','Rebel Captive',3,'rebelcaptive'),(43,'crew','Fleet Officer',3,'fleetofficer'),(44,'crew','Mara Jade',3,'marajade'),(45,'crew','Ysanne Isard',4,'ysanneisard'),(46,'mod','Munitions Failsafe',1,'munitionsfailsafe'),(47,'mod','Tactical Jammer',1,'tacticaljammer'),(48,'mod','Targeting Computer',2,'targetingcomputer'),(49,'mod','Anti-Pursuit Lasers',2,'antipursuitlasers'),(50,'mod','Stygium Particle Accelerator',2,'stygiumparticleaccelerator'),(51,'mod','Advanced Cloaking Device',4,'advancedcloakingdevice'),(52,'mod','Experimental Interface',3,'experimentalinterface'),(53,'mod','bwing/E2',1,'bwinge2'),(54,'mod','Stealth Device',3,'stealthdevice'),(55,'mod','Hull Upgrade',3,'hullupgrade'),(56,'mod','Shield Upgrade',4,'shieldupgrade'),(57,'mod','Counter-Measures',3,'countermeasures'),(58,'mod','Engine Upgrade',4,'engineupgrade'),(59,'ept','Adrenaline Rush',1,'adrenalinerush'),(60,'ept','Deadeye',1,'deadeye'),(61,'ept','Determination',1,'determination'),(62,'ept','Draw Their Fire',1,'drawtheirfire'),(63,'ept','Veteran Instincts',1,'veteraninstincts'),(64,'ept','Swarm Tactics',2,'swarmtactics'),(65,'ept','Squad Leader',2,'squadleader'),(66,'ept','Expert Handling',2,'experthandling'),(67,'ept','Elusiveness',2,'elusiveness'),(68,'ept','Wingman',2,'wingman'),(69,'ept','Decoy',2,'decoy'),(70,'ept','Lone Wolf',2,'lonewolf'),(71,'ept','Stay on Target',2,'stayontarget'),(72,'ept','Intimidation',2,'intimidation'),(73,'ept','Push the Limit',3,'pushthelimit'),(74,'ept','Marksmanship',3,'marksmanship'),(75,'ept','Daredevil',3,'daredevil'),(76,'ept','Outmaneuver',3,'outmaneuver'),(77,'ept','Predator',3,'predator'),(78,'ept','Ruthlessness',3,'ruthlessness'),(79,'ept','Expose',4,'expose'),(80,'ept','Opportunist',4,'opportunist'),(81,'torpedo','Flechette Torpedoes',2,'flechettetorpedoes'),(82,'torpedo','Proton Torpedos',4,'protontorpedos'),(83,'torpedo','Ion Torpedoes',5,'iontorpedoes'),(84,'torpedo','Advanced Proton Torpedoes',6,'advancedprotontorpedoes'),(85,'bomb','Seismic Charges',2,'seismiccharges'),(86,'bomb','Proximity Mines',3,'proximitymines'),(87,'bomb','Proton Bombs',5,'protonbombs'),(88,'cannon','Ion Cannon',3,'ioncannon'),(89,'cannon','AutoBlaster',5,'autoblaster'),(90,'cannon','Heavy Laser Cannon',7,'heavylasercannon'),(91,'title','Slave 1',0,'slave1'),(92,'title','Royal Guard TIE',0,'royalguardtie'),(93,'title','awing Test Pilot',0,'awingtestpilot'),(94,'title','Millennium Falcon',1,'millenniumfalcon'),(95,'title','Dauntless',2,'dauntless'),(96,'title','Moldy Crow',3,'moldycrow'),(97,'title','ST-321',3,'st321'),(98,'title','Outrider',5,'outrider'),(99,'missile','Chardaan Refit',-2,'chardaanrefit'),(100,'missile','Ion Pulse Missiles',3,'ionpulsemissiles'),(101,'missile','Proton Rockets',3,'protonrockets'),(102,'missile','Concussion Missiles',4,'concussionmissiles'),(103,'missile','Cluster Missiles',4,'clustermissiles'),(104,'missile','Assault Missiles',5,'assaultmissiles'),(105,'missile','Homing Missiles',5,'homingmissiles'),(106,'ept','Predator',3,'predator'),(107,'title','Millennium Falcon',1,'millenniumfalcon'),(108,'mod','Engine Upgrade',4,'engineupgrade'),(109,'crew','C-3PO',3,'c3po'),(110,'crew','Gunner',5,'gunner'),(111,'ept','Push the Limit',3,'pushthelimit'),(112,'mod','Hull Upgrade',2,'hullupgrade'),(113,'ept','Veteran Instincts',1,'veteraninstincts'),(114,'crew','Intelligence Agent',1,'intelligenceagent'),(115,'system','Fire-Control System',2,'firecontrolsystem'),(116,'mod','Advanced Cloaking Device',4,'advancedcloakingdevice'),(117,'ept','Veteran Instincts',1,'veteraninstincts'),(118,'amd','R2-D2',4,'r2d2'),(119,'ept','Opportunist',4,'opportunist'),(120,'ept','Predator',3,'predator'),(121,'amd','R3-A2',2,'r3a2'),(122,'ept','Veteran Instincts',1,'veteraninstincts'),(123,'mod','Autothrusters',2,'autothrusters'),(124,'samd','Genius',0,'genius'),(125,'samd','R4 Agromech',2,'r4agromech'),(126,'samd','R4-B11',3,'r4b11'),(127,'samd','Salvaged Astromech',2,'salvagedastromech'),(128,'samd','Unhinged Astromech',1,'unhingedastromech'),(129,'illicit','Hot Shot Blaster',3,'hotshotblaster'),(130,'illicit','Dead Mans Switch',2,'deadmansswitch'),(131,'illicit','Feedback Array',2,'feedbackarray'),(132,'illicit','Inertial Dampeners',1,'inertialdampeners'),(133,'title','IG-2000',0,'ig2000'),(134,'title','BTL-A4 Y-Wing',0,'btla4ywing'),(135,'title','Andrasta',0,'andrasta'),(136,'torpedo','Bomb Loadout',0,'bombloadout'),(137,'title','Virago',1,'virago'),(138,'system','Advanced Targetting Computer',5,'advancedtargetingcomputer'),(139,'title','TIE/x1',0,'tiex1'),(140,'cannon','Mangler Cannon',4,'manglercannon'),(141,'system','Accuracy Corrector',3,'accuracycorrector'),(142,'turret','Autoblaster Turret',2,'autoblasterturret'),(143,'crew','K4 Security Droid',3,'k4securitydroid');
/*!40000 ALTER TABLE `upgrade` ENABLE KEYS */;
UNLOCK TABLES;

--
-- Table structure for table `xwing_set`
--

DROP TABLE IF EXISTS `xwing_set`;
/*!40101 SET @saved_cs_client     = @@character_set_client */;
/*!40101 SET character_set_client = utf8 */;
CREATE TABLE `xwing_set` (
  `id` int(11) NOT NULL AUTO_INCREMENT,
  `set_name` varchar(128) DEFAULT NULL,
  PRIMARY KEY (`id`)
) ENGINE=InnoDB AUTO_INCREMENT=29 DEFAULT CHARSET=latin1;
/*!40101 SET character_set_client = @saved_cs_client */;

--
-- Dumping data for table `xwing_set`
--

LOCK TABLES `xwing_set` WRITE;
/*!40000 ALTER TABLE `xwing_set` DISABLE KEYS */;
INSERT INTO `xwing_set` VALUES (19,'GR-75 Expansion'),(20,'Core Set'),(21,'Wave 4'),(22,'CR90 Expansion'),(23,'Wave 1'),(24,'Imperial Aces Expansion'),(25,'Wave 3'),(26,'Wave 2'),(27,'Rebel Aces Expansion'),(28,'Wave 5');
/*!40000 ALTER TABLE `xwing_set` ENABLE KEYS */;
UNLOCK TABLES;
/*!40103 SET TIME_ZONE=@OLD_TIME_ZONE */;

/*!40101 SET SQL_MODE=@OLD_SQL_MODE */;
/*!40014 SET FOREIGN_KEY_CHECKS=@OLD_FOREIGN_KEY_CHECKS */;
/*!40014 SET UNIQUE_CHECKS=@OLD_UNIQUE_CHECKS */;
/*!40101 SET CHARACTER_SET_CLIENT=@OLD_CHARACTER_SET_CLIENT */;
/*!40101 SET CHARACTER_SET_RESULTS=@OLD_CHARACTER_SET_RESULTS */;
/*!40101 SET COLLATION_CONNECTION=@OLD_COLLATION_CONNECTION */;
/*!40111 SET SQL_NOTES=@OLD_SQL_NOTES */;

-- Dump completed on 2015-02-13  5:05:02
